datetime,action,symbol,price,qty,order_type,obi,cvd,micro_price,pnl,status,detail
2026-02-20T10:19:46.601806+09:00,BUY_ENTRY,5016,3385.0,100,limit,0.7895,124700,3384.9,,FAIL,"{""Code"": 4002004, ""Message"": ""トリガチェックエラー - 詳細はkabuSログファイルを確認してください""}"
2026-02-20T10:19:47.410898+09:00,BUY_ENTRY,5016,3385.0,100,limit,0.7778,130100,3384.9,,FAIL,"{""Code"": 4002004, ""Message"": ""トリガチェックエラー - 詳細はkabuSログファイルを確認してください""}"
2026-02-20T10:19:54.061700+09:00,BUY_ENTRY,7013,4353.0,100,limit,0.9444,215300,4353.0,,FAIL,"{""Code"": 4002004, ""Message"": ""トリガチェックエラー - 詳細はkabuSログファイルを確認してください""}"
2026-02-20T10:19:54.130134+09:00,BUY_ENTRY,7013,4353.0,100,limit,0.9444,218700,4353.0,,FAIL,"{""Code"": 4002004, ""Message"": ""トリガチェックエラー - 詳細はkabuSログファイルを確認してください""}"
2026-02-20T10:20:02.057015+09:00,BUY_ENTRY,3103,1260.0,100,limit,0.8571,61600,1260.9,,FAIL,"{""Code"": 4002004, ""Message"": ""トリガチェックエラー - 詳細はkabuSログファイルを確認してください""}"
2026-02-20T10:20:32.140082+09:00,BUY_ENTRY,9984,4303.0,100,limit,0.5833,375500,4302.8,,OK,"{""Result"": 0, ""OrderId"": ""20260220A02N49675614""}"
2026-02-20T10:20:36.237688+09:00,CLOSE_SIGNAL,9984,4301.0,100,limit,,,,-200,OK,"{""Result"": 0, ""OrderId"": ""20260220A02N49675620""}"
2026-02-20T10:20:51.377637+09:00,BUY_ENTRY,4005,568.5,100,limit,0.8000,1580200,568.5,,OK,"{""Result"": 0, ""OrderId"": ""20260220A02N49675650""}"
2026-02-20T10:20:52.817058+09:00,CLOSE_SIGNAL,4005,568.4,100,limit,,,,-10,OK,"{""Result"": 0, ""OrderId"": ""20260220A02N49675653""}"
2026-02-20T10:20:52.890810+09:00,BUY_ENTRY,7013,4360.0,100,limit,0.8122,390900,4361.8,,FAIL,"{""Code"": 4002004, ""Message"": ""トリガチェックエラー - 詳細はkabuSログファイルを確認してください""}"
2026-02-20T10:20:52.959816+09:00,BUY_ENTRY,7013,4362.0,100,limit,0.8122,408200,4361.8,,FAIL,"{""Code"": 4002004, ""Message"": ""トリガチェックエラー - 詳細はkabuSログファイルを確認してください""}"
2026-02-20T10:20:53.004478+09:00,BUY_ENTRY,7013,4363.0,100,limit,0.8122,425500,4361.8,,FAIL,"{""Code"": 4002004, ""Message"": ""トリガチェックエラー - 詳細はkabuSログファイルを確認してください""}"
2026-02-20T10:21:18.394374+09:00,BUY_ENTRY,7013,4355.0,100,limit,0.4667,652500,4357.7,,FAIL,"{""Code"": 4002004, ""Message"": ""トリガチェックエラー - 詳細はkabuSログファイルを確認してください""}"
2026-02-20T10:21:18.520619+09:00,BUY_ENTRY,7013,4358.0,100,limit,0.4667,653200,4357.7,,FAIL,"{""Code"": 4002004, ""Message"": ""トリガチェックエラー - 詳細はkabuSログファイルを確認してください""}"
2026-02-20T10:21:18.552190+09:00,BUY_ENTRY,7013,4358.0,100,limit,0.4667,653900,4357.7,,FAIL,"{""Code"": 4002004, ""Message"": ""トリガチェックエラー - 詳細はkabuSログファイルを確認してください""}"
2026-02-20T10:21:45.599546+09:00,BUY_ENTRY,7013,4362.0,100,limit,0.7778,655300,4361.9,,FAIL,"{""Code"": 4002004, ""Message"": ""トリガチェックエラー - 詳細はkabuSログファイルを確認してください""}"
2026-02-20T10:21:45.743448+09:00,BUY_ENTRY,7013,4362.0,100,limit,0.7778,656000,4361.9,,FAIL,"{""Code"": 4002004, ""Message"": ""トリガチェックエラー - 詳細はkabuSログファイルを確認してください""}"
2026-02-20T10:21:56.439955+09:00,BUY_ENTRY,7013,4361.0,100,limit,0.8095,472800,4360.9,,FAIL,"{""Code"": 4002004, ""Message"": ""トリガチェックエラー - 詳細はkabuSログファイルを確認してください""}"
2026-02-20T10:22:12.476693+09:00,BUY_ENTRY,7013,4356.0,100,limit,0.9062,495600,4356.0,,FAIL,"{""Code"": 4002004, ""Message"": ""トリガチェックエラー - 詳細はkabuSログファイルを確認してください""}"
2026-02-20T10:22:12.516863+09:00,BUY_ENTRY,7013,4356.0,100,limit,0.9062,501400,4356.0,,FAIL,"{""Code"": 4002004, ""Message"": ""トリガチェックエラー - 詳細はkabuSログファイルを確認してください""}"
2026-02-20T10:22:15.900211+09:00,BUY_ENTRY,9984,4302.0,100,limit,0.9459,437700,4301.0,,OK,"{""Result"": 0, ""OrderId"": ""20260220A02N49675742""}"
2026-02-20T10:22:16.357559+09:00,CLOSE_SIGNAL,9984,4301.0,100,limit,,,,-100,OK,"{""Result"": 0, ""OrderId"": ""20260220A02N49675745""}"
2026-02-20T10:23:10.614782+09:00,BUY_ENTRY,7013,4359.0,100,limit,0.9091,419900,4359.0,,FAIL,"{""Code"": 4002004, ""Message"": ""トリガチェックエラー - 詳細はkabuSログファイルを確認してください""}"
2026-02-20T10:23:10.662302+09:00,BUY_ENTRY,7013,4359.0,100,limit,0.9091,423900,4359.0,,FAIL,"{""Code"": 4002004, ""Message"": ""トリガチェックエラー - 詳細はkabuSログファイルを確認してください""}"
2026-02-20T10:24:31.949081+09:00,BUY_ENTRY,4506,2594.0,100,limit,0.8333,288700,2594.0,,OK,"{""Result"": 0, ""OrderId"": ""20260220A02N49675940""}"
2026-02-20T10:24:32.041958+09:00,CLOSE_SIGNAL,4506,2595.0,100,limit,,,,100,FAIL,"{""Code"": 1009001, ""Message"": ""建玉が選択されていません。""}"
2026-02-20T10:24:35.094359+09:00,BUY_ENTRY,7013,4349.0,100,limit,0.8065,471900,4349.9,,FAIL,"{""Code"": 21, ""Message"": ""可能額が不足しております。ご注文内容をご確認ください""}"
2026-02-20T10:24:35.468252+09:00,BUY_ENTRY,7013,4349.0,100,limit,0.8065,474400,4349.9,,FAIL,"{""Code"": 21, ""Message"": ""可能額が不足しております。ご注文内容をご確認ください""}"
2026-02-20T10:24:40.571394+09:00,BUY_ENTRY,7013,4350.0,100,limit,0.9310,468800,4351.0,,FAIL,"{""Code"": 21, ""Message"": ""可能額が不足しております。ご注文内容をご確認ください""}"
2026-02-20T10:24:48.099813+09:00,BUY_ENTRY,9501,696.3,100,limit,0.5500,236500,696.3,,OK,"{""Result"": 0, ""OrderId"": ""20260220A02N49675957""}"
2026-02-20T10:24:55.623663+09:00,CLOSE_SIGNAL,9501,696.3,100,limit,,,,0,OK,"{""Result"": 0, ""OrderId"": ""20260220A02N49675969""}"
2026-02-20T10:24:56.038070+09:00,BUY_ENTRY,7013,4352.0,100,limit,0.6786,450300,4351.7,,FAIL,"{""Code"": 21, ""Message"": ""可能額が不足しております。ご注文内容をご確認ください""}"
2026-02-20T10:24:56.572991+09:00,BUY_ENTRY,7013,4351.0,100,limit,0.6786,454100,4351.7,,FAIL,"{""Code"": 21, ""Message"": ""可能額が不足しております。ご注文内容をご確認ください""}"
2026-02-20T10:24:57.110281+09:00,BUY_ENTRY,7013,4351.0,100,limit,0.6786,457900,4351.7,,FAIL,"{""Code"": 21, ""Message"": ""可能額が不足しております。ご注文内容をご確認ください""}"
2026-02-20T10:24:59.749853+09:00,BUY_ENTRY,7013,4353.0,100,limit,0.9048,460400,4353.0,,FAIL,"{""Code"": 21, ""Message"": ""可能額が不足しております。ご注文内容をご確認ください""}"
2026-02-20T10:25:00.241768+09:00,BUY_ENTRY,7013,4353.0,100,limit,0.9048,462300,4353.0,,FAIL,"{""Code"": 21, ""Message"": ""可能額が不足しております。ご注文内容をご確認ください""}"
2026-02-20T10:26:30.652494+09:00,BUY_ENTRY,7013,4365.0,100,limit,0.3333,531500,4364.7,,FAIL,"{""Code"": 21, ""Message"": ""可能額が不足しております。ご注文内容をご確認ください""}"
2026-02-20T10:26:31.084969+09:00,BUY_ENTRY,7013,4365.0,100,limit,0.2000,531700,4364.6,,FAIL,"{""Code"": 21, ""Message"": ""可能額が不足しております。ご注文内容をご確認ください""}"
2026-02-20T10:26:31.512383+09:00,BUY_ENTRY,7013,4365.0,100,limit,0.2727,532000,4364.6,,FAIL,"{""Code"": 21, ""Message"": ""可能額が不足しております。ご注文内容をご確認ください""}"
2026-02-20T10:26:31.868932+09:00,BUY_ENTRY,7013,4364.0,100,limit,0.2727,532300,4364.6,,FAIL,"{""Code"": 21, ""Message"": ""可能額が不足しております。ご注文内容をご確認ください""}"
2026-02-20T10:26:32.245773+09:00,BUY_ENTRY,7013,4364.0,100,limit,0.3333,532900,4364.7,,FAIL,"{""Code"": 21, ""Message"": ""可能額が不足しております。ご注文内容をご確認ください""}"
2026-02-20T10:26:32.975962+09:00,BUY_ENTRY,7013,4364.0,100,limit,0.6000,533900,4363.8,,FAIL,"{""Code"": 21, ""Message"": ""可能額が不足しております。ご注文内容をご確認ください""}"
2026-02-20T10:26:33.508690+09:00,BUY_ENTRY,7013,4364.0,100,limit,0.6190,535200,4363.8,,FAIL,"{""Code"": 21, ""Message"": ""可能額が不足しております。ご注文内容をご確認ください""}"
2026-02-20T10:26:33.885658+09:00,BUY_ENTRY,7013,4364.0,100,limit,0.6190,536500,4363.8,,FAIL,"{""Code"": 21, ""Message"": ""可能額が不足しております。ご注文内容をご確認ください""}"
2026-02-20T10:26:34.344968+09:00,BUY_ENTRY,7013,4364.0,100,limit,0.6190,537800,4363.8,,FAIL,"{""Code"": 21, ""Message"": ""可能額が不足しております。ご注文内容をご確認ください""}"
2026-02-20T10:26:34.768364+09:00,BUY_ENTRY,7013,4364.0,100,limit,0.7000,540500,4363.9,,FAIL,"{""Code"": 21, ""Message"": ""可能額が不足しております。ご注文内容をご確認ください""}"
2026-02-20T10:26:40.402719+09:00,BUY_ENTRY,4506,2559.0,100,limit,0.7143,257600,2559.8,,OK,"{""Result"": 0, ""OrderId"": ""20260220A02N49707102""}"
2026-02-20T10:26:41.681223+09:00,CLOSE_SIGNAL,4506,2560.0,100,limit,,,,100,OK,"{""Result"": 0, ""OrderId"": ""20260220A02N49707106""}"
2026-02-20T10:26:59.947606+09:00,BUY_ENTRY,7013,4365.0,100,limit,0.9000,552100,4364.9,,FAIL,"{""Code"": 21, ""Message"": ""可能額が不足しております。ご注文内容をご確認ください""}"
2026-02-20T10:27:21.679969+09:00,BUY_ENTRY,4506,2560.0,100,limit,0.8873,20000,2560.5,,OK,"{""Result"": 0, ""OrderId"": ""20260220A02N49707161""}"
2026-02-20T10:27:23.926854+09:00,CLOSE_SIGNAL,4506,2556.0,100,limit,,,,-400,OK,"{""Result"": 0, ""OrderId"": ""20260220A02N49707166""}"
2026-02-20T10:27:27.530819+09:00,BUY_ENTRY,4506,2552.5,100,limit,0.7500,8400,2552.9,,OK,"{""Result"": 0, ""OrderId"": ""20260220A02N49707171""}"
2026-02-20T10:27:28.432196+09:00,CLOSE_SIGNAL,4506,2553.0,100,limit,,,,50,OK,"{""Result"": 0, ""OrderId"": ""20260220A02N49707174""}"
2026-02-20T10:27:30.077919+09:00,BUY_ENTRY,4506,2549.5,100,limit,0.9412,600,2551.0,,OK,"{""Result"": 0, ""OrderId"": ""20260220A02N49707181""}"
2026-02-20T10:27:32.074785+09:00,CLOSE_SIGNAL,4506,2550.5,100,limit,,,,100,OK,"{""Result"": 0, ""OrderId"": ""20260220A02N49707185""}"
2026-02-20T10:27:51.202781+09:00,BUY_ENTRY,7013,4363.0,100,limit,0.6364,667300,4362.8,,FAIL,"{""Code"": 21, ""Message"": ""可能額が不足しております。ご注文内容をご確認ください""}"
2026-02-20T10:27:51.646487+09:00,BUY_ENTRY,7013,4363.0,100,limit,0.6364,669400,4362.8,,FAIL,"{""Code"": 21, ""Message"": ""可能額が不足しております。ご注文内容をご確認ください""}"
2026-02-20T10:27:52.047355+09:00,BUY_ENTRY,7013,4363.0,100,limit,0.6364,671500,4362.8,,FAIL,"{""Code"": 21, ""Message"": ""可能額が不足しております。ご注文内容をご確認ください""}"
2026-02-20T10:27:52.522095+09:00,BUY_ENTRY,7013,4363.0,100,limit,0.6364,673600,4362.8,,FAIL,"{""Code"": 21, ""Message"": ""可能額が不足しております。ご注文内容をご確認ください""}"
2026-02-20T10:27:52.934351+09:00,BUY_ENTRY,7013,4363.0,100,limit,0.7419,675900,4362.9,,FAIL,"{""Code"": 21, ""Message"": ""可能額が不足しております。ご注文内容をご確認ください""}"
2026-02-20T10:27:53.313318+09:00,BUY_ENTRY,7013,4363.0,100,limit,0.7241,678000,4362.9,,FAIL,"{""Code"": 21, ""Message"": ""可能額が不足しております。ご注文内容をご確認ください""}"
2026-02-20T10:27:53.711340+09:00,BUY_ENTRY,7013,4363.0,100,limit,0.8519,682400,4362.9,,FAIL,"{""Code"": 21, ""Message"": ""可能額が不足しております。ご注文内容をご確認ください""}"
2026-02-20T10:37:39.106171+09:00,BUY_ENTRY,4582,213.0,100,limit,0.7056,36500,212.9,,OK,"{""Result"": 0, ""OrderId"": ""20260220A02N49707983""}"
2026-02-20T10:37:40.888561+09:00,CLOSE_SIGNAL,4582,214.0,100,limit,,,,100,OK,"{""Result"": 0, ""OrderId"": ""20260220A02N49707986""}"
2026-02-20T10:39:21.577017+09:00,BUY_ENTRY,4582,213.0,100,limit,0.9850,1585100,213.0,,OK,"{""Result"": 0, ""OrderId"": ""20260220A02N49761149""}"
2026-02-20T10:39:23.744310+09:00,CLOSE_SIGNAL,4582,213.0,100,limit,,,,0,OK,"{""Result"": 0, ""OrderId"": ""20260220A02N49761156""}"
2026-02-20T10:39:53.558030+09:00,BUY_ENTRY,4005,570.1,100,limit,0.9398,10600,570.2,,OK,"{""Result"": 0, ""OrderId"": ""20260220A02N49761193""}"
2026-02-20T10:39:58.705198+09:00,CLOSE_SIGNAL,4005,570.3,100,limit,,,,20,OK,"{""Result"": 0, ""OrderId"": ""20260220A02N49761206""}"
2026-02-20T10:39:59.423051+09:00,BUY_ENTRY,5016,3388.0,100,limit,0.9130,230400,3389.0,,FAIL,"{""Code"": 21, ""Message"": ""可能額が不足しております。ご注文内容をご確認ください""}"
2026-02-20T10:40:01.135724+09:00,BUY_ENTRY,5016,3388.0,100,limit,0.8889,228300,3388.9,,FAIL,"{""Code"": 21, ""Message"": ""可能額が不足しております。ご注文内容をご確認ください""}"
2026-02-20T10:40:01.618084+09:00,BUY_ENTRY,5016,3388.0,100,limit,0.6250,229300,3388.8,,FAIL,"{""Code"": 21, ""Message"": ""可能額が不足しております。ご注文内容をご確認ください""}"
2026-02-20T10:40:02.100294+09:00,BUY_ENTRY,5016,3388.0,100,limit,0.6842,230600,3388.8,,FAIL,"{""Code"": 21, ""Message"": ""可能額が不足しております。ご注文内容をご確認ください""}"
2026-02-20T10:40:03.367997+09:00,BUY_ENTRY,7013,4323.0,100,limit,0.5000,286600,4322.8,,FAIL,"{""Code"": 21, ""Message"": ""可能額が不足しております。ご注文内容をご確認ください""}"
2026-02-20T10:40:03.821303+09:00,BUY_ENTRY,7013,4322.0,100,limit,0.5000,287200,4322.8,,FAIL,"{""Code"": 21, ""Message"": ""可能額が不足しております。ご注文内容をご確認ください""}"
2026-02-20T10:40:04.231549+09:00,BUY_ENTRY,7013,4322.0,100,limit,0.5000,287800,4322.8,,FAIL,"{""Code"": 21, ""Message"": ""可能額が不足しております。ご注文内容をご確認ください""}"
2026-02-20T10:41:33.412013+09:00,BUY_ENTRY,5016,3389.0,100,limit,0.2941,471300,3388.6,,FAIL,"{""Code"": 21, ""Message"": ""可能額が不足しております。ご注文内容をご確認ください""}"
2026-02-20T10:41:36.273074+09:00,BUY_ENTRY,5016,3387.0,100,limit,0.3770,461700,3387.4,,FAIL,"{""Code"": 21, ""Message"": ""可能額が不足しております。ご注文内容をご確認ください""}"
2026-02-20T10:41:38.575573+09:00,BUY_ENTRY,5016,3387.0,100,limit,0.8970,474100,3386.9,,FAIL,"{""Code"": 21, ""Message"": ""可能額が不足しております。ご注文内容をご確認ください""}"
2026-02-20T10:41:38.990995+09:00,BUY_ENTRY,5016,3385.0,100,limit,0.8970,495000,3386.9,,FAIL,"{""Code"": 21, ""Message"": ""可能額が不足しております。ご注文内容をご確認ください""}"
2026-02-20T10:41:39.392618+09:00,BUY_ENTRY,5016,3385.0,100,limit,0.8970,515900,3386.9,,FAIL,"{""Code"": 21, ""Message"": ""可能額が不足しております。ご注文内容をご確認ください""}"
2026-02-20T10:41:39.794599+09:00,BUY_ENTRY,5016,3385.0,100,limit,0.8970,536800,3386.9,,FAIL,"{""Code"": 21, ""Message"": ""可能額が不足しております。ご注文内容をご確認ください""}"
2026-02-20T10:42:07.928555+09:00,BUY_ENTRY,7013,4317.0,100,limit,0.8750,756700,4317.9,,FAIL,"{""Code"": 21, ""Message"": ""可能額が不足しております。ご注文内容をご確認ください""}"
2026-02-20T10:43:12.228233+09:00,BUY_ENTRY,5016,3386.0,100,limit,0.8919,504500,3385.9,,FAIL,"{""Code"": 21, ""Message"": ""可能額が不足しております。ご注文内容をご確認ください""}"
2026-02-20T10:43:32.304708+09:00,BUY_ENTRY,4582,209.0,100,limit,0.9821,8050300,209.0,,OK,"{""Result"": 0, ""OrderId"": ""20260220A02N49761564""}"
2026-02-20T10:43:46.427793+09:00,CLOSE_SIGNAL,4582,209.0,100,limit,,,,0,OK,"{""Result"": 0, ""OrderId"": ""20260220A02N49761577""}"
2026-02-20T10:44:01.793305+09:00,BUY_ENTRY,5016,3387.0,100,limit,0.9167,512800,3387.0,,FAIL,"{""Code"": 21, ""Message"": ""可能額が不足しております。ご注文内容をご確認ください""}"
2026-02-20T10:44:27.440258+09:00,BUY_ENTRY,4582,205.0,100,limit,0.7288,827300,205.7,,OK,"{""Result"": 0, ""OrderId"": ""20260220A02N49761634""}"
2026-02-20T10:44:27.946311+09:00,CLOSE_SIGNAL,4582,205.0,100,limit,,,,0,FAIL,"{""Code"": 1009001, ""Message"": ""建玉が選択されていません。""}"
2026-02-20T10:44:49.869841+09:00,SELL_ENTRY,9501,693.6,100,limit,-0.2222,-485100,693.6,,OK,"{""Result"": 0, ""OrderId"": ""20260220A02N49761686""}"
2026-02-20T10:45:00.460194+09:00,CLOSE_SIGNAL,9501,693.6,100,limit,,,,0,OK,"{""Result"": 0, ""OrderId"": ""20260220A02N49761708""}"
2026-02-20T10:45:05.189011+09:00,BUY_ENTRY,4005,570.0,100,limit,0.7778,289100,570.0,,OK,"{""Result"": 0, ""OrderId"": ""20260220A02N49761721""}"
2026-02-20T10:45:09.468903+09:00,CLOSE_SIGNAL,4005,569.7,100,limit,,,,-30,OK,"{""Result"": 0, ""OrderId"": ""20260220A02N49761738""}"
2026-02-20T10:45:29.342490+09:00,SELL_ENTRY,4582,204.0,100,limit,-0.9874,-4975600,204.0,,FAIL,"{""Code"": 100302, ""Message"": ""売建規制対象銘柄の為、受付することができません。""}"
2026-02-20T10:45:29.869422+09:00,BUY_ENTRY,5016,3378.0,100,limit,0.7288,953100,3377.9,,FAIL,"{""Code"": 21, ""Message"": ""可能額が不足しております。ご注文内容をご確認ください""}"
2026-02-20T10:45:30.871320+09:00,SELL_ENTRY,4582,204.0,100,limit,-0.9874,-4991300,204.0,,FAIL,"{""Code"": 100302, ""Message"": ""売建規制対象銘柄の為、受付することができません。""}"
2026-02-20T10:45:31.297757+09:00,BUY_ENTRY,5016,3377.0,100,limit,0.6949,957200,3377.8,,FAIL,"{""Code"": 21, ""Message"": ""可能額が不足しております。ご注文内容をご確認ください""}"
2026-02-20T10:45:31.721323+09:00,BUY_ENTRY,5016,3377.0,100,limit,0.6949,961300,3377.8,,FAIL,"{""Code"": 21, ""Message"": ""可能額が不足しております。ご注文内容をご確認ください""}"
2026-02-20T10:45:32.225220+09:00,BUY_ENTRY,5016,3377.0,100,limit,0.6949,965400,3377.8,,FAIL,"{""Code"": 21, ""Message"": ""可能額が不足しております。ご注文内容をご確認ください""}"
2026-02-20T10:45:32.835900+09:00,BUY_ENTRY,5016,3377.0,100,limit,0.8705,987400,3376.9,,FAIL,"{""Code"": 21, ""Message"": ""可能額が不足しております。ご注文内容をご確認ください""}"
2026-02-20T10:45:40.438558+09:00,BUY_ENTRY,4005,569.6,100,limit,0.8507,65100,569.6,,OK,"{""Result"": 0, ""OrderId"": ""20260220A02N49761804""}"
2026-02-20T10:46:00.547006+09:00,CLOSE_SIGNAL,4005,569.6,100,limit,,,,0,OK,"{""Result"": 0, ""OrderId"": ""20260220A02N49761857""}"
2026-02-20T10:46:40.330333+09:00,BUY_ENTRY,5016,3376.0,100,limit,0.6667,2027000,3376.8,,FAIL,"{""Code"": 21, ""Message"": ""可能額が不足しております。ご注文内容をご確認ください""}"
2026-02-20T10:47:11.343268+09:00,BUY_ENTRY,7013,4287.0,100,limit,0.8571,1872900,4286.9,,FAIL,"{""Code"": 21, ""Message"": ""可能額が不足しております。ご注文内容をご確認ください""}"
2026-02-20T10:47:25.671673+09:00,BUY_ENTRY,9501,694.7,100,limit,0.6667,691500,694.7,,OK,"{""Result"": 0, ""OrderId"": ""20260220A02N49770052""}"
2026-02-20T10:47:26.211088+09:00,CLOSE_SIGNAL,9501,694.7,100,limit,,,,0,OK,"{""Result"": 0, ""OrderId"": ""20260220A02N49770055""}"
2026-02-20T10:47:48.708463+09:00,SELL_ENTRY,4582,204.0,100,limit,-0.3891,-9028200,203.6,,FAIL,"{""Code"": 100302, ""Message"": ""売建規制対象銘柄の為、受付することができません。""}"
2026-02-20T10:47:49.593313+09:00,SELL_ENTRY,4582,204.0,100,limit,-0.3891,-9052400,203.6,,FAIL,"{""Code"": 100302, ""Message"": ""売建規制対象銘柄の為、受付することができません。""}"
2026-02-20T10:47:50.861313+09:00,SELL_ENTRY,4582,204.0,100,limit,-0.6801,-9089400,204.2,,FAIL,"{""Code"": 100302, ""Message"": ""売建規制対象銘柄の為、受付することができません。""}"
2026-02-20T10:47:51.708526+09:00,SELL_ENTRY,4582,204.0,100,limit,-0.6801,-9126400,204.2,,FAIL,"{""Code"": 100302, ""Message"": ""売建規制対象銘柄の為、受付することができません。""}"
2026-02-20T10:47:52.622964+09:00,BUY_ENTRY,9501,693.9,100,limit,0.3478,54000,693.9,,OK,"{""Result"": 0, ""OrderId"": ""20260220A02N49770098""}"
2026-02-20T10:47:57.725985+09:00,CLOSE_SIGNAL,9501,693.9,100,limit,,,,0,OK,"{""Result"": 0, ""OrderId"": ""20260220A02N49770107""}"
2026-02-20T10:47:59.473405+09:00,SELL_ENTRY,4582,204.0,100,limit,-0.9356,-8668100,204.0,,FAIL,"{""Code"": 100302, ""Message"": ""売建規制対象銘柄の為、受付することができません。""}"
2026-02-20T10:48:00.415044+09:00,SELL_ENTRY,4582,204.0,100,limit,-0.9356,-8711700,204.0,,FAIL,"{""Code"": 100302, ""Message"": ""売建規制対象銘柄の為、受付することができません。""}"
2026-02-20T10:48:01.419398+09:00,SELL_ENTRY,4582,204.0,100,limit,-0.9356,-8755300,204.0,,FAIL,"{""Code"": 100302, ""Message"": ""売建規制対象銘柄の為、受付することができません。""}"
2026-02-20T10:48:53.450365+09:00,SELL_ENTRY,4582,205.0,100,limit,-0.9809,-9501700,205.0,,FAIL,"{""Code"": 100302, ""Message"": ""売建規制対象銘柄の為、受付することができません。""}"
2026-02-20T10:48:54.294878+09:00,SELL_ENTRY,4582,206.0,100,limit,-0.9809,-9522200,205.0,,FAIL,"{""Code"": 100302, ""Message"": ""売建規制対象銘柄の為、受付することができません。""}"
2026-02-20T10:48:55.104587+09:00,SELL_ENTRY,4582,206.0,100,limit,-0.9809,-9542700,205.0,,FAIL,"{""Code"": 100302, ""Message"": ""売建規制対象銘柄の為、受付することができません。""}"
2026-02-20T10:48:55.910923+09:00,SELL_ENTRY,4582,206.0,100,limit,-0.9803,-9562600,205.0,,FAIL,"{""Code"": 100302, ""Message"": ""売建規制対象銘柄の為、受付することができません。""}"
2026-02-20T10:48:56.727771+09:00,SELL_ENTRY,4582,205.0,100,limit,-0.9803,-9582500,205.0,,FAIL,"{""Code"": 100302, ""Message"": ""売建規制対象銘柄の為、受付することができません。""}"
2026-02-20T10:48:57.150137+09:00,BUY_ENTRY,5016,3378.0,100,limit,0.5455,2120800,3378.8,,FAIL,"{""Code"": 21, ""Message"": ""可能額が不足しております。ご注文内容をご確認ください""}"
2026-02-20T10:48:57.530892+09:00,BUY_ENTRY,5016,3378.0,100,limit,0.5652,2123400,3378.8,,FAIL,"{""Code"": 21, ""Message"": ""可能額が不足しております。ご注文内容をご確認ください""}"
2026-02-20T10:49:43.426496+09:00,SELL_ENTRY,4582,205.0,100,limit,-0.9029,-8002600,205.0,,FAIL,"{""Code"": 100302, ""Message"": ""売建規制対象銘柄の為、受付することができません。""}"
2026-02-20T10:49:44.246032+09:00,SELL_ENTRY,4582,205.0,100,limit,-0.9029,-8011900,205.0,,FAIL,"{""Code"": 100302, ""Message"": ""売建規制対象銘柄の為、受付することができません。""}"
2026-02-20T10:49:47.697317+09:00,SELL_ENTRY,4582,205.0,100,limit,-0.6000,-7597800,205.2,,FAIL,"{""Code"": 100302, ""Message"": ""売建規制対象銘柄の為、受付することができません。""}"
2026-02-20T10:49:48.503779+09:00,SELL_ENTRY,4582,205.0,100,limit,-0.6000,-7612800,205.2,,FAIL,"{""Code"": 100302, ""Message"": ""売建規制対象銘柄の為、受付することができません。""}"
2026-02-20T10:49:49.310616+09:00,SELL_ENTRY,4582,205.0,100,limit,-0.6000,-7627800,205.2,,FAIL,"{""Code"": 100302, ""Message"": ""売建規制対象銘柄の為、受付することができません。""}"
2026-02-20T10:49:54.056402+09:00,SELL_ENTRY,4582,206.0,100,limit,-0.9807,-7087000,205.0,,FAIL,"{""Code"": 100302, ""Message"": ""売建規制対象銘柄の為、受付することができません。""}"
2026-02-20T10:50:02.433981+09:00,BUY_ENTRY,5016,3377.0,100,limit,0.8286,2166700,3376.9,,FAIL,"{""Code"": 21, ""Message"": ""可能額が不足しております。ご注文内容をご確認ください""}"
2026-02-20T10:50:02.917191+09:00,BUY_ENTRY,5016,3377.0,100,limit,0.8286,2169600,3376.9,,FAIL,"{""Code"": 21, ""Message"": ""可能額が不足しております。ご注文内容をご確認ください""}"
2026-02-20T10:50:06.310515+09:00,BUY_ENTRY,7013,4293.0,100,limit,0.5556,2492600,4292.8,,FAIL,"{""Code"": 21, ""Message"": ""可能額が不足しております。ご注文内容をご確認ください""}"
2026-02-20T10:50:06.771922+09:00,BUY_ENTRY,7013,4294.0,100,limit,0.5556,2493100,4292.8,,FAIL,"{""Code"": 21, ""Message"": ""可能額が不足しております。ご注文内容をご確認ください""}"
2026-02-20T10:50:55.564838+09:00,SELL_ENTRY,9501,692.2,100,limit,-0.9444,-398700,692.2,,OK,"{""Result"": 0, ""OrderId"": ""20260220A02N49770406""}"
2026-02-20T10:51:02.889749+09:00,CLOSE_SIGNAL,9501,692.2,100,limit,,,,0,OK,"{""Result"": 0, ""OrderId"": ""20260220A02N49770419""}"
2026-02-20T10:51:20.934263+09:00,BUY_ENTRY,5016,3373.0,100,limit,0.3514,2482900,3372.7,,FAIL,"{""Code"": 21, ""Message"": ""可能額が不足しております。ご注文内容をご確認ください""}"
2026-02-20T10:51:21.715105+09:00,BUY_ENTRY,4005,568.7,100,limit,0.9512,297900,568.7,,OK,"{""Result"": 0, ""OrderId"": ""20260220A02N49770454""}"
2026-02-20T10:51:25.969435+09:00,CLOSE_SIGNAL,4005,568.9,100,limit,,,,20,OK,"{""Result"": 0, ""OrderId"": ""20260220A02N49770462""}"
2026-02-20T10:51:30.320870+09:00,SELL_ENTRY,4582,206.0,100,limit,-0.2121,-5809000,206.4,,FAIL,"{""Code"": 100302, ""Message"": ""売建規制対象銘柄の為、受付することができません。""}"
2026-02-20T10:51:31.092945+09:00,SELL_ENTRY,4582,206.0,100,limit,-0.4409,-5813100,206.3,,FAIL,"{""Code"": 100302, ""Message"": ""売建規制対象銘柄の為、受付することができません。""}"
2026-02-20T10:51:31.886660+09:00,SELL_ENTRY,4582,206.0,100,limit,-0.4409,-5817200,206.3,,FAIL,"{""Code"": 100302, ""Message"": ""売建規制対象銘柄の為、受付することができません。""}"
2026-02-20T10:52:29.410445+09:00,BUY_ENTRY,7013,4276.0,100,limit,0.5263,2723900,4276.5,,FAIL,"{""Code"": 21, ""Message"": ""可能額が不足しております。ご注文内容をご確認ください""}"
2026-02-20T10:52:29.779394+09:00,BUY_ENTRY,7013,4276.0,100,limit,0.7838,2726800,4276.8,,FAIL,"{""Code"": 21, ""Message"": ""可能額が不足しております。ご注文内容をご確認ください""}"
2026-02-20T10:52:30.484040+09:00,BUY_ENTRY,7013,4275.0,100,limit,0.8000,2733200,4275.9,,FAIL,"{""Code"": 21, ""Message"": ""可能額が不足しております。ご注文内容をご確認ください""}"
2026-02-20T10:52:33.385284+09:00,SELL_ENTRY,4582,206.0,100,limit,0.3492,-2172900,206.7,,FAIL,"{""Code"": 100302, ""Message"": ""売建規制対象銘柄の為、受付することができません。""}"
2026-02-20T10:52:34.216091+09:00,SELL_ENTRY,4582,206.0,100,limit,0.2500,-2169500,206.6,,FAIL,"{""Code"": 100302, ""Message"": ""売建規制対象銘柄の為、受付することができません。""}"
2026-02-20T10:52:35.027703+09:00,SELL_ENTRY,4582,206.0,100,limit,0.2031,-2166900,206.6,,FAIL,"{""Code"": 100302, ""Message"": ""売建規制対象銘柄の為、受付することができません。""}"
2026-02-20T10:52:35.852637+09:00,SELL_ENTRY,4582,206.0,100,limit,0.2031,-2164300,206.6,,FAIL,"{""Code"": 100302, ""Message"": ""売建規制対象銘柄の為、受付することができません。""}"
2026-02-20T10:52:37.768411+09:00,SELL_ENTRY,4582,206.0,100,limit,0.2276,-2098800,206.6,,FAIL,"{""Code"": 100302, ""Message"": ""売建規制対象銘柄の為、受付することができません。""}"
2026-02-20T10:52:43.770910+09:00,BUY_ENTRY,7013,4274.0,100,limit,0.8519,2717600,4273.9,,FAIL,"{""Code"": 21, ""Message"": ""可能額が不足しております。ご注文内容をご確認ください""}"
2026-02-20T10:52:46.084541+09:00,SELL_ENTRY,4582,207.0,100,limit,-0.9720,-1854500,207.0,,FAIL,"{""Code"": 100302, ""Message"": ""売建規制対象銘柄の為、受付することができません。""}"
2026-02-20T10:52:46.946652+09:00,SELL_ENTRY,4582,207.0,100,limit,-0.9720,-1889200,207.0,,FAIL,"{""Code"": 100302, ""Message"": ""売建規制対象銘柄の為、受付することができません。""}"
2026-02-20T10:52:47.774098+09:00,SELL_ENTRY,4582,207.0,100,limit,-0.9394,-1923300,207.0,,FAIL,"{""Code"": 100302, ""Message"": ""売建規制対象銘柄の為、受付することができません。""}"
2026-02-20T10:52:48.608808+09:00,SELL_ENTRY,4582,207.0,100,limit,-0.9394,-1957400,207.0,,FAIL,"{""Code"": 100302, ""Message"": ""売建規制対象銘柄の為、受付することができません。""}"
2026-02-20T10:52:49.399136+09:00,SELL_ENTRY,4582,207.0,100,limit,-0.9942,-1991500,207.0,,FAIL,"{""Code"": 100302, ""Message"": ""売建規制対象銘柄の為、受付することができません。""}"
2026-02-20T10:52:50.215143+09:00,SELL_ENTRY,4582,207.0,100,limit,-0.9943,-2026100,207.0,,FAIL,"{""Code"": 100302, ""Message"": ""売建規制対象銘柄の為、受付することができません。""}"
2026-02-20T10:53:15.018895+09:00,SELL_ENTRY,4582,209.0,100,limit,-0.8952,-3728500,209.1,,FAIL,"{""Code"": 100302, ""Message"": ""売建規制対象銘柄の為、受付することができません。""}"
2026-02-20T10:53:15.908678+09:00,SELL_ENTRY,4582,209.0,100,limit,-0.8863,-3747200,209.1,,FAIL,"{""Code"": 100302, ""Message"": ""売建規制対象銘柄の為、受付することができません。""}"
2026-02-20T10:53:16.814490+09:00,SELL_ENTRY,4582,209.0,100,limit,-0.8863,-3765900,209.1,,FAIL,"{""Code"": 100302, ""Message"": ""売建規制対象銘柄の為、受付することができません。""}"
2026-02-20T10:53:25.416212+09:00,BUY_ENTRY,5016,3367.0,100,limit,0.9333,4024900,3367.0,,FAIL,"{""Code"": 21, ""Message"": ""可能額が不足しております。ご注文内容をご確認ください""}"
2026-02-20T10:53:25.790883+09:00,BUY_ENTRY,5016,3367.0,100,limit,0.9333,4027700,3367.0,,FAIL,"{""Code"": 21, ""Message"": ""可能額が不足しております。ご注文内容をご確認ください""}"
2026-02-20T10:53:38.094466+09:00,BUY_ENTRY,7013,4263.0,100,limit,0.5455,3126200,4264.5,,FAIL,"{""Code"": 21, ""Message"": ""可能額が不足しております。ご注文内容をご確認ください""}"
2026-02-20T10:53:38.463686+09:00,BUY_ENTRY,7013,4266.0,100,limit,0.5455,3127400,4264.5,,FAIL,"{""Code"": 21, ""Message"": ""可能額が不足しております。ご注文内容をご確認ください""}"
2026-02-20T10:53:38.802152+09:00,BUY_ENTRY,7013,4265.0,100,limit,0.5455,3128600,4264.5,,FAIL,"{""Code"": 21, ""Message"": ""可能額が不足しております。ご注文内容をご確認ください""}"
2026-02-20T10:53:39.164793+09:00,BUY_ENTRY,7013,4264.0,100,limit,0.6364,3128800,4264.8,,FAIL,"{""Code"": 21, ""Message"": ""可能額が不足しております。ご注文内容をご確認ください""}"
2026-02-20T10:53:39.503733+09:00,BUY_ENTRY,7013,4264.0,100,limit,0.6364,3129500,4264.8,,FAIL,"{""Code"": 21, ""Message"": ""可能額が不足しております。ご注文内容をご確認ください""}"
2026-02-20T10:53:41.452395+09:00,BUY_ENTRY,9501,691.0,100,limit,0.9020,1219400,691.2,,OK,"{""Result"": 0, ""OrderId"": ""20260220A02N49770662""}"
2026-02-20T10:53:41.512983+09:00,CLOSE_SIGNAL,9501,691.1,100,limit,,,,10,FAIL,"{""Code"": 1009001, ""Message"": ""建玉が選択されていません。""}"
2026-02-20T10:54:13.367870+09:00,SELL_ENTRY,4582,210.0,100,limit,0.0529,-3751800,210.1,,FAIL,"{""Code"": 100302, ""Message"": ""売建規制対象銘柄の為、受付することができません。""}"
2026-02-20T10:54:34.468593+09:00,SELL_ENTRY,4582,210.0,100,limit,0.2220,-2323500,209.6,,FAIL,"{""Code"": 100302, ""Message"": ""売建規制対象銘柄の為、受付することができません。""}"
2026-02-20T10:54:35.254348+09:00,SELL_ENTRY,4582,210.0,100,limit,0.2220,-2312600,209.6,,FAIL,"{""Code"": 100302, ""Message"": ""売建規制対象銘柄の為、受付することができません。""}"
2026-02-20T10:56:57.746165+09:00,BUY_ENTRY,4582,207.0,100,limit,0.9699,234200,207.0,,OK,"{""Result"": 0, ""OrderId"": ""20260220A02N49770997""}"
2026-02-20T10:57:08.139068+09:00,CLOSE_SIGNAL,4582,206.0,100,limit,,,,-100,OK,"{""Result"": 0, ""OrderId"": ""20260220A02N49800014""}"
2026-02-20T10:57:32.471311+09:00,BUY_ENTRY,4582,206.0,100,limit,0.9495,25000,206.0,,OK,"{""Result"": 0, ""OrderId"": ""20260220A02N49800052""}"
2026-02-20T10:57:34.119342+09:00,CLOSE_SIGNAL,4582,206.0,100,limit,,,,0,OK,"{""Result"": 0, ""OrderId"": ""20260220A02N49800065""}"
2026-02-20T10:58:58.639094+09:00,BUY_ENTRY,4582,208.0,100,market,0.3318,599900,207.7,,OK,"{""Result"": 0, ""OrderId"": ""20260220A02N49800226""}"
2026-02-20T10:59:29.142559+09:00,CLOSE_SIGNAL,4582,208.0,100,market,,,,0,OK,"{""Result"": 0, ""OrderId"": ""20260220A02N49800275""}"
2026-02-20T11:00:01.431244+09:00,BUY_ENTRY,4582,206.0,100,market,0.8657,11200,205.9,,OK,"{""Result"": 0, ""OrderId"": ""20260220A02N49800331""}"
2026-02-20T11:00:36.187292+09:00,CLOSE_SIGNAL,4582,202.0,100,market,,,,-400,OK,"{""Result"": 0, ""OrderId"": ""20260220A02N49800405""}"
2026-02-20T11:02:31.925611+09:00,BUY_ENTRY,4582,205.0,100,market,0.7701,4610100,205.9,,OK,"{""Result"": 0, ""OrderId"": ""20260220A02N49800635""}"
2026-02-20T11:02:51.072516+09:00,CLOSE_SIGNAL,4582,206.0,100,market,,,,100,OK,"{""Result"": 0, ""OrderId"": ""20260220A02N49800670""}"
2026-02-20T11:03:04.862790+09:00,BUY_ENTRY,4005,569.6,100,market,0.8462,1160000,569.6,,OK,"{""Result"": 0, ""OrderId"": ""20260220A02N49800694""}"
2026-02-20T11:03:07.248856+09:00,CLOSE_SIGNAL,4005,569.8,100,market,,,,20,OK,"{""Result"": 0, ""OrderId"": ""20260220A02N49800702""}"
2026-02-20T11:03:15.994384+09:00,SELL_ENTRY,4582,207.0,100,market,-0.8251,-524500,207.1,,FAIL,"{""Code"": 100302, ""Message"": ""売建規制対象銘柄の為、受付することができません。""}"
2026-02-20T11:03:16.818540+09:00,SELL_ENTRY,4582,207.0,100,market,-0.8251,-539600,207.1,,FAIL,"{""Code"": 100302, ""Message"": ""売建規制対象銘柄の為、受付することができません。""}"
2026-02-20T11:03:17.634662+09:00,SELL_ENTRY,4582,207.0,100,market,-0.8659,-555100,207.1,,FAIL,"{""Code"": 100302, ""Message"": ""売建規制対象銘柄の為、受付することができません。""}"
2026-02-20T11:03:18.456887+09:00,SELL_ENTRY,4582,207.0,100,market,-0.8659,-570600,207.1,,FAIL,"{""Code"": 100302, ""Message"": ""売建規制対象銘柄の為、受付することができません。""}"
2026-02-20T11:06:46.960064+09:00,BUY_ENTRY,4582,204.0,100,limit,0.7155,605100,203.9,,OK,"{""Result"": 0, ""OrderId"": ""20260220A02N49810122""}"
2026-02-20T11:06:57.576607+09:00,CLOSE_SIGNAL,4582,201.0,100,limit,,,,-300,OK,"{""Result"": 0, ""OrderId"": ""20260220A02N49810150""}"
2026-02-20T11:13:58.736248+09:00,BUY_ENTRY,4582,197.0,100,limit,0.9888,7932200,198.0,,OK,"{""Result"": 0, ""OrderId"": ""20260220A02N49810772""}"
2026-02-20T11:14:29.425918+09:00,CLOSE_SIGNAL,4582,198.0,100,limit,,,,100,OK,"{""Result"": 0, ""OrderId"": ""20260220A02N49810815""}"
2026-02-20T11:17:58.791120+09:00,BUY_ENTRY,4582,201.0,100,limit,0.4275,9093200,200.7,,OK,"{""Result"": 0, ""OrderId"": ""20260220A02N49842124""}"
2026-02-20T11:18:30.147916+09:00,CLOSE_SIGNAL,4582,200.0,100,limit,,,,-100,OK,"{""Result"": 0, ""OrderId"": ""20260220A02N49842176""}"
2026-02-20T11:20:02.417514+09:00,SELL_ENTRY,4582,200.0,100,limit,-0.7373,-1892500,200.1,,FAIL,"{""Code"": 100302, ""Message"": ""売建規制対象銘柄の為、受付することができません。""}"
2026-02-20T11:20:03.231569+09:00,SELL_ENTRY,4582,200.0,100,limit,-0.9565,-1936300,200.0,,FAIL,"{""Code"": 100302, ""Message"": ""売建規制対象銘柄の為、受付することができません。""}"
2026-02-20T12:05:56.362463+09:00,SELL_ENTRY,9501,689.3,100,limit,-0.1267,-742900,689.9,,OK,"{""Result"": 0, ""OrderId"": ""20260220A02N49884745""}"
2026-02-20T12:06:43.940017+09:00,CLOSE_SIGNAL,9501,689.3,100,limit,,,,0,FAIL,"{""Code"": 1009001, ""Message"": ""建玉が選択されていません。""}"
2026-02-20T12:09:00.502561+09:00,SELL_ENTRY,4755,819.2,100,limit,-0.0224,-115500,819.9,,OK,"{""Result"": 0, ""OrderId"": ""20260220A02N49884817""}"
2026-02-20T12:09:02.248483+09:00,CLOSE_SIGNAL,4755,819.2,100,limit,,,,0,FAIL,"{""Code"": 1009001, ""Message"": ""建玉が選択されていません。""}"
2026-02-20T12:09:20.754295+09:00,BUY_ENTRY,4582,208.0,100,limit,-0.0339,1741900,208.5,,OK,"{""Result"": 0, ""OrderId"": ""20260220A02N49884826""}"
2026-02-20T12:09:51.325466+09:00,CLOSE_SIGNAL,4582,208.0,100,limit,,,,0,FAIL,"{""Code"": 1009001, ""Message"": ""建玉が選択されていません。""}"
2026-02-20T12:11:27.732416+09:00,BUY_ENTRY,3103,1200.0,100,limit,0.0909,494900,1195.5,,FAIL,"{""Code"": 21, ""Message"": ""可能額が不足しております。ご注文内容をご確認ください""}"
2026-02-20T12:11:34.140405+09:00,BUY_ENTRY,3103,1200.0,100,limit,0.0900,505200,1195.5,,FAIL,"{""Code"": 21, ""Message"": ""可能額が不足しております。ご注文内容をご確認ください""}"
2026-02-20T12:11:36.709729+09:00,BUY_ENTRY,3103,1200.0,100,limit,0.0915,515700,1195.5,,FAIL,"{""Code"": 21, ""Message"": ""可能額が不足しております。ご注文内容をご確認ください""}"
2026-02-20T12:14:16.378081+09:00,BUY_ENTRY,4582,208.0,100,limit,0.0357,127100,208.5,,OK,"{""Result"": 0, ""OrderId"": ""20260220A02N49884921""}"
2026-02-20T12:15:42.575006+09:00,CLOSE_SIGNAL,4582,208.0,100,limit,,,,0,FAIL,"{""Code"": 1009001, ""Message"": ""建玉が選択されていません。""}"
2026-02-20T12:15:58.097952+09:00,SELL_ENTRY,9501,689.3,100,limit,-0.1311,-1074100,689.9,,FAIL,"{""Code"": 21, ""Message"": ""可能額が不足しております。ご注文内容をご確認ください""}"
2026-02-20T12:15:58.916080+09:00,SELL_ENTRY,9501,689.3,100,limit,-0.1320,-1127300,689.9,,FAIL,"{""Code"": 21, ""Message"": ""可能額が不足しております。ご注文内容をご確認ください""}"
2026-02-20T12:17:15.356229+09:00,BUY_ENTRY,4582,208.0,100,limit,0.1000,2062900,208.5,,OK,"{""Result"": 0, ""OrderId"": ""20260220A02N49884974""}"
2026-02-20T12:17:55.444428+09:00,CLOSE_SIGNAL,4582,208.0,100,limit,,,,0,FAIL,"{""Code"": 1009001, ""Message"": ""建玉が選択されていません。""}"
2026-02-20T12:18:02.590107+09:00,BUY_ENTRY,3103,1200.0,100,limit,0.0299,861100,1190.5,,FAIL,"{""Code"": 21, ""Message"": ""可能額が不足しております。ご注文内容をご確認ください""}"
2026-02-20T12:18:03.516685+09:00,BUY_ENTRY,3103,1200.0,100,limit,0.0328,866700,1190.5,,FAIL,"{""Code"": 21, ""Message"": ""可能額が不足しております。ご注文内容をご確認ください""}"
2026-02-20T12:18:04.009771+09:00,BUY_ENTRY,3103,1200.0,100,limit,0.0334,872400,1190.5,,FAIL,"{""Code"": 21, ""Message"": ""可能額が不足しております。ご注文内容をご確認ください""}"
2026-02-20T12:18:06.029458+09:00,BUY_ENTRY,3103,1200.0,100,limit,0.0339,878200,1190.5,,FAIL,"{""Code"": 21, ""Message"": ""可能額が不足しております。ご注文内容をご確認ください""}"
2026-02-20T12:20:19.572306+09:00,BUY_ENTRY,4582,208.0,100,limit,0.0845,2948000,208.5,,OK,"{""Result"": 0, ""OrderId"": ""20260220A02N49892079""}"
2026-02-20T12:20:55.067864+09:00,CLOSE_SIGNAL,4582,208.0,100,limit,,,,0,FAIL,"{""Code"": 1009001, ""Message"": ""建玉が選択されていません。""}"
2026-02-20T12:21:46.389978+09:00,BUY_ENTRY,4582,208.0,100,limit,0.1095,931100,208.6,,FAIL,"{""Code"": 21, ""Message"": ""可能額が不足しております。ご注文内容をご確認ください""}"
2026-02-20T12:21:52.255091+09:00,BUY_ENTRY,4582,208.0,100,limit,0.1095,975200,208.6,,FAIL,"{""Code"": 21, ""Message"": ""可能額が不足しております。ご注文内容をご確認ください""}"
2026-02-20T12:21:55.096176+09:00,SELL_ENTRY,268A,1762.0,100,limit,-0.0785,-398500,1759.5,,FAIL,"{""Code"": 21, ""Message"": ""可能額が不足しております。ご注文内容をご確認ください""}"
2026-02-20T12:23:26.651905+09:00,BUY_ENTRY,3103,1200.0,100,limit,0.0299,1134800,1190.5,,FAIL,"{""Code"": 21, ""Message"": ""可能額が不足しております。ご注文内容をご確認ください""}"
2026-02-20T12:23:36.865100+09:00,BUY_ENTRY,3103,1200.0,100,limit,0.0327,1145500,1190.5,,FAIL,"{""Code"": 21, ""Message"": ""可能額が不足しております。ご注文内容をご確認ください""}"
2026-02-20T12:24:53.793879+09:00,BUY_ENTRY,4582,208.0,100,limit,0.1305,7069100,208.6,,FAIL,"{""Code"": 21, ""Message"": ""可能額が不足しております。ご注文内容をご確認ください""}"
2026-02-20T12:24:55.046511+09:00,BUY_ENTRY,4582,208.0,100,limit,0.1301,7125800,208.6,,FAIL,"{""Code"": 21, ""Message"": ""可能額が不足しております。ご注文内容をご確認ください""}"
2026-02-20T12:26:03.796535+09:00,SELL_ENTRY,4005,566.9,100,limit,-0.0263,-241400,566.9,,FAIL,"{""Code"": 21, ""Message"": ""可能額が不足しております。ご注文内容をご確認ください""}"
2026-02-20T12:26:04.628434+09:00,SELL_ENTRY,4005,566.9,100,limit,-0.0263,-248100,566.9,,FAIL,"{""Code"": 21, ""Message"": ""可能額が不足しております。ご注文内容をご確認ください""}"
2026-02-20T12:26:05.435106+09:00,SELL_ENTRY,4005,566.9,100,limit,-0.0383,-264900,566.9,,FAIL,"{""Code"": 21, ""Message"": ""可能額が不足しております。ご注文内容をご確認ください""}"
2026-02-20T12:26:14.151089+09:00,BUY_ENTRY,4582,208.0,100,limit,0.1431,9219800,208.6,,FAIL,"{""Code"": 21, ""Message"": ""可能額が不足しております。ご注文内容をご確認ください""}"
2026-02-20T12:26:15.223875+09:00,SELL_ENTRY,4005,566.9,100,limit,-0.0574,-291100,566.9,,FAIL,"{""Code"": 21, ""Message"": ""可能額が不足しております。ご注文内容をご確認ください""}"
2026-02-20T12:26:16.089711+09:00,SELL_ENTRY,4005,566.9,100,limit,-0.0574,-306700,566.9,,FAIL,"{""Code"": 21, ""Message"": ""可能額が不足しております。ご注文内容をご確認ください""}"
2026-02-20T12:26:25.973664+09:00,BUY_ENTRY,6378,1516.0,100,limit,0.1220,25400,1516.6,,FAIL,"{""Code"": 21, ""Message"": ""可能額が不足しております。ご注文内容をご確認ください""}"
2026-02-20T12:26:53.193047+09:00,SELL_ENTRY,268A,1762.0,100,limit,-0.0850,-627700,1759.5,,FAIL,"{""Code"": 21, ""Message"": ""可能額が不足しております。ご注文内容をご確認ください""}"
2026-02-20T12:26:54.047990+09:00,SELL_ENTRY,268A,1762.0,100,limit,-0.0850,-635800,1759.5,,FAIL,"{""Code"": 21, ""Message"": ""可能額が不足しております。ご注文内容をご確認ください""}"
2026-02-20T12:26:54.875660+09:00,SELL_ENTRY,268A,1762.0,100,limit,-0.0850,-643900,1759.5,,FAIL,"{""Code"": 21, ""Message"": ""可能額が不足しております。ご注文内容をご確認ください""}"
2026-02-20T12:26:55.807560+09:00,SELL_ENTRY,268A,1762.0,100,limit,-0.0850,-652000,1759.5,,FAIL,"{""Code"": 21, ""Message"": ""可能額が不足しております。ご注文内容をご確認ください""}"
2026-02-20T12:27:25.839160+09:00,BUY_ENTRY,4582,208.0,100,limit,0.1243,12119000,208.6,,FAIL,"{""Code"": 21, ""Message"": ""可能額が不足しております。ご注文内容をご確認ください""}"
2026-02-20T12:27:28.234283+09:00,BUY_ENTRY,4582,208.0,100,limit,0.1294,12186100,208.6,,FAIL,"{""Code"": 21, ""Message"": ""可能額が不足しております。ご注文内容をご確認ください""}"
2026-02-20T12:27:28.696303+09:00,BUY_ENTRY,4582,208.0,100,limit,0.1296,12253300,208.6,,FAIL,"{""Code"": 21, ""Message"": ""可能額が不足しております。ご注文内容をご確認ください""}"
2026-02-20T12:27:29.053785+09:00,BUY_ENTRY,4582,208.0,100,limit,0.1296,12320500,208.6,,FAIL,"{""Code"": 21, ""Message"": ""可能額が不足しております。ご注文内容をご確認ください""}"
2026-02-20T12:27:29.562575+09:00,BUY_ENTRY,4582,208.0,100,limit,0.1294,12387600,208.6,,FAIL,"{""Code"": 21, ""Message"": ""可能額が不足しております。ご注文内容をご確認ください""}"
2026-02-20T12:27:52.309603+09:00,BUY_ENTRY,4582,208.0,100,limit,0.1425,13581900,208.6,,FAIL,"{""Code"": 21, ""Message"": ""可能額が不足しております。ご注文内容をご確認ください""}"
2026-02-20T12:28:19.371661+09:00,BUY_ENTRY,3103,1200.0,100,limit,0.0419,1242700,1188.5,,FAIL,"{""Code"": 21, ""Message"": ""可能額が不足しております。ご注文内容をご確認ください""}"
2026-02-20T12:28:20.621051+09:00,BUY_ENTRY,3103,1200.0,100,limit,0.0415,1251600,1188.5,,FAIL,"{""Code"": 21, ""Message"": ""可能額が不足しております。ご注文内容をご確認ください""}"
2026-02-20T12:28:21.577051+09:00,BUY_ENTRY,3103,1200.0,100,limit,0.0419,1260600,1188.5,,FAIL,"{""Code"": 21, ""Message"": ""可能額が不足しております。ご注文内容をご確認ください""}"
2026-02-20T12:28:21.949402+09:00,BUY_ENTRY,3103,1200.0,100,limit,0.0419,1269600,1188.5,,FAIL,"{""Code"": 21, ""Message"": ""可能額が不足しております。ご注文内容をご確認ください""}"
2026-02-20T12:28:23.549270+09:00,BUY_ENTRY,3103,1200.0,100,limit,0.0419,1278600,1188.5,,FAIL,"{""Code"": 21, ""Message"": ""可能額が不足しております。ご注文内容をご確認ください""}"
2026-02-20T12:28:26.435674+09:00,BUY_ENTRY,3103,1200.0,100,limit,0.0409,1287400,1188.5,,FAIL,"{""Code"": 21, ""Message"": ""可能額が不足しております。ご注文内容をご確認ください""}"
2026-02-20T12:28:55.171303+09:00,BUY_ENTRY,4582,208.0,100,limit,0.1298,18466900,208.6,,FAIL,"{""Code"": 21, ""Message"": ""可能額が不足しております。ご注文内容をご確認ください""}"
2026-02-20T12:29:16.576354+09:00,BUY_ENTRY,3923,752.6,100,limit,0.1114,753400,752.7,,FAIL,"{""Code"": 21, ""Message"": ""可能額が不足しております。ご注文内容をご確認ください""}"
2026-02-20T12:29:17.202026+09:00,BUY_ENTRY,3923,752.6,100,limit,0.1188,762000,752.7,,FAIL,"{""Code"": 21, ""Message"": ""可能額が不足しております。ご注文内容をご確認ください""}"
2026-02-20T12:29:18.025929+09:00,BUY_ENTRY,3923,752.6,100,limit,0.1224,770900,752.7,,FAIL,"{""Code"": 21, ""Message"": ""可能額が不足しております。ご注文内容をご確認ください""}"
2026-02-20T12:29:18.521128+09:00,BUY_ENTRY,3923,752.6,100,limit,0.1260,780100,752.7,,FAIL,"{""Code"": 21, ""Message"": ""可能額が不足しております。ご注文内容をご確認ください""}"
2026-02-20T12:29:19.641104+09:00,BUY_ENTRY,3923,752.6,100,limit,0.1320,789800,752.7,,FAIL,"{""Code"": 21, ""Message"": ""可能額が不足しております。ご注文内容をご確認ください""}"
2026-02-20T12:29:28.185773+09:00,BUY_ENTRY,3923,752.6,100,limit,0.1332,799600,752.7,,FAIL,"{""Code"": 21, ""Message"": ""可能額が不足しております。ご注文内容をご確認ください""}"
2026-02-20T12:29:56.579020+09:00,BUY_ENTRY,4582,208.0,100,limit,0.1267,24877400,208.6,,FAIL,"{""Code"": 21, ""Message"": ""可能額が不足しております。ご注文内容をご確認ください""}"
2026-02-20T12:29:57.111062+09:00,BUY_ENTRY,4582,208.0,100,limit,0.1268,24959000,208.6,,FAIL,"{""Code"": 21, ""Message"": ""可能額が不足しております。ご注文内容をご確認ください""}"
2026-02-20T12:29:57.478482+09:00,BUY_ENTRY,4582,208.0,100,limit,0.1274,25041000,208.6,,FAIL,"{""Code"": 21, ""Message"": ""可能額が不足しております。ご注文内容をご確認ください""}"
2026-02-20T12:30:01.405302+09:00,BUY_ENTRY,4755,819.2,100,limit,0.0522,674200,819.3,,FAIL,"{""Code"": 100313, ""Message"": ""同一銘柄の買い注文と売り注文を同時に行うご注文は、取引時間中における不公正取引の仮装売買（クロス）に該当する可能性があるため、未約定の反対注文の状況をご確認のうえ、執行条件を変更してください。""}"
2026-02-20T12:30:02.161615+09:00,BUY_ENTRY,4755,819.2,100,limit,0.0522,690200,819.3,,FAIL,"{""Code"": 21, ""Message"": ""可能額が不足しております。ご注文内容をご確認ください""}"
2026-02-20T12:30:02.562423+09:00,BUY_ENTRY,4755,820.0,100,limit,0.0522,706200,819.3,,FAIL,"{""Code"": 21, ""Message"": ""可能額が不足しております。ご注文内容をご確認ください""}"
2026-02-20T12:30:02.949365+09:00,BUY_ENTRY,3923,752.6,100,limit,0.9701,1247300,752.8,,FAIL,"{""Code"": 21, ""Message"": ""可能額が不足しております。ご注文内容をご確認ください""}"
2026-02-20T12:30:03.308267+09:00,BUY_ENTRY,4582,208.0,100,limit,0.5193,25587200,208.8,,OK,"{""Result"": 0, ""OrderId"": ""20260220A02N49892683""}"
2026-02-20T12:30:06.168930+09:00,CLOSE_SIGNAL,4582,209.0,100,limit,,,,100,OK,"{""Result"": 0, ""OrderId"": ""20260220A02N49892700""}"
2026-02-20T12:30:06.956530+09:00,SELL_ENTRY,4005,568.3,100,limit,-0.9375,-756500,568.4,,FAIL,"{""Code"": 21, ""Message"": ""可能額が不足しております。ご注文内容をご確認ください""}"
2026-02-20T12:30:14.885933+09:00,BUY_ENTRY,4582,207.0,100,limit,0.8417,83600,206.9,,OK,"{""Result"": 0, ""OrderId"": ""20260220A02N49892735""}"
2026-02-20T12:30:26.187087+09:00,CLOSE_SIGNAL,4582,205.0,100,limit,,,,-200,OK,"{""Result"": 0, ""OrderId"": ""20260220A02N49892786""}"
2026-02-20T12:30:27.741923+09:00,SELL_ENTRY,268A,1748.0,100,limit,-0.8824,-1407600,1749.1,,FAIL,"{""Code"": 21, ""Message"": ""可能額が不足しております。ご注文内容をご確認ください""}"
2026-02-20T12:30:34.563702+09:00,BUY_ENTRY,3923,755.2,100,limit,0.7778,1362700,755.5,,FAIL,"{""Code"": 21, ""Message"": ""可能額が不足しております。ご注文内容をご確認ください""}"
2026-02-20T12:30:38.250695+09:00,BUY_ENTRY,4755,820.3,100,limit,0.7778,611900,820.8,,FAIL,"{""Code"": 21, ""Message"": ""可能額が不足しております。ご注文内容をご確認ください""}"
2026-02-20T12:30:57.286564+09:00,SELL_ENTRY,4005,565.0,100,limit,-0.5000,-339900,564.9,,FAIL,"{""Code"": 21, ""Message"": ""可能額が不足しております。ご注文内容をご確認ください""}"
2026-02-20T12:31:02.840910+09:00,SELL_ENTRY,4005,565.0,100,limit,-0.6364,-310000,564.9,,FAIL,"{""Code"": 21, ""Message"": ""可能額が不足しております。ご注文内容をご確認ください""}"
2026-02-20T12:31:09.536826+09:00,BUY_ENTRY,4755,820.5,100,limit,0.8462,577200,820.6,,FAIL,"{""Code"": 21, ""Message"": ""可能額が不足しております。ご注文内容をご確認ください""}"
2026-02-20T12:31:09.884522+09:00,BUY_ENTRY,4755,820.6,100,limit,0.8462,578300,820.6,,FAIL,"{""Code"": 21, ""Message"": ""可能額が不足しております。ご注文内容をご確認ください""}"
2026-02-20T12:31:11.842298+09:00,SELL_ENTRY,268A,1752.0,100,limit,-0.7143,-1420500,1751.3,,FAIL,"{""Code"": 21, ""Message"": ""可能額が不足しております。ご注文内容をご確認ください""}"
2026-02-20T12:31:12.651863+09:00,SELL_ENTRY,268A,1752.0,100,limit,-0.7143,-1421000,1751.3,,FAIL,"{""Code"": 21, ""Message"": ""可能額が不足しております。ご注文内容をご確認ください""}"
2026-02-20T12:31:13.514356+09:00,SELL_ENTRY,268A,1752.0,100,limit,-0.7500,-1421600,1751.2,,FAIL,"{""Code"": 21, ""Message"": ""可能額が不足しております。ご注文内容をご確認ください""}"
2026-02-20T12:31:21.586006+09:00,BUY_ENTRY,3103,1219.0,100,limit,0.7838,1731100,1218.9,,FAIL,"{""Code"": 21, ""Message"": ""可能額が不足しております。ご注文内容をご確認ください""}"
2026-02-20T12:31:29.555463+09:00,SELL_ENTRY,268A,1752.0,100,limit,-0.7143,-1385800,1752.1,,FAIL,"{""Code"": 21, ""Message"": ""可能額が不足しております。ご注文内容をご確認ください""}"
2026-02-20T12:31:30.376202+09:00,SELL_ENTRY,268A,1753.0,100,limit,-0.7143,-1386300,1752.1,,FAIL,"{""Code"": 21, ""Message"": ""可能額が不足しております。ご注文内容をご確認ください""}"
2026-02-20T12:31:31.185169+09:00,SELL_ENTRY,268A,1753.0,100,limit,-0.7143,-1386800,1752.1,,FAIL,"{""Code"": 21, ""Message"": ""可能額が不足しております。ご注文内容をご確認ください""}"
2026-02-20T12:31:35.887790+09:00,SELL_ENTRY,268A,1751.0,100,limit,-0.6000,-1381900,1751.2,,FAIL,"{""Code"": 21, ""Message"": ""可能額が不足しております。ご注文内容をご確認ください""}"
2026-02-20T12:31:44.738728+09:00,BUY_ENTRY,4755,821.8,100,limit,0.8182,513800,821.9,,FAIL,"{""Code"": 21, ""Message"": ""可能額が不足しております。ご注文内容をご確認ください""}"
2026-02-20T12:31:50.372989+09:00,BUY_ENTRY,9501,690.8,100,limit,0.6000,3259400,690.9,,FAIL,"{""Code"": 21, ""Message"": ""可能額が不足しております。ご注文内容をご確認ください""}"
2026-02-20T12:31:50.849708+09:00,BUY_ENTRY,9501,690.8,100,limit,0.6000,3260000,690.9,,FAIL,"{""Code"": 21, ""Message"": ""可能額が不足しております。ご注文内容をご確認ください""}"
2026-02-20T12:31:52.857524+09:00,SELL_ENTRY,4005,564.7,100,limit,-0.9286,-339000,564.6,,FAIL,"{""Code"": 21, ""Message"": ""可能額が不足しております。ご注文内容をご確認ください""}"
2026-02-20T12:31:58.858813+09:00,SELL_ENTRY,268A,1749.0,100,limit,-0.5000,-1338300,1748.5,,FAIL,"{""Code"": 21, ""Message"": ""可能額が不足しております。ご注文内容をご確認ください""}"
2026-02-20T12:32:04.762180+09:00,BUY_ENTRY,3103,1225.0,100,limit,0.8947,1835200,1225.9,,FAIL,"{""Code"": 21, ""Message"": ""可能額が不足しております。ご注文内容をご確認ください""}"
2026-02-20T12:32:05.114382+09:00,BUY_ENTRY,3103,1225.0,100,limit,0.8947,1836900,1225.9,,FAIL,"{""Code"": 21, ""Message"": ""可能額が不足しております。ご注文内容をご確認ください""}"
2026-02-20T12:32:05.481579+09:00,BUY_ENTRY,3103,1225.0,100,limit,0.8947,1838600,1225.9,,FAIL,"{""Code"": 21, ""Message"": ""可能額が不足しております。ご注文内容をご確認ください""}"
2026-02-20T12:32:54.576782+09:00,SELL_ENTRY,4005,565.8,100,limit,-0.4545,-247600,565.8,,FAIL,"{""Code"": 21, ""Message"": ""可能額が不足しております。ご注文内容をご確認ください""}"
2026-02-20T12:32:55.379497+09:00,SELL_ENTRY,4005,565.8,100,limit,-0.4545,-248100,565.8,,FAIL,"{""Code"": 21, ""Message"": ""可能額が不足しております。ご注文内容をご確認ください""}"
2026-02-20T12:32:58.934244+09:00,SELL_ENTRY,4005,566.1,100,limit,-0.6667,-241300,566.1,,FAIL,"{""Code"": 21, ""Message"": ""可能額が不足しております。ご注文内容をご確認ください""}"
2026-02-20T12:33:03.700826+09:00,BUY_ENTRY,4582,206.0,100,limit,0.6082,3132400,204.8,,OK,"{""Result"": 0, ""OrderId"": ""20260220A02N49921108""}"
2026-02-20T12:33:34.508731+09:00,CLOSE_SIGNAL,4582,206.0,100,limit,,,,0,OK,"{""Result"": 0, ""OrderId"": ""20260220A02N49921189""}"
2026-02-20T12:33:40.352291+09:00,SELL_ENTRY,268A,1750.0,100,limit,-0.1579,-1258100,1750.4,,FAIL,"{""Code"": 21, ""Message"": ""可能額が不足しております。ご注文内容をご確認ください""}"
2026-02-20T12:33:41.182720+09:00,SELL_ENTRY,268A,1750.0,100,limit,-0.1579,-1258400,1750.4,,FAIL,"{""Code"": 21, ""Message"": ""可能額が不足しております。ご注文内容をご確認ください""}"
2026-02-20T12:33:42.006054+09:00,SELL_ENTRY,268A,1751.0,100,limit,-0.1579,-1258700,1750.4,,FAIL,"{""Code"": 21, ""Message"": ""可能額が不足しております。ご注文内容をご確認ください""}"
2026-02-20T12:34:08.652934+09:00,BUY_ENTRY,4582,205.0,100,limit,0.6040,10400,204.8,,OK,"{""Result"": 0, ""OrderId"": ""20260220A02N49921246""}"
2026-02-20T12:34:31.569360+09:00,CLOSE_SIGNAL,4582,205.0,100,limit,,,,0,OK,"{""Result"": 0, ""OrderId"": ""20260220A02N49921281""}"
2026-02-20T12:34:33.761886+09:00,SELL_ENTRY,4005,566.7,100,limit,-0.6667,-98100,566.7,,FAIL,"{""Code"": 21, ""Message"": ""可能額が不足しております。ご注文内容をご確認ください""}"
2026-02-20T12:34:34.592440+09:00,SELL_ENTRY,4005,566.7,100,limit,-0.7143,-98600,566.7,,FAIL,"{""Code"": 21, ""Message"": ""可能額が不足しております。ご注文内容をご確認ください""}"
2026-02-20T12:34:40.327266+09:00,SELL_ENTRY,4005,567.0,100,limit,-0.9000,-88300,566.9,,FAIL,"{""Code"": 21, ""Message"": ""可能額が不足しております。ご注文内容をご確認ください""}"
2026-02-20T12:34:42.359430+09:00,SELL_ENTRY,268A,1751.0,100,limit,-0.8462,-1084500,1751.1,,FAIL,"{""Code"": 21, ""Message"": ""可能額が不足しております。ご注文内容をご確認ください""}"
2026-02-20T12:34:43.160073+09:00,SELL_ENTRY,268A,1751.0,100,limit,-0.8462,-1085600,1751.1,,FAIL,"{""Code"": 21, ""Message"": ""可能額が不足しております。ご注文内容をご確認ください""}"
2026-02-20T12:34:43.965886+09:00,SELL_ENTRY,268A,1752.0,100,limit,-0.8462,-1086700,1751.1,,FAIL,"{""Code"": 21, ""Message"": ""可能額が不足しております。ご注文内容をご確認ください""}"
2026-02-20T12:34:44.753737+09:00,SELL_ENTRY,268A,1752.0,100,limit,-0.8462,-1087800,1751.1,,FAIL,"{""Code"": 21, ""Message"": ""可能額が不足しております。ご注文内容をご確認ください""}"
2026-02-20T12:34:45.170518+09:00,BUY_ENTRY,6378,1510.0,100,limit,0.8182,84700,1512.7,,FAIL,"{""Code"": 21, ""Message"": ""可能額が不足しております。ご注文内容をご確認ください""}"
2026-02-20T12:35:00.877337+09:00,BUY_ENTRY,9501,695.6,100,limit,0.8333,2564000,695.4,,FAIL,"{""Code"": 21, ""Message"": ""可能額が不足しております。ご注文内容をご確認ください""}"
2026-02-20T12:35:15.583793+09:00,BUY_ENTRY,4755,822.8,100,limit,0.8333,372500,822.9,,FAIL,"{""Code"": 21, ""Message"": ""可能額が不足しております。ご注文内容をご確認ください""}"
2026-02-20T12:35:15.989763+09:00,BUY_ENTRY,4755,823.0,100,limit,0.8333,373500,822.9,,FAIL,"{""Code"": 21, ""Message"": ""可能額が不足しております。ご注文内容をご確認ください""}"
2026-02-20T12:35:22.711398+09:00,BUY_ENTRY,6378,1502.0,100,limit,0.7778,81200,1502.8,,FAIL,"{""Code"": 21, ""Message"": ""可能額が不足しております。ご注文内容をご確認ください""}"
2026-02-20T12:35:28.885289+09:00,SELL_ENTRY,268A,1752.0,100,limit,-0.5000,-812500,1751.2,,FAIL,"{""Code"": 21, ""Message"": ""可能額が不足しております。ご注文内容をご確認ください""}"
2026-02-20T12:35:29.241699+09:00,BUY_ENTRY,4582,200.0,100,limit,0.9640,4960000,201.0,,OK,"{""Result"": 0, ""OrderId"": ""20260220A02N49921384""}"
2026-02-20T12:35:30.662301+09:00,CLOSE_SIGNAL,4582,201.0,100,limit,,,,100,OK,"{""Result"": 0, ""OrderId"": ""20260220A02N49921393""}"
2026-02-20T12:35:36.572439+09:00,SELL_ENTRY,268A,1757.0,100,limit,-0.3750,-776300,1756.6,,FAIL,"{""Code"": 21, ""Message"": ""可能額が不足しております。ご注文内容をご確認ください""}"
2026-02-20T12:35:37.376011+09:00,SELL_ENTRY,268A,1757.0,100,limit,-0.3750,-776900,1756.6,,FAIL,"{""Code"": 21, ""Message"": ""可能額が不足しております。ご注文内容をご確認ください""}"
2026-02-20T12:35:38.184073+09:00,SELL_ENTRY,268A,1757.0,100,limit,-0.3750,-777500,1756.6,,FAIL,"{""Code"": 21, ""Message"": ""可能額が不足しております。ご注文内容をご確認ください""}"
2026-02-20T12:35:38.594306+09:00,BUY_ENTRY,4582,200.0,100,limit,0.9379,135300,201.0,,OK,"{""Result"": 0, ""OrderId"": ""20260220A02N49921410""}"
2026-02-20T12:35:38.670084+09:00,CLOSE_SIGNAL,4582,201.0,100,limit,,,,100,FAIL,"{""Code"": 1009001, ""Message"": ""建玉が選択されていません。""}"
2026-02-20T12:35:53.432392+09:00,BUY_ENTRY,4582,201.0,100,limit,0.6041,68000,201.6,,OK,"{""Result"": 0, ""OrderId"": ""20260220A02N49921460""}"
2026-02-20T12:36:23.958922+09:00,CLOSE_SIGNAL,4582,201.0,100,limit,,,,0,OK,"{""Result"": 0, ""OrderId"": ""20260220A02N49921563""}"
2026-02-20T12:36:35.637690+09:00,SELL_ENTRY,268A,1752.0,100,limit,-0.6667,-620000,1752.2,,FAIL,"{""Code"": 21, ""Message"": ""可能額が不足しております。ご注文内容をご確認ください""}"
2026-02-20T12:36:36.505683+09:00,SELL_ENTRY,268A,1752.0,100,limit,-0.8667,-621300,1752.1,,FAIL,"{""Code"": 21, ""Message"": ""可能額が不足しております。ご注文内容をご確認ください""}"
2026-02-20T12:36:37.320290+09:00,SELL_ENTRY,268A,1753.0,100,limit,-0.8667,-622600,1752.1,,FAIL,"{""Code"": 21, ""Message"": ""可能額が不足しております。ご注文内容をご確認ください""}"
2026-02-20T12:36:38.121337+09:00,SELL_ENTRY,268A,1753.0,100,limit,-0.8667,-623900,1752.1,,FAIL,"{""Code"": 21, ""Message"": ""可能額が不足しております。ご注文内容をご確認ください""}"
2026-02-20T12:36:38.927886+09:00,SELL_ENTRY,268A,1753.0,100,limit,-0.8462,-625000,1752.1,,FAIL,"{""Code"": 21, ""Message"": ""可能額が不足しております。ご注文内容をご確認ください""}"
2026-02-20T12:36:39.748849+09:00,SELL_ENTRY,268A,1753.0,100,limit,-0.8571,-626200,1752.1,,FAIL,"{""Code"": 21, ""Message"": ""可能額が不足しております。ご注文内容をご確認ください""}"
2026-02-20T12:36:40.139172+09:00,BUY_ENTRY,6378,1508.0,100,limit,0.3333,64900,1509.0,,FAIL,"{""Code"": 21, ""Message"": ""可能額が不足しております。ご注文内容をご確認ください""}"
2026-02-20T12:36:40.522192+09:00,BUY_ENTRY,6378,1508.0,100,limit,0.3333,65000,1509.0,,FAIL,"{""Code"": 21, ""Message"": ""可能額が不足しております。ご注文内容をご確認ください""}"
2026-02-20T12:36:40.933927+09:00,BUY_ENTRY,3923,757.0,100,limit,0.7500,1542800,757.0,,OK,"{""Result"": 0, ""OrderId"": ""20260220A02N49921599""}"
2026-02-20T12:36:47.743536+09:00,CLOSE_SIGNAL,3923,757.3,100,limit,,,,30,OK,"{""Result"": 0, ""OrderId"": ""20260220A02N49921630""}"
2026-02-20T12:36:54.158690+09:00,BUY_ENTRY,4005,567.1,100,limit,0.4340,1097700,567.1,,OK,"{""Result"": 0, ""OrderId"": ""20260220A02N49921642""}"
2026-02-20T12:37:24.709341+09:00,CLOSE_SIGNAL,4005,566.8,100,limit,,,,-30,OK,"{""Result"": 0, ""OrderId"": ""20260220A02N49921734""}"
2026-02-20T12:37:32.671311+09:00,BUY_ENTRY,4582,199.0,100,limit,0.9864,5857000,199.0,,OK,"{""Result"": 0, ""OrderId"": ""20260220A02N49921752""}"
2026-02-20T12:37:34.670553+09:00,CLOSE_SIGNAL,4582,198.0,100,limit,,,,-100,OK,"{""Result"": 0, ""OrderId"": ""20260220A02N49921757""}"
2026-02-20T12:37:52.184027+09:00,SELL_ENTRY,268A,1751.0,100,limit,-0.8947,-657800,1751.1,,FAIL,"{""Code"": 21, ""Message"": ""可能額が不足しております。ご注文内容をご確認ください""}"
2026-02-20T12:37:53.000770+09:00,SELL_ENTRY,268A,1751.0,100,limit,-0.8947,-659500,1751.1,,FAIL,"{""Code"": 21, ""Message"": ""可能額が不足しております。ご注文内容をご確認ください""}"
2026-02-20T12:38:31.573093+09:00,BUY_ENTRY,4755,823.3,100,limit,0.4595,301800,823.3,,OK,"{""Result"": 0, ""OrderId"": ""20260220A02N49921895""}"
2026-02-20T12:38:38.807055+09:00,CLOSE_SIGNAL,4755,823.9,100,limit,,,,60,OK,"{""Result"": 0, ""OrderId"": ""20260220A02N49921904""}"
2026-02-20T12:38:48.122763+09:00,SELL_ENTRY,4582,198.0,100,limit,-0.3989,-1566100,198.3,,FAIL,"{""Code"": 100302, ""Message"": ""売建規制対象銘柄の為、受付することができません。""}"
2026-02-20T12:38:48.919548+09:00,SELL_ENTRY,4582,198.0,100,limit,-0.3989,-1587600,198.3,,FAIL,"{""Code"": 100302, ""Message"": ""売建規制対象銘柄の為、受付することができません。""}"
2026-02-20T12:38:52.423199+09:00,BUY_ENTRY,9501,694.7,100,limit,0.5238,1812100,694.8,,OK,"{""Result"": 0, ""OrderId"": ""20260220A02N49921938""}"
2026-02-20T12:39:19.068516+09:00,CLOSE_SIGNAL,9501,695.8,100,limit,,,,110,FAIL,"{""Code"": 100313, ""Message"": ""同一銘柄の買い注文と売り注文を同時に行うご注文は、取引時間中における不公正取引の仮装売買（クロス）に該当する可能性があるため、未約定の反対注文の状況をご確認のうえ、執行条件を変更してください。""}"
2026-02-20T12:39:31.526974+09:00,BUY_ENTRY,6378,1507.0,100,limit,0.8462,67100,1507.8,,FAIL,"{""Code"": 21, ""Message"": ""可能額が不足しております。ご注文内容をご確認ください""}"
2026-02-20T12:39:32.403054+09:00,BUY_ENTRY,4582,197.0,100,limit,0.8917,172900,196.9,,OK,"{""Result"": 0, ""OrderId"": ""20260220A02N49930019""}"
2026-02-20T12:39:38.157987+09:00,CLOSE_SIGNAL,4582,197.0,100,limit,,,,0,OK,"{""Result"": 0, ""OrderId"": ""20260220A02N49930025""}"
2026-02-20T12:39:38.986905+09:00,SELL_ENTRY,9501,695.7,100,limit,-0.8667,-589900,695.7,,FAIL,"{""Code"": 100313, ""Message"": ""同一銘柄の買い注文と売り注文を同時に行うご注文は、取引時間中における不公正取引の仮装売買（クロス）に該当する可能性があるため、未約定の反対注文の状況をご確認のうえ、執行条件を変更してください。""}"
2026-02-20T12:39:39.727354+09:00,SELL_ENTRY,9501,695.8,100,limit,-0.9259,-592400,695.7,,FAIL,"{""Code"": 100313, ""Message"": ""同一銘柄の買い注文と売り注文を同時に行うご注文は、取引時間中における不公正取引の仮装売買（クロス）に該当する可能性があるため、未約定の反対注文の状況をご確認のうえ、執行条件を変更してください。""}"
2026-02-20T12:39:40.573425+09:00,SELL_ENTRY,9501,695.8,100,limit,-0.9259,-594900,695.7,,FAIL,"{""Code"": 100313, ""Message"": ""同一銘柄の買い注文と売り注文を同時に行うご注文は、取引時間中における不公正取引の仮装売買（クロス）に該当する可能性があるため、未約定の反対注文の状況をご確認のうえ、執行条件を変更してください。""}"
2026-02-20T12:39:58.111567+09:00,SELL_ENTRY,4755,824.4,100,limit,-0.9344,-37000,824.4,,FAIL,"{""Code"": 21, ""Message"": ""可能額が不足しております。ご注文内容をご確認ください""}"
2026-02-20T12:40:22.344121+09:00,BUY_ENTRY,4005,564.7,100,limit,0.8929,149000,564.8,,FAIL,"{""Code"": 21, ""Message"": ""可能額が不足しております。ご注文内容をご確認ください""}"
2026-02-20T12:40:22.815498+09:00,BUY_ENTRY,4005,564.7,100,limit,0.8621,154000,564.8,,FAIL,"{""Code"": 21, ""Message"": ""可能額が不足しております。ご注文内容をご確認ください""}"
2026-02-20T12:40:31.538733+09:00,SELL_ENTRY,268A,1750.0,100,limit,-0.6667,-542700,1750.2,,FAIL,"{""Code"": 21, ""Message"": ""可能額が不足しております。ご注文内容をご確認ください""}"
2026-02-20T12:40:32.347864+09:00,SELL_ENTRY,268A,1751.0,100,limit,-0.6667,-543500,1750.2,,FAIL,"{""Code"": 21, ""Message"": ""可能額が不足しております。ご注文内容をご確認ください""}"
2026-02-20T12:40:33.147346+09:00,SELL_ENTRY,268A,1751.0,100,limit,-0.6667,-544300,1750.2,,FAIL,"{""Code"": 21, ""Message"": ""可能額が不足しております。ご注文内容をご確認ください""}"
2026-02-20T12:40:33.938542+09:00,SELL_ENTRY,268A,1751.0,100,limit,-0.4286,-544600,1750.3,,FAIL,"{""Code"": 21, ""Message"": ""可能額が不足しております。ご注文内容をご確認ください""}"
2026-02-20T12:40:53.994592+09:00,BUY_ENTRY,4005,564.4,100,limit,0.9333,80200,564.6,,FAIL,"{""Code"": 21, ""Message"": ""可能額が不足しております。ご注文内容をご確認ください""}"
2026-02-20T12:41:21.501377+09:00,BUY_ENTRY,4582,199.0,100,limit,0.5446,2723500,198.8,,OK,"{""Result"": 0, ""OrderId"": ""20260220A02N49930289""}"
2026-02-20T12:41:49.048696+09:00,CLOSE_SIGNAL,4582,199.0,100,limit,,,,0,OK,"{""Result"": 0, ""OrderId"": ""20260220A02N49930339""}"
2026-02-20T12:42:02.132287+09:00,SELL_ENTRY,9501,695.5,100,limit,-0.7931,-202400,695.5,,FAIL,"{""Code"": 100313, ""Message"": ""同一銘柄の買い注文と売り注文を同時に行うご注文は、取引時間中における不公正取引の仮装売買（クロス）に該当する可能性があるため、未約定の反対注文の状況をご確認のうえ、執行条件を変更してください。""}"
2026-02-20T12:42:02.901983+09:00,SELL_ENTRY,9501,695.5,100,limit,-0.6970,-204700,695.5,,FAIL,"{""Code"": 100313, ""Message"": ""同一銘柄の買い注文と売り注文を同時に行うご注文は、取引時間中における不公正取引の仮装売買（クロス）に該当する可能性があるため、未約定の反対注文の状況をご確認のうえ、執行条件を変更してください。""}"
2026-02-20T12:42:03.654511+09:00,SELL_ENTRY,9501,695.5,100,limit,-0.6970,-207000,695.5,,FAIL,"{""Code"": 100313, ""Message"": ""同一銘柄の買い注文と売り注文を同時に行うご注文は、取引時間中における不公正取引の仮装売買（クロス）に該当する可能性があるため、未約定の反対注文の状況をご確認のうえ、執行条件を変更してください。""}"
2026-02-20T12:42:12.960601+09:00,BUY_ENTRY,4005,566.1,100,limit,0.2157,73900,566.1,,FAIL,"{""Code"": 21, ""Message"": ""可能額が不足しております。ご注文内容をご確認ください""}"
2026-02-20T12:42:13.745193+09:00,BUY_ENTRY,4005,566.1,100,limit,0.2157,71200,566.1,,FAIL,"{""Code"": 21, ""Message"": ""可能額が不足しております。ご注文内容をご確認ください""}"
2026-02-20T12:42:16.580172+09:00,BUY_ENTRY,4005,566.1,100,limit,0.5000,76200,566.1,,FAIL,"{""Code"": 21, ""Message"": ""可能額が不足しております。ご注文内容をご確認ください""}"
2026-02-20T12:42:22.449919+09:00,SELL_ENTRY,268A,1750.0,100,limit,-0.1034,-418400,1749.9,,FAIL,"{""Code"": 21, ""Message"": ""可能額が不足しております。ご注文内容をご確認ください""}"
2026-02-20T12:42:28.577501+09:00,BUY_ENTRY,6378,1511.0,100,limit,0.6364,88400,1512.5,,FAIL,"{""Code"": 21, ""Message"": ""可能額が不足しております。ご注文内容をご確認ください""}"
2026-02-20T12:42:31.339714+09:00,SELL_ENTRY,9501,695.2,100,limit,-0.8750,-234100,695.3,,FAIL,"{""Code"": 100313, ""Message"": ""同一銘柄の買い注文と売り注文を同時に行うご注文は、取引時間中における不公正取引の仮装売買（クロス）に該当する可能性があるため、未約定の反対注文の状況をご確認のうえ、執行条件を変更してください。""}"
2026-02-20T12:42:32.188383+09:00,SELL_ENTRY,268A,1749.0,100,limit,-0.6667,-417900,1749.2,,FAIL,"{""Code"": 21, ""Message"": ""可能額が不足しております。ご注文内容をご確認ください""}"
2026-02-20T12:42:32.993794+09:00,SELL_ENTRY,268A,1749.0,100,limit,-0.6667,-419100,1749.2,,FAIL,"{""Code"": 21, ""Message"": ""可能額が不足しております。ご注文内容をご確認ください""}"
2026-02-20T12:42:33.843498+09:00,SELL_ENTRY,268A,1749.0,100,limit,-0.6667,-420300,1749.2,,FAIL,"{""Code"": 21, ""Message"": ""可能額が不足しております。ご注文内容をご確認ください""}"
2026-02-20T12:42:34.278514+09:00,BUY_ENTRY,4005,566.3,100,limit,0.9149,64300,566.3,,FAIL,"{""Code"": 21, ""Message"": ""可能額が不足しております。ご注文内容をご確認ください""}"
2026-02-20T12:42:34.638889+09:00,BUY_ENTRY,4005,566.3,100,limit,0.9014,77100,566.3,,FAIL,"{""Code"": 21, ""Message"": ""可能額が不足しております。ご注文内容をご確認ください""}"
2026-02-20T12:42:42.647629+09:00,SELL_ENTRY,9501,694.7,100,limit,-0.9286,-124900,694.8,,FAIL,"{""Code"": 100313, ""Message"": ""同一銘柄の買い注文と売り注文を同時に行うご注文は、取引時間中における不公正取引の仮装売買（クロス）に該当する可能性があるため、未約定の反対注文の状況をご確認のうえ、執行条件を変更してください。""}"
2026-02-20T12:42:53.085719+09:00,BUY_ENTRY,6378,1512.0,100,limit,0.6000,82300,1511.4,,FAIL,"{""Code"": 21, ""Message"": ""可能額が不足しております。ご注文内容をご確認ください""}"
2026-02-20T12:43:02.092320+09:00,SELL_ENTRY,4755,823.3,100,limit,-0.7143,-28600,823.3,,OK,"{""Result"": 0, ""OrderId"": ""20260220A02N49930498""}"
2026-02-20T12:43:07.182780+09:00,CLOSE_SIGNAL,4755,823.3,100,limit,,,,0,OK,"{""Result"": 0, ""OrderId"": ""20260220A02N49930509""}"
2026-02-20T12:43:12.016641+09:00,SELL_ENTRY,4755,823.5,100,limit,-0.8788,-400,823.5,,OK,"{""Result"": 0, ""OrderId"": ""20260220A02N49930515""}"
2026-02-20T12:43:33.511076+09:00,CLOSE_SIGNAL,4755,823.5,100,limit,,,,0,OK,"{""Result"": 0, ""OrderId"": ""20260220A02N49930542""}"
2026-02-20T12:43:34.069620+09:00,BUY_ENTRY,6378,1505.0,100,limit,0.5000,71700,1508.0,,FAIL,"{""Code"": 21, ""Message"": ""可能額が不足しております。ご注文内容をご確認ください""}"
2026-02-20T12:43:34.502045+09:00,BUY_ENTRY,3923,757.7,100,limit,0.6667,87500,757.8,,OK,"{""Result"": 0, ""OrderId"": ""20260220A02N49930550""}"
2026-02-20T12:43:47.198004+09:00,CLOSE_SIGNAL,3923,758.2,100,limit,,,,50,OK,"{""Result"": 0, ""OrderId"": ""20260220A02N49930588""}"
2026-02-20T12:43:49.308341+09:00,SELL_ENTRY,268A,1751.0,100,limit,-0.7647,-340800,1750.1,,FAIL,"{""Code"": 21, ""Message"": ""可能額が不足しております。ご注文内容をご確認ください""}"
2026-02-20T12:44:02.397551+09:00,BUY_ENTRY,3103,1217.0,100,limit,0.8571,2178200,1216.9,,FAIL,"{""Code"": 21, ""Message"": ""可能額が不足しております。ご注文内容をご確認ください""}"
2026-02-20T12:44:03.738662+09:00,BUY_ENTRY,3103,1217.0,100,limit,0.8571,2180600,1216.9,,FAIL,"{""Code"": 21, ""Message"": ""可能額が不足しております。ご注文内容をご確認ください""}"
2026-02-20T12:44:04.347806+09:00,BUY_ENTRY,4005,566.6,100,limit,0.8039,624100,566.7,,OK,"{""Result"": 0, ""OrderId"": ""20260220A02N49930619""}"
2026-02-20T12:44:06.370517+09:00,CLOSE_SIGNAL,4005,566.9,100,limit,,,,30,OK,"{""Result"": 0, ""OrderId"": ""20260220A02N49930625""}"
2026-02-20T12:44:20.886252+09:00,BUY_ENTRY,4582,202.0,100,limit,0.5808,687300,201.8,,OK,"{""Result"": 0, ""OrderId"": ""20260220A02N49930655""}"
2026-02-20T12:44:24.871695+09:00,CLOSE_SIGNAL,4582,202.0,100,limit,,,,0,OK,"{""Result"": 0, ""OrderId"": ""20260220A02N49930680""}"
2026-02-20T12:44:29.066765+09:00,SELL_ENTRY,4005,566.6,100,limit,-0.8750,-13400,566.8,,OK,"{""Result"": 0, ""OrderId"": ""20260220A02N49930688""}"
2026-02-20T12:44:30.777155+09:00,CLOSE_SIGNAL,4005,566.7,100,limit,,,,-10,OK,"{""Result"": 0, ""OrderId"": ""20260220A02N49930692""}"
2026-02-20T12:44:31.123303+09:00,BUY_ENTRY,6378,1497.0,100,limit,0.7500,70000,1500.6,,FAIL,"{""Code"": 21, ""Message"": ""可能額が不足しております。ご注文内容をご確認ください""}"
2026-02-20T12:44:31.677186+09:00,BUY_ENTRY,6378,1497.0,100,limit,0.6667,70400,1500.7,,FAIL,"{""Code"": 21, ""Message"": ""可能額が不足しております。ご注文内容をご確認ください""}"
2026-02-20T12:44:55.223859+09:00,BUY_ENTRY,4582,202.0,100,limit,0.7427,2272900,201.9,,OK,"{""Result"": 0, ""OrderId"": ""20260220A02N49930726""}"
2026-02-20T12:44:57.477593+09:00,CLOSE_SIGNAL,4582,202.0,100,limit,,,,0,OK,"{""Result"": 0, ""OrderId"": ""20260220A02N49930731""}"
2026-02-20T12:46:04.904057+09:00,BUY_ENTRY,3103,1225.0,100,limit,0.7500,2424100,1224.9,,FAIL,"{""Code"": 21, ""Message"": ""可能額が不足しております。ご注文内容をご確認ください""}"
2026-02-20T12:46:32.154191+09:00,BUY_ENTRY,4582,201.0,100,limit,0.7135,6450700,200.9,,OK,"{""Result"": 0, ""OrderId"": ""20260220A02N49939078""}"
2026-02-20T12:47:02.991917+09:00,CLOSE_SIGNAL,4582,200.0,100,limit,,,,-100,OK,"{""Result"": 0, ""OrderId"": ""20260220A02N49939142""}"
2026-02-20T12:47:10.168426+09:00,BUY_ENTRY,6378,1483.0,100,limit,0.5000,138300,1485.0,,FAIL,"{""Code"": 21, ""Message"": ""可能額が不足しております。ご注文内容をご確認ください""}"
2026-02-20T12:47:22.789577+09:00,BUY_ENTRY,6378,1486.0,100,limit,0.9355,137900,1486.9,,FAIL,"{""Code"": 21, ""Message"": ""可能額が不足しております。ご注文内容をご確認ください""}"
2026-02-20T12:47:23.465530+09:00,BUY_ENTRY,6378,1486.0,100,limit,0.9355,140800,1487.9,,FAIL,"{""Code"": 21, ""Message"": ""可能額が不足しております。ご注文内容をご確認ください""}"
2026-02-20T12:47:23.973430+09:00,BUY_ENTRY,6378,1486.0,100,limit,0.9355,143700,1487.9,,FAIL,"{""Code"": 21, ""Message"": ""可能額が不足しております。ご注文内容をご確認ください""}"
2026-02-20T12:47:36.399856+09:00,BUY_ENTRY,4582,200.0,100,limit,0.9090,544800,201.0,,OK,"{""Result"": 0, ""OrderId"": ""20260220A02N49939205""}"
2026-02-20T12:47:57.577068+09:00,CLOSE_SIGNAL,4582,200.0,100,limit,,,,0,OK,"{""Result"": 0, ""OrderId"": ""20260220A02N49939251""}"
2026-02-20T12:48:03.559775+09:00,BUY_ENTRY,6378,1491.0,100,limit,0.5000,149400,1491.2,,FAIL,"{""Code"": 21, ""Message"": ""可能額が不足しております。ご注文内容をご確認ください""}"
2026-02-20T12:48:17.939532+09:00,BUY_ENTRY,4582,200.0,100,limit,0.2705,1191300,200.6,,OK,"{""Result"": 0, ""OrderId"": ""20260220A02N49939282""}"
2026-02-20T12:48:18.758252+09:00,CLOSE_SIGNAL,4582,201.0,100,limit,,,,100,OK,"{""Result"": 0, ""OrderId"": ""20260220A02N49939287""}"
2026-02-20T12:48:26.254000+09:00,BUY_ENTRY,3103,1237.0,100,limit,0.4000,2618800,1237.7,,FAIL,"{""Code"": 21, ""Message"": ""可能額が不足しております。ご注文内容をご確認ください""}"
2026-02-20T12:48:26.671824+09:00,BUY_ENTRY,3103,1237.0,100,limit,0.4545,2619300,1237.7,,FAIL,"{""Code"": 21, ""Message"": ""可能額が不足しております。ご注文内容をご確認ください""}"
2026-02-20T12:48:40.888912+09:00,BUY_ENTRY,6378,1498.0,100,limit,0.9024,128800,1498.8,,FAIL,"{""Code"": 21, ""Message"": ""可能額が不足しております。ご注文内容をご確認ください""}"
2026-02-20T12:48:41.234566+09:00,BUY_ENTRY,6378,1498.0,100,limit,0.9024,132500,1498.8,,FAIL,"{""Code"": 21, ""Message"": ""可能額が不足しております。ご注文内容をご確認ください""}"
2026-02-20T12:48:41.714341+09:00,BUY_ENTRY,6378,1498.0,100,limit,0.9024,136200,1498.8,,FAIL,"{""Code"": 21, ""Message"": ""可能額が不足しております。ご注文内容をご確認ください""}"
2026-02-20T12:48:42.136788+09:00,BUY_ENTRY,6378,1498.0,100,limit,0.7727,139600,1497.7,,FAIL,"{""Code"": 21, ""Message"": ""可能額が不足しております。ご注文内容をご確認ください""}"
2026-02-20T12:48:43.022245+09:00,SELL_ENTRY,268A,1754.0,100,limit,0.0000,-263200,1753.0,,FAIL,"{""Code"": 21, ""Message"": ""可能額が不足しております。ご注文内容をご確認ください""}"
2026-02-20T12:48:43.841391+09:00,SELL_ENTRY,268A,1754.0,100,limit,0.0000,-263200,1753.0,,FAIL,"{""Code"": 21, ""Message"": ""可能額が不足しております。ご注文内容をご確認ください""}"
2026-02-20T12:48:44.657456+09:00,SELL_ENTRY,268A,1754.0,100,limit,0.0000,-263200,1753.0,,FAIL,"{""Code"": 21, ""Message"": ""可能額が不足しております。ご注文内容をご確認ください""}"
2026-02-20T12:48:45.479498+09:00,SELL_ENTRY,268A,1754.0,100,limit,0.0000,-263200,1753.0,,FAIL,"{""Code"": 21, ""Message"": ""可能額が不足しております。ご注文内容をご確認ください""}"
2026-02-20T12:48:46.282610+09:00,SELL_ENTRY,268A,1754.0,100,limit,0.0000,-263200,1753.0,,FAIL,"{""Code"": 21, ""Message"": ""可能額が不足しております。ご注文内容をご確認ください""}"
2026-02-20T12:48:47.116551+09:00,SELL_ENTRY,268A,1755.0,100,limit,0.0000,-263200,1753.0,,FAIL,"{""Code"": 21, ""Message"": ""可能額が不足しております。ご注文内容をご確認ください""}"
2026-02-20T12:48:47.954489+09:00,SELL_ENTRY,268A,1752.0,100,limit,-0.3333,-257900,1751.3,,FAIL,"{""Code"": 21, ""Message"": ""可能額が不足しております。ご注文内容をご確認ください""}"
2026-02-20T12:48:48.761684+09:00,SELL_ENTRY,268A,1752.0,100,limit,-0.3333,-258600,1751.3,,FAIL,"{""Code"": 21, ""Message"": ""可能額が不足しております。ご注文内容をご確認ください""}"
2026-02-20T12:49:07.783259+09:00,SELL_ENTRY,268A,1752.0,100,limit,-0.7333,-193900,1752.1,,FAIL,"{""Code"": 21, ""Message"": ""可能額が不足しております。ご注文内容をご確認ください""}"
2026-02-20T12:49:08.609372+09:00,SELL_ENTRY,268A,1752.0,100,limit,-0.6250,-194900,1752.2,,FAIL,"{""Code"": 21, ""Message"": ""可能額が不足しております。ご注文内容をご確認ください""}"
2026-02-20T12:49:18.457249+09:00,BUY_ENTRY,4005,567.8,100,limit,0.7143,23400,567.9,,OK,"{""Result"": 0, ""OrderId"": ""20260220A02N49939404""}"
2026-02-20T12:49:59.400387+09:00,CLOSE_SIGNAL,4005,567.9,100,limit,,,,10,OK,"{""Result"": 0, ""OrderId"": ""20260220A02N49939469""}"
2026-02-20T12:50:14.202159+09:00,SELL_ENTRY,9501,697.8,100,limit,-0.9265,-4132200,697.7,,OK,"{""Result"": 0, ""OrderId"": ""20260220A02N49939509""}"
2026-02-20T12:50:15.015841+09:00,CLOSE_SIGNAL,9501,697.7,100,limit,,,,10,OK,"{""Result"": 0, ""OrderId"": ""20260220A02N49939513""}"
2026-02-20T12:50:33.433432+09:00,BUY_ENTRY,4582,199.0,100,limit,0.7818,3451300,198.9,,OK,"{""Result"": 0, ""OrderId"": ""20260220A02N49939555""}"
2026-02-20T12:50:54.631523+09:00,CLOSE_SIGNAL,4582,199.0,100,limit,,,,0,OK,"{""Result"": 0, ""OrderId"": ""20260220A02N49939599""}"
2026-02-20T12:51:11.528442+09:00,BUY_ENTRY,4582,197.0,100,limit,0.9694,30100,198.0,,OK,"{""Result"": 0, ""OrderId"": ""20260220A02N49939629""}"
2026-02-20T12:51:30.145337+09:00,CLOSE_SIGNAL,4582,198.0,100,limit,,,,100,OK,"{""Result"": 0, ""OrderId"": ""20260220A02N49939661""}"
2026-02-20T12:51:55.682220+09:00,BUY_ENTRY,3923,758.9,100,limit,0.9048,128400,759.0,,OK,"{""Result"": 0, ""OrderId"": ""20260220A02N49939692""}"
2026-02-20T12:52:02.577761+09:00,CLOSE_SIGNAL,3923,758.0,100,limit,,,,-90,OK,"{""Result"": 0, ""OrderId"": ""20260220A02N49939703""}"
2026-02-20T12:52:21.440473+09:00,BUY_ENTRY,4582,197.0,100,limit,0.8407,4323000,196.9,,OK,"{""Result"": 0, ""OrderId"": ""20260220A02N49939740""}"
2026-02-20T12:52:44.863221+09:00,CLOSE_SIGNAL,4582,194.0,100,limit,,,,-300,OK,"{""Result"": 0, ""OrderId"": ""20260220A02N49939785""}"
2026-02-20T12:52:48.497981+09:00,SELL_ENTRY,9501,697.2,100,limit,-0.9643,-1096200,697.2,,OK,"{""Result"": 0, ""OrderId"": ""20260220A02N49939797""}"
2026-02-20T12:52:58.064346+09:00,CLOSE_SIGNAL,9501,697.4,100,limit,,,,-20,OK,"{""Result"": 0, ""OrderId"": ""20260220A02N49939821""}"
2026-02-20T12:53:02.197628+09:00,BUY_ENTRY,4582,193.0,100,limit,0.9896,856300,194.0,,OK,"{""Result"": 0, ""OrderId"": ""20260220A02N49939830""}"
2026-02-20T12:53:15.478358+09:00,CLOSE_SIGNAL,4582,192.0,100,limit,,,,-100,OK,"{""Result"": 0, ""OrderId"": ""20260220A02N49939854""}"
2026-02-20T12:53:36.903391+09:00,BUY_ENTRY,6378,1509.0,100,limit,0.3333,139500,1510.0,,FAIL,"{""Code"": 21, ""Message"": ""可能額が不足しております。ご注文内容をご確認ください""}"
2026-02-20T12:53:37.345212+09:00,BUY_ENTRY,6378,1509.0,100,limit,0.6667,139900,1510.8,,FAIL,"{""Code"": 21, ""Message"": ""可能額が不足しております。ご注文内容をご確認ください""}"
2026-02-20T12:53:42.312677+09:00,BUY_ENTRY,6378,1509.0,100,limit,0.6667,140300,1510.8,,FAIL,"{""Code"": 21, ""Message"": ""可能額が不足しております。ご注文内容をご確認ください""}"
2026-02-20T12:53:42.951939+09:00,BUY_ENTRY,6378,1509.0,100,limit,0.6667,140700,1510.8,,FAIL,"{""Code"": 21, ""Message"": ""可能額が不足しております。ご注文内容をご確認ください""}"
2026-02-20T12:53:48.763206+09:00,BUY_ENTRY,4582,192.0,100,limit,0.6187,1914700,192.8,,OK,"{""Result"": 0, ""OrderId"": ""20260220A02N49939909""}"
2026-02-20T12:54:13.950208+09:00,CLOSE_SIGNAL,4582,194.0,100,limit,,,,200,OK,"{""Result"": 0, ""OrderId"": ""20260220A02N49939967""}"
2026-02-20T12:54:14.556045+09:00,BUY_ENTRY,268A,1750.0,100,limit,0.6667,108300,1749.8,,FAIL,"{""Code"": 21, ""Message"": ""可能額が不足しております。ご注文内容をご確認ください""}"
2026-02-20T12:54:19.898194+09:00,BUY_ENTRY,4582,195.0,100,limit,0.6933,75600,194.8,,OK,"{""Result"": 0, ""OrderId"": ""20260220A02N49939984""}"
2026-02-20T12:54:32.125989+09:00,CLOSE_SIGNAL,4582,196.0,100,limit,,,,100,OK,"{""Result"": 0, ""OrderId"": ""20260220A02N49989001""}"
2026-02-20T12:54:36.636336+09:00,BUY_ENTRY,6378,1508.0,100,limit,0.5000,133500,1507.2,,FAIL,"{""Code"": 21, ""Message"": ""可能額が不足しております。ご注文内容をご確認ください""}"
2026-02-20T12:54:36.998805+09:00,BUY_ENTRY,6378,1508.0,100,limit,0.5000,133700,1507.2,,FAIL,"{""Code"": 21, ""Message"": ""可能額が不足しております。ご注文内容をご確認ください""}"
2026-02-20T12:55:11.800519+09:00,BUY_ENTRY,4005,569.2,100,limit,0.5385,339200,569.2,,OK,"{""Result"": 0, ""OrderId"": ""20260220A02N49989069""}"
2026-02-20T12:55:14.460947+09:00,CLOSE_SIGNAL,4005,569.3,100,limit,,,,10,OK,"{""Result"": 0, ""OrderId"": ""20260220A02N49989081""}"
2026-02-20T12:55:20.650450+09:00,BUY_ENTRY,3923,756.8,100,limit,0.6000,61500,756.9,,OK,"{""Result"": 0, ""OrderId"": ""20260220A02N49989087""}"
2026-02-20T12:55:21.574730+09:00,CLOSE_SIGNAL,3923,756.9,100,limit,,,,10,FAIL,"{""Code"": 1009001, ""Message"": ""建玉が選択されていません。""}"
2026-02-20T12:55:57.438570+09:00,BUY_ENTRY,268A,1753.0,100,limit,0.6250,106100,1752.8,,FAIL,"{""Code"": 21, ""Message"": ""可能額が不足しております。ご注文内容をご確認ください""}"
2026-02-20T12:55:57.956879+09:00,BUY_ENTRY,268A,1753.0,100,limit,0.6250,107100,1752.8,,FAIL,"{""Code"": 21, ""Message"": ""可能額が不足しております。ご注文内容をご確認ください""}"
2026-02-20T12:55:58.314139+09:00,BUY_ENTRY,268A,1753.0,100,limit,0.7333,108200,1752.9,,FAIL,"{""Code"": 21, ""Message"": ""可能額が不足しております。ご注文内容をご確認ください""}"
2026-02-20T12:56:08.192972+09:00,BUY_ENTRY,4582,195.0,100,limit,0.8980,9561000,195.9,,OK,"{""Result"": 0, ""OrderId"": ""20260220A02N49989185""}"
2026-02-20T12:56:23.706383+09:00,CLOSE_SIGNAL,4582,195.0,100,limit,,,,0,OK,"{""Result"": 0, ""OrderId"": ""20260220A02N49989221""}"
2026-02-20T12:56:40.677496+09:00,BUY_ENTRY,4005,569.2,100,limit,0.9792,50800,569.2,,FAIL,"{""Code"": 21, ""Message"": ""可能額が不足しております。ご注文内容をご確認ください""}"
2026-02-20T12:56:59.493503+09:00,BUY_ENTRY,268A,1750.0,100,limit,0.7857,125800,1750.9,,FAIL,"{""Code"": 21, ""Message"": ""可能額が不足しております。ご注文内容をご確認ください""}"
2026-02-20T12:56:59.862869+09:00,BUY_ENTRY,268A,1750.0,100,limit,0.7857,128000,1750.9,,FAIL,"{""Code"": 21, ""Message"": ""可能額が不足しております。ご注文内容をご確認ください""}"
2026-02-20T12:57:00.238668+09:00,BUY_ENTRY,4582,195.0,100,limit,0.7981,80900,195.9,,OK,"{""Result"": 0, ""OrderId"": ""20260220A02N49989281""}"
2026-02-20T12:57:04.829025+09:00,CLOSE_SIGNAL,4582,196.0,100,limit,,,,100,OK,"{""Result"": 0, ""OrderId"": ""20260220A02N49989288""}"
2026-02-20T12:57:11.755021+09:00,BUY_ENTRY,3103,1261.0,100,limit,0.9894,3122700,1262.0,,FAIL,"{""Code"": 21, ""Message"": ""可能額が不足しております。ご注文内容をご確認ください""}"
2026-02-20T12:57:28.566992+09:00,SELL_ENTRY,4755,826.0,100,limit,-0.4444,-1191400,825.9,,FAIL,"{""Code"": 21, ""Message"": ""可能額が不足しております。ご注文内容をご確認ください""}"
2026-02-20T12:57:29.371297+09:00,SELL_ENTRY,4755,826.0,100,limit,-0.4444,-1192200,825.9,,FAIL,"{""Code"": 21, ""Message"": ""可能額が不足しております。ご注文内容をご確認ください""}"
2026-02-20T12:57:30.840645+09:00,BUY_ENTRY,4582,197.0,100,limit,0.3691,22100,196.7,,OK,"{""Result"": 0, ""OrderId"": ""20260220A02N49989351""}"
2026-02-20T12:57:43.814088+09:00,CLOSE_SIGNAL,4582,197.0,100,limit,,,,0,OK,"{""Result"": 0, ""OrderId"": ""20260220A02N49989370""}"
2026-02-20T12:57:57.077563+09:00,SELL_ENTRY,4582,197.0,100,limit,-0.8739,-828200,197.1,,FAIL,"{""Code"": 100302, ""Message"": ""売建規制対象銘柄の為、受付することができません。""}"
2026-02-20T12:57:57.888149+09:00,SELL_ENTRY,4582,197.0,100,limit,-0.8739,-867000,197.1,,FAIL,"{""Code"": 100302, ""Message"": ""売建規制対象銘柄の為、受付することができません。""}"
2026-02-20T12:58:27.038580+09:00,BUY_ENTRY,6378,1489.0,100,limit,0.5385,225300,1488.1,,FAIL,"{""Code"": 21, ""Message"": ""可能額が不足しております。ご注文内容をご確認ください""}"
2026-02-20T12:58:57.575286+09:00,BUY_ENTRY,4582,198.0,100,limit,0.8058,16896000,197.9,,OK,"{""Result"": 0, ""OrderId"": ""20260220A02N49989514""}"
2026-02-20T12:59:24.244598+09:00,CLOSE_SIGNAL,4582,198.0,100,limit,,,,0,OK,"{""Result"": 0, ""OrderId"": ""20260220A02N49989564""}"
2026-02-20T12:59:48.589453+09:00,SELL_ENTRY,4582,198.0,100,limit,-0.2984,-964200,198.4,,FAIL,"{""Code"": 100302, ""Message"": ""売建規制対象銘柄の為、受付することができません。""}"
2026-02-20T12:59:49.427367+09:00,SELL_ENTRY,4582,198.0,100,limit,-0.3101,-986400,198.3,,FAIL,"{""Code"": 100302, ""Message"": ""売建規制対象銘柄の為、受付することができません。""}"
2026-02-20T12:59:50.231444+09:00,SELL_ENTRY,4582,198.0,100,limit,-0.3101,-1008600,198.3,,FAIL,"{""Code"": 100302, ""Message"": ""売建規制対象銘柄の為、受付することができません。""}"
2026-02-20T12:59:56.162073+09:00,BUY_ENTRY,268A,1751.0,100,limit,0.8182,190100,1750.9,,FAIL,"{""Code"": 21, ""Message"": ""可能額が不足しております。ご注文内容をご確認ください""}"
2026-02-20T12:59:56.609838+09:00,BUY_ENTRY,268A,1751.0,100,limit,0.8182,191000,1750.9,,FAIL,"{""Code"": 21, ""Message"": ""可能額が不足しております。ご注文内容をご確認ください""}"
2026-02-20T12:59:56.964014+09:00,BUY_ENTRY,268A,1751.0,100,limit,0.8182,191900,1750.9,,FAIL,"{""Code"": 21, ""Message"": ""可能額が不足しております。ご注文内容をご確認ください""}"
2026-02-20T13:00:12.956072+09:00,BUY_ENTRY,3103,1257.0,100,limit,0.6667,2945600,1256.8,,FAIL,"{""Code"": 21, ""Message"": ""可能額が不足しております。ご注文内容をご確認ください""}"
2026-02-20T13:00:13.921917+09:00,BUY_ENTRY,6378,1490.0,100,limit,0.6000,212900,1490.6,,FAIL,"{""Code"": 21, ""Message"": ""可能額が不足しております。ご注文内容をご確認ください""}"
2026-02-20T13:00:14.379962+09:00,BUY_ENTRY,6378,1491.0,100,limit,0.6000,213200,1490.6,,FAIL,"{""Code"": 21, ""Message"": ""可能額が不足しております。ご注文内容をご確認ください""}"
2026-02-20T13:00:14.761328+09:00,BUY_ENTRY,6378,1493.0,100,limit,0.6000,213500,1490.6,,FAIL,"{""Code"": 21, ""Message"": ""可能額が不足しております。ご注文内容をご確認ください""}"
2026-02-20T13:00:15.103973+09:00,BUY_ENTRY,6378,1493.0,100,limit,0.6000,213800,1490.6,,FAIL,"{""Code"": 21, ""Message"": ""可能額が不足しております。ご注文内容をご確認ください""}"
2026-02-20T13:00:15.493031+09:00,BUY_ENTRY,6378,1493.0,100,limit,0.6000,214100,1490.6,,FAIL,"{""Code"": 21, ""Message"": ""可能額が不足しております。ご注文内容をご確認ください""}"
2026-02-20T13:00:16.324930+09:00,SELL_ENTRY,4582,200.0,100,limit,-0.8281,-820200,199.1,,FAIL,"{""Code"": 100302, ""Message"": ""売建規制対象銘柄の為、受付することができません。""}"
2026-02-20T13:00:17.112049+09:00,SELL_ENTRY,4582,200.0,100,limit,-0.8281,-917500,199.1,,FAIL,"{""Code"": 100302, ""Message"": ""売建規制対象銘柄の為、受付することができません。""}"
2026-02-20T13:00:17.887122+09:00,SELL_ENTRY,4582,200.0,100,limit,-0.8281,-1014800,199.1,,FAIL,"{""Code"": 100302, ""Message"": ""売建規制対象銘柄の為、受付することができません。""}"
2026-02-20T13:00:18.712754+09:00,SELL_ENTRY,4582,200.0,100,limit,-0.8271,-1111400,199.1,,FAIL,"{""Code"": 100302, ""Message"": ""売建規制対象銘柄の為、受付することができません。""}"
2026-02-20T13:00:19.537253+09:00,SELL_ENTRY,4582,200.0,100,limit,-0.8271,-1208000,199.1,,FAIL,"{""Code"": 100302, ""Message"": ""売建規制対象銘柄の為、受付することができません。""}"
2026-02-20T13:00:45.738465+09:00,SELL_ENTRY,4755,825.2,100,limit,-0.8571,-145200,825.2,,FAIL,"{""Code"": 21, ""Message"": ""可能額が不足しております。ご注文内容をご確認ください""}"
2026-02-20T13:00:46.538612+09:00,SELL_ENTRY,4755,825.2,100,limit,-0.8571,-146400,825.2,,FAIL,"{""Code"": 21, ""Message"": ""可能額が不足しております。ご注文内容をご確認ください""}"
2026-02-20T13:00:46.893797+09:00,BUY_ENTRY,268A,1750.0,100,limit,0.9459,186600,1750.0,,FAIL,"{""Code"": 21, ""Message"": ""可能額が不足しております。ご注文内容をご確認ください""}"
2026-02-20T13:00:47.246693+09:00,BUY_ENTRY,268A,1750.0,100,limit,0.9459,193600,1750.0,,FAIL,"{""Code"": 21, ""Message"": ""可能額が不足しております。ご注文内容をご確認ください""}"
2026-02-20T13:00:47.610889+09:00,BUY_ENTRY,268A,1751.0,100,limit,0.9459,200600,1750.0,,FAIL,"{""Code"": 21, ""Message"": ""可能額が不足しております。ご注文内容をご確認ください""}"
2026-02-20T13:00:47.984705+09:00,BUY_ENTRY,268A,1751.0,100,limit,0.9459,207600,1750.0,,FAIL,"{""Code"": 21, ""Message"": ""可能額が不足しております。ご注文内容をご確認ください""}"
2026-02-20T13:00:54.555577+09:00,BUY_ENTRY,9501,696.5,100,limit,0.7941,882100,696.7,,OK,"{""Result"": 0, ""OrderId"": ""20260220A02N49989685""}"
2026-02-20T13:01:01.743477+09:00,CLOSE_SIGNAL,9501,696.8,100,limit,,,,30,OK,"{""Result"": 0, ""OrderId"": ""20260220A02N49989697""}"
2026-02-20T13:01:02.100745+09:00,BUY_ENTRY,4582,200.0,100,limit,0.4578,3214400,199.7,,OK,"{""Result"": 0, ""OrderId"": ""20260220A02N49989700""}"
2026-02-20T13:01:10.564222+09:00,CLOSE_SIGNAL,4582,198.0,100,limit,,,,-200,OK,"{""Result"": 0, ""OrderId"": ""20260220A02N49989728""}"
2026-02-20T13:01:26.323590+09:00,BUY_ENTRY,4582,197.0,100,limit,0.9722,26200,197.0,,OK,"{""Result"": 0, ""OrderId"": ""20260220A02N49989752""}"
2026-02-20T13:01:43.802490+09:00,CLOSE_SIGNAL,4582,196.0,100,limit,,,,-100,OK,"{""Result"": 0, ""OrderId"": ""20260220A02N49989780""}"
2026-02-20T13:01:51.037326+09:00,BUY_ENTRY,3923,756.4,100,limit,0.6000,1800,756.3,,OK,"{""Result"": 0, ""OrderId"": ""20260220A02N49989791""}"
2026-02-20T13:02:10.391645+09:00,CLOSE_SIGNAL,3923,756.1,100,limit,,,,-30,OK,"{""Result"": 0, ""OrderId"": ""20260220A02N49989816""}"
2026-02-20T13:02:21.848044+09:00,BUY_ENTRY,6378,1493.0,100,limit,0.2000,217000,1496.0,,FAIL,"{""Code"": 21, ""Message"": ""可能額が不足しております。ご注文内容をご確認ください""}"
2026-02-20T13:02:32.826133+09:00,SELL_ENTRY,4582,200.0,100,limit,-0.9286,-251900,199.0,,FAIL,"{""Code"": 100302, ""Message"": ""売建規制対象銘柄の為、受付することができません。""}"
2026-02-20T13:02:33.647754+09:00,SELL_ENTRY,4582,200.0,100,limit,-0.9286,-277900,199.0,,FAIL,"{""Code"": 100302, ""Message"": ""売建規制対象銘柄の為、受付することができません。""}"
2026-02-20T13:02:34.496576+09:00,SELL_ENTRY,4582,200.0,100,limit,-0.9286,-303900,199.0,,FAIL,"{""Code"": 100302, ""Message"": ""売建規制対象銘柄の為、受付することができません。""}"
2026-02-20T13:02:35.329478+09:00,SELL_ENTRY,4582,200.0,100,limit,-0.6265,-324700,199.2,,FAIL,"{""Code"": 100302, ""Message"": ""売建規制対象銘柄の為、受付することができません。""}"
2026-02-20T13:03:13.125141+09:00,SELL_ENTRY,9501,697.6,100,limit,-0.9184,-409300,697.7,,OK,"{""Result"": 0, ""OrderId"": ""20260220A02N49989918""}"
2026-02-20T13:03:20.662172+09:00,CLOSE_SIGNAL,9501,697.5,100,limit,,,,10,OK,"{""Result"": 0, ""OrderId"": ""20260220A02N49989934""}"
2026-02-20T13:03:49.257155+09:00,SELL_ENTRY,4582,199.0,100,limit,-0.5682,-11300,199.2,,FAIL,"{""Code"": 100302, ""Message"": ""売建規制対象銘柄の為、受付することができません。""}"
2026-02-20T13:03:50.071577+09:00,SELL_ENTRY,4582,199.0,100,limit,-0.9067,-63800,199.0,,FAIL,"{""Code"": 100302, ""Message"": ""売建規制対象銘柄の為、受付することができません。""}"
2026-02-20T13:03:50.863981+09:00,SELL_ENTRY,4582,199.0,100,limit,-0.8904,-115800,199.1,,FAIL,"{""Code"": 100302, ""Message"": ""売建規制対象銘柄の為、受付することができません。""}"
2026-02-20T13:03:51.682069+09:00,SELL_ENTRY,4582,199.0,100,limit,-0.8904,-167800,199.1,,FAIL,"{""Code"": 100302, ""Message"": ""売建規制対象銘柄の為、受付することができません。""}"
2026-02-20T13:03:52.488305+09:00,SELL_ENTRY,4582,199.0,100,limit,-0.8904,-219800,199.1,,FAIL,"{""Code"": 100302, ""Message"": ""売建規制対象銘柄の為、受付することができません。""}"
2026-02-20T13:03:53.297087+09:00,SELL_ENTRY,4582,199.0,100,limit,-0.8904,-271800,199.1,,FAIL,"{""Code"": 100302, ""Message"": ""売建規制対象銘柄の為、受付することができません。""}"
2026-02-20T13:04:53.540447+09:00,BUY_ENTRY,3103,1243.0,100,limit,0.7143,3288300,1243.9,,FAIL,"{""Code"": 21, ""Message"": ""可能額が不足しております。ご注文内容をご確認ください""}"
2026-02-20T13:04:53.977489+09:00,BUY_ENTRY,3103,1243.0,100,limit,0.7143,3289300,1243.9,,FAIL,"{""Code"": 21, ""Message"": ""可能額が不足しております。ご注文内容をご確認ください""}"
2026-02-20T13:05:00.073202+09:00,BUY_ENTRY,268A,1756.0,100,limit,0.4286,291200,1755.7,,FAIL,"{""Code"": 21, ""Message"": ""可能額が不足しております。ご注文内容をご確認ください""}"
2026-02-20T13:05:00.541558+09:00,BUY_ENTRY,268A,1756.0,100,limit,0.6667,292000,1755.8,,FAIL,"{""Code"": 21, ""Message"": ""可能額が不足しております。ご注文内容をご確認ください""}"
2026-02-20T13:05:00.935217+09:00,BUY_ENTRY,268A,1756.0,100,limit,0.6667,292800,1755.8,,FAIL,"{""Code"": 21, ""Message"": ""可能額が不足しております。ご注文内容をご確認ください""}"
2026-02-20T13:05:01.321026+09:00,BUY_ENTRY,268A,1757.0,100,limit,0.6667,293600,1755.8,,FAIL,"{""Code"": 21, ""Message"": ""可能額が不足しております。ご注文内容をご確認ください""}"
2026-02-20T13:05:01.980910+09:00,BUY_ENTRY,3103,1245.0,100,limit,0.4286,3278100,1244.4,,FAIL,"{""Code"": 21, ""Message"": ""可能額が不足しております。ご注文内容をご確認ください""}"
2026-02-20T13:05:03.738169+09:00,BUY_ENTRY,268A,1762.0,100,limit,0.8095,248000,1762.8,,FAIL,"{""Code"": 21, ""Message"": ""可能額が不足しております。ご注文内容をご確認ください""}"
2026-02-20T13:05:04.122194+09:00,BUY_ENTRY,268A,1762.0,100,limit,0.8095,249700,1762.8,,FAIL,"{""Code"": 21, ""Message"": ""可能額が不足しております。ご注文内容をご確認ください""}"
2026-02-20T13:05:17.170410+09:00,BUY_ENTRY,4582,198.0,100,limit,0.7832,1774000,197.9,,OK,"{""Result"": 0, ""OrderId"": ""20260220A02N49999065""}"
2026-02-20T13:05:18.452907+09:00,CLOSE_SIGNAL,4582,198.0,100,limit,,,,0,OK,"{""Result"": 0, ""OrderId"": ""20260220A02N49999068""}"
2026-02-20T13:05:23.492834+09:00,SELL_ENTRY,4005,568.6,100,limit,-0.8462,-245100,568.6,,OK,"{""Result"": 0, ""OrderId"": ""20260220A02N49999076""}"
2026-02-20T13:06:01.141629+09:00,CLOSE_SIGNAL,4005,568.8,100,limit,,,,-20,OK,"{""Result"": 0, ""OrderId"": ""20260220A02N49999112""}"
2026-02-20T13:06:08.667388+09:00,BUY_ENTRY,6378,1495.0,100,limit,0.8182,211400,1494.9,,FAIL,"{""Code"": 21, ""Message"": ""可能額が不足しております。ご注文内容をご確認ください""}"
2026-02-20T13:06:17.939467+09:00,SELL_ENTRY,4005,568.7,100,limit,-0.5294,-45900,568.7,,OK,"{""Result"": 0, ""OrderId"": ""20260220A02N49999128""}"
2026-02-20T13:06:29.682904+09:00,CLOSE_SIGNAL,4005,569.2,100,limit,,,,-50,OK,"{""Result"": 0, ""OrderId"": ""20260220A02N49999144""}"
2026-02-20T13:06:52.729871+09:00,BUY_ENTRY,9501,696.0,100,limit,0.1064,1659800,696.1,,OK,"{""Result"": 0, ""OrderId"": ""20260220A02N49999167""}"
2026-02-20T13:06:57.672883+09:00,CLOSE_SIGNAL,9501,696.2,100,limit,,,,20,OK,"{""Result"": 0, ""OrderId"": ""20260220A02N49999173""}"
2026-02-20T13:07:21.542259+09:00,BUY_ENTRY,3103,1242.0,100,limit,0.8462,3208500,1242.9,,FAIL,"{""Code"": 21, ""Message"": ""可能額が不足しております。ご注文内容をご確認ください""}"
2026-02-20T13:07:33.519931+09:00,BUY_ENTRY,4582,197.0,100,limit,0.9514,1447200,197.0,,OK,"{""Result"": 0, ""OrderId"": ""20260220A02N49999210""}"
2026-02-20T13:08:04.783501+09:00,CLOSE_SIGNAL,4582,198.0,100,limit,,,,100,OK,"{""Result"": 0, ""OrderId"": ""20260220A02N49999261""}"
2026-02-20T13:08:19.532201+09:00,SELL_ENTRY,4582,197.0,100,limit,-0.6622,-593100,197.2,,FAIL,"{""Code"": 100302, ""Message"": ""売建規制対象銘柄の為、受付することができません。""}"
2026-02-20T13:08:20.334246+09:00,SELL_ENTRY,4582,197.0,100,limit,-0.6622,-632700,197.2,,FAIL,"{""Code"": 100302, ""Message"": ""売建規制対象銘柄の為、受付することができません。""}"
2026-02-20T13:08:21.848371+09:00,BUY_ENTRY,3923,757.1,100,limit,0.5000,88000,757.2,,OK,"{""Result"": 0, ""OrderId"": ""20260220A02N49999287""}"
2026-02-20T13:08:41.108800+09:00,CLOSE_SIGNAL,3923,757.6,100,limit,,,,50,OK,"{""Result"": 0, ""OrderId"": ""20260220A02N49999321""}"
2026-02-20T13:09:03.354556+09:00,SELL_ENTRY,4005,570.3,100,limit,-0.2632,-27200,570.2,,OK,"{""Result"": 0, ""OrderId"": ""20260220A02N49999337""}"
2026-02-20T13:09:34.235765+09:00,CLOSE_SIGNAL,4005,570.3,100,limit,,,,0,OK,"{""Result"": 0, ""OrderId"": ""20260220A02N49999370""}"
2026-02-20T13:09:47.176155+09:00,BUY_ENTRY,4582,197.0,100,limit,0.9843,24422600,197.0,,OK,"{""Result"": 0, ""OrderId"": ""20260220A02N49999407""}"
2026-02-20T13:09:49.014913+09:00,CLOSE_SIGNAL,4582,197.0,100,limit,,,,0,OK,"{""Result"": 0, ""OrderId"": ""20260220A02N49999412""}"
2026-02-20T13:10:18.230579+09:00,BUY_ENTRY,6378,1505.0,100,limit,0.6667,191500,1504.5,,FAIL,"{""Code"": 21, ""Message"": ""可能額が不足しております。ご注文内容をご確認ください""}"
2026-02-20T13:10:18.594281+09:00,BUY_ENTRY,6378,1505.0,100,limit,0.6667,191900,1504.5,,FAIL,"{""Code"": 21, ""Message"": ""可能額が不足しております。ご注文内容をご確認ください""}"
2026-02-20T13:10:44.099718+09:00,SELL_ENTRY,4755,825.0,100,limit,-0.7500,-856500,824.8,,FAIL,"{""Code"": 21, ""Message"": ""可能額が不足しております。ご注文内容をご確認ください""}"
2026-02-20T13:10:52.847933+09:00,SELL_ENTRY,9501,696.2,100,limit,-0.8889,-756700,696.2,,OK,"{""Result"": 0, ""OrderId"": ""20260220A02N49999471""}"
2026-02-20T13:10:55.365207+09:00,CLOSE_SIGNAL,9501,696.1,100,limit,,,,10,OK,"{""Result"": 0, ""OrderId"": ""20260220A02N49999476""}"
2026-02-20T13:11:04.447355+09:00,BUY_ENTRY,3103,1245.0,100,limit,0.7500,2903600,1244.9,,FAIL,"{""Code"": 21, ""Message"": ""可能額が不足しております。ご注文内容をご確認ください""}"
2026-02-20T13:11:04.796457+09:00,BUY_ENTRY,3103,1244.0,100,limit,0.7500,2904800,1244.9,,FAIL,"{""Code"": 21, ""Message"": ""可能額が不足しております。ご注文内容をご確認ください""}"
2026-02-20T13:11:05.169473+09:00,BUY_ENTRY,3103,1244.0,100,limit,0.7333,2905900,1244.9,,FAIL,"{""Code"": 21, ""Message"": ""可能額が不足しております。ご注文内容をご確認ください""}"
2026-02-20T13:11:05.524112+09:00,BUY_ENTRY,3103,1244.0,100,limit,0.7333,2907000,1244.9,,FAIL,"{""Code"": 21, ""Message"": ""可能額が不足しております。ご注文内容をご確認ください""}"
2026-02-20T13:11:17.474358+09:00,SELL_ENTRY,4005,570.2,100,limit,-0.8261,-54400,570.2,,OK,"{""Result"": 0, ""OrderId"": ""20260220A02N49999493""}"
2026-02-20T13:11:51.680712+09:00,CLOSE_SIGNAL,4005,570.0,100,limit,,,,20,OK,"{""Result"": 0, ""OrderId"": ""20260220A02N49999542""}"
2026-02-20T13:11:58.932226+09:00,BUY_ENTRY,268A,1780.0,100,limit,0.6667,358400,1779.8,,FAIL,"{""Code"": 21, ""Message"": ""可能額が不足しております。ご注文内容をご確認ください""}"
2026-02-20T13:11:59.285775+09:00,BUY_ENTRY,268A,1780.0,100,limit,0.6667,359200,1779.8,,FAIL,"{""Code"": 21, ""Message"": ""可能額が不足しております。ご注文内容をご確認ください""}"
2026-02-20T13:12:04.781758+09:00,SELL_ENTRY,9501,695.7,100,limit,-0.8077,-14800,695.7,,FAIL,"{""Code"": 100313, ""Message"": ""同一銘柄の買い注文と売り注文を同時に行うご注文は、取引時間中における不公正取引の仮装売買（クロス）に該当する可能性があるため、未約定の反対注文の状況をご確認のうえ、執行条件を変更してください。""}"
2026-02-20T13:12:05.715803+09:00,SELL_ENTRY,9501,695.7,100,limit,-0.8889,-6500,695.7,,FAIL,"{""Code"": 100313, ""Message"": ""同一銘柄の買い注文と売り注文を同時に行うご注文は、取引時間中における不公正取引の仮装売買（クロス）に該当する可能性があるため、未約定の反対注文の状況をご確認のうえ、執行条件を変更してください。""}"
2026-02-20T13:12:23.757779+09:00,BUY_ENTRY,3103,1242.0,100,limit,0.8462,2989200,1241.9,,FAIL,"{""Code"": 21, ""Message"": ""可能額が不足しております。ご注文内容をご確認ください""}"
2026-02-20T13:12:45.492758+09:00,BUY_ENTRY,3103,1241.0,100,limit,0.7297,2946000,1240.9,,FAIL,"{""Code"": 21, ""Message"": ""可能額が不足しております。ご注文内容をご確認ください""}"
2026-02-20T13:12:45.959456+09:00,BUY_ENTRY,3103,1241.0,100,limit,0.7436,2948900,1240.9,,FAIL,"{""Code"": 21, ""Message"": ""可能額が不足しております。ご注文内容をご確認ください""}"
2026-02-20T13:12:50.155512+09:00,SELL_ENTRY,4755,824.9,100,limit,-0.6842,-585600,825.0,,FAIL,"{""Code"": 21, ""Message"": ""可能額が不足しております。ご注文内容をご確認ください""}"
2026-02-20T13:13:26.592791+09:00,BUY_ENTRY,3103,1240.0,100,limit,0.9333,3026800,1240.0,,FAIL,"{""Code"": 21, ""Message"": ""可能額が不足しております。ご注文内容をご確認ください""}"
2026-02-20T13:13:26.956386+09:00,BUY_ENTRY,3103,1240.0,100,limit,0.9333,3029600,1240.0,,FAIL,"{""Code"": 21, ""Message"": ""可能額が不足しております。ご注文内容をご確認ください""}"
2026-02-20T13:13:45.437933+09:00,BUY_ENTRY,6378,1524.0,100,limit,0.5000,125400,1521.8,,FAIL,"{""Code"": 21, ""Message"": ""可能額が不足しております。ご注文内容をご確認ください""}"
2026-02-20T13:13:45.788116+09:00,BUY_ENTRY,6378,1524.0,100,limit,0.5000,125600,1521.8,,FAIL,"{""Code"": 21, ""Message"": ""可能額が不足しております。ご注文内容をご確認ください""}"
2026-02-20T13:14:01.181109+09:00,BUY_ENTRY,268A,1791.0,100,limit,0.6364,239100,1791.8,,FAIL,"{""Code"": 21, ""Message"": ""可能額が不足しております。ご注文内容をご確認ください""}"
2026-02-20T13:14:01.558234+09:00,BUY_ENTRY,268A,1791.0,100,limit,0.7143,240100,1791.9,,FAIL,"{""Code"": 21, ""Message"": ""可能額が不足しております。ご注文内容をご確認ください""}"
2026-02-20T13:14:02.129221+09:00,BUY_ENTRY,268A,1791.0,100,limit,0.8095,241800,1791.9,,FAIL,"{""Code"": 21, ""Message"": ""可能額が不足しております。ご注文内容をご確認ください""}"
2026-02-20T13:14:02.499679+09:00,BUY_ENTRY,268A,1791.0,100,limit,0.8095,243500,1791.9,,FAIL,"{""Code"": 21, ""Message"": ""可能額が不足しております。ご注文内容をご確認ください""}"
2026-02-20T13:14:02.853953+09:00,BUY_ENTRY,268A,1792.0,100,limit,0.8095,245200,1791.9,,FAIL,"{""Code"": 21, ""Message"": ""可能額が不足しております。ご注文内容をご確認ください""}"
2026-02-20T13:14:03.215877+09:00,BUY_ENTRY,268A,1792.0,100,limit,0.8095,246900,1791.9,,FAIL,"{""Code"": 21, ""Message"": ""可能額が不足しております。ご注文内容をご確認ください""}"
2026-02-20T13:14:06.290375+09:00,BUY_ENTRY,4582,196.0,100,limit,0.9371,54327500,197.0,,OK,"{""Result"": 0, ""OrderId"": ""20260220A02N49999696""}"
2026-02-20T13:14:37.911210+09:00,CLOSE_SIGNAL,4582,196.0,100,limit,,,,0,OK,"{""Result"": 0, ""OrderId"": ""20260220A02N49999736""}"
2026-02-20T13:14:47.342781+09:00,BUY_ENTRY,4005,571.4,100,limit,0.5263,184400,571.4,,OK,"{""Result"": 0, ""OrderId"": ""20260220A02N49999749""}"
2026-02-20T13:15:02.469349+09:00,CLOSE_SIGNAL,4005,571.7,100,limit,,,,30,OK,"{""Result"": 0, ""OrderId"": ""20260220A02N49999771""}"
2026-02-20T13:15:20.608643+09:00,BUY_ENTRY,268A,1809.0,100,limit,0.7333,213900,1808.9,,FAIL,"{""Code"": 21, ""Message"": ""可能額が不足しております。ご注文内容をご確認ください""}"
2026-02-20T13:15:20.981471+09:00,BUY_ENTRY,268A,1809.0,100,limit,0.7333,215000,1808.9,,FAIL,"{""Code"": 21, ""Message"": ""可能額が不足しております。ご注文内容をご確認ください""}"
2026-02-20T13:15:21.337011+09:00,BUY_ENTRY,268A,1809.0,100,limit,0.7333,216100,1808.9,,FAIL,"{""Code"": 21, ""Message"": ""可能額が不足しております。ご注文内容をご確認ください""}"
2026-02-20T13:15:22.614029+09:00,BUY_ENTRY,268A,1809.0,100,limit,0.7333,217200,1808.9,,FAIL,"{""Code"": 21, ""Message"": ""可能額が不足しております。ご注文内容をご確認ください""}"
2026-02-20T13:15:31.322131+09:00,SELL_ENTRY,4755,825.6,100,limit,-0.7500,-748600,825.6,,FAIL,"{""Code"": 21, ""Message"": ""可能額が不足しております。ご注文内容をご確認ください""}"
2026-02-20T13:16:15.185296+09:00,BUY_ENTRY,3103,1237.0,100,limit,0.4074,2980200,1236.7,,FAIL,"{""Code"": 21, ""Message"": ""可能額が不足しております。ご注文内容をご確認ください""}"
2026-02-20T13:16:15.541912+09:00,BUY_ENTRY,3103,1237.0,100,limit,0.4074,2981300,1236.7,,FAIL,"{""Code"": 21, ""Message"": ""可能額が不足しております。ご注文内容をご確認ください""}"
2026-02-20T13:16:15.919875+09:00,BUY_ENTRY,3103,1236.0,100,limit,0.4074,2982400,1236.7,,FAIL,"{""Code"": 21, ""Message"": ""可能額が不足しております。ご注文内容をご確認ください""}"
2026-02-20T13:16:16.804522+09:00,BUY_ENTRY,3103,1235.0,100,limit,0.6190,2983900,1234.8,,FAIL,"{""Code"": 21, ""Message"": ""可能額が不足しております。ご注文内容をご確認ください""}"
2026-02-20T13:16:17.177430+09:00,BUY_ENTRY,3103,1235.0,100,limit,0.6667,2986700,1234.8,,FAIL,"{""Code"": 21, ""Message"": ""可能額が不足しております。ご注文内容をご確認ください""}"
2026-02-20T13:17:04.619070+09:00,SELL_ENTRY,9501,696.8,100,limit,-0.7176,-703300,696.8,,OK,"{""Result"": 0, ""OrderId"": ""20260220A02N49999919""}"
2026-02-20T13:17:04.682882+09:00,CLOSE_SIGNAL,9501,696.7,100,limit,,,,10,FAIL,"{""Code"": 1009001, ""Message"": ""建玉が選択されていません。""}"
2026-02-20T13:17:25.342147+09:00,BUY_ENTRY,6378,1515.0,100,limit,0.8333,75800,1517.8,,FAIL,"{""Code"": 21, ""Message"": ""可能額が不足しております。ご注文内容をご確認ください""}"
2026-02-20T13:17:39.521542+09:00,BUY_ENTRY,3103,1243.0,100,limit,0.6250,2945400,1243.8,,FAIL,"{""Code"": 21, ""Message"": ""可能額が不足しております。ご注文内容をご確認ください""}"
2026-02-20T13:17:40.012932+09:00,BUY_ENTRY,3103,1243.0,100,limit,0.6250,2946400,1243.8,,FAIL,"{""Code"": 21, ""Message"": ""可能額が不足しております。ご注文内容をご確認ください""}"
2026-02-20T13:17:59.189525+09:00,BUY_ENTRY,268A,1789.0,100,limit,0.7143,30600,1789.9,,FAIL,"{""Code"": 21, ""Message"": ""可能額が不足しております。ご注文内容をご確認ください""}"
2026-02-20T13:18:03.629254+09:00,BUY_ENTRY,3103,1245.0,100,limit,0.6667,2859300,1245.7,,FAIL,"{""Code"": 21, ""Message"": ""可能額が不足しております。ご注文内容をご確認ください""}"
2026-02-20T13:18:05.830736+09:00,SELL_ENTRY,4755,828.4,100,limit,-0.5714,-770000,828.4,,FAIL,"{""Code"": 21, ""Message"": ""可能額が不足しております。ご注文内容をご確認ください""}"
2026-02-20T13:18:06.698148+09:00,SELL_ENTRY,4755,828.4,100,limit,-0.5714,-770800,828.4,,FAIL,"{""Code"": 21, ""Message"": ""可能額が不足しております。ご注文内容をご確認ください""}"
2026-02-20T13:18:07.544120+09:00,SELL_ENTRY,4755,828.4,100,limit,-0.7500,-772600,828.4,,FAIL,"{""Code"": 21, ""Message"": ""可能額が不足しております。ご注文内容をご確認ください""}"
2026-02-20T13:18:08.373691+09:00,SELL_ENTRY,4755,828.6,100,limit,-0.7500,-774400,828.4,,FAIL,"{""Code"": 21, ""Message"": ""可能額が不足しております。ご注文内容をご確認ください""}"
2026-02-20T13:18:09.179631+09:00,SELL_ENTRY,4755,828.6,100,limit,-0.7500,-776200,828.4,,FAIL,"{""Code"": 21, ""Message"": ""可能額が不足しております。ご注文内容をご確認ください""}"
2026-02-20T13:19:12.954106+09:00,BUY_ENTRY,3103,1246.0,100,limit,0.8462,2675500,1245.9,,FAIL,"{""Code"": 21, ""Message"": ""可能額が不足しております。ご注文内容をご確認ください""}"
2026-02-20T13:19:27.249468+09:00,BUY_ENTRY,4005,570.9,100,limit,0.7500,175600,570.9,,FAIL,"{""Code"": 21, ""Message"": ""可能額が不足しております。ご注文内容をご確認ください""}"
2026-02-20T13:19:31.711737+09:00,BUY_ENTRY,6378,1522.0,100,limit,0.8182,71900,1522.9,,FAIL,"{""Code"": 21, ""Message"": ""可能額が不足しております。ご注文内容をご確認ください""}"
2026-02-20T13:19:32.077468+09:00,BUY_ENTRY,6378,1522.0,100,limit,0.8182,73700,1522.9,,FAIL,"{""Code"": 21, ""Message"": ""可能額が不足しております。ご注文内容をご確認ください""}"
2026-02-20T13:19:34.057738+09:00,BUY_ENTRY,6378,1523.0,100,limit,0.8182,75500,1523.8,,FAIL,"{""Code"": 21, ""Message"": ""可能額が不足しております。ご注文内容をご確認ください""}"
2026-02-20T13:19:48.370935+09:00,BUY_ENTRY,4582,197.0,100,limit,0.9342,48107200,197.0,,OK,"{""Result"": 0, ""OrderId"": ""20260220A02N50028097""}"
2026-02-20T13:20:30.581295+09:00,CLOSE_SIGNAL,4582,196.0,100,limit,,,,-100,OK,"{""Result"": 0, ""OrderId"": ""20260220A02N50028132""}"
2026-02-20T13:20:35.606780+09:00,BUY_ENTRY,6378,1528.0,100,limit,0.6000,107000,1527.8,,FAIL,"{""Code"": 21, ""Message"": ""可能額が不足しております。ご注文内容をご確認ください""}"
2026-02-20T13:20:35.957526+09:00,BUY_ENTRY,6378,1528.0,100,limit,0.6000,107300,1527.8,,FAIL,"{""Code"": 21, ""Message"": ""可能額が不足しております。ご注文内容をご確認ください""}"
2026-02-20T13:20:36.312143+09:00,BUY_ENTRY,6378,1528.0,100,limit,0.6000,107600,1527.8,,FAIL,"{""Code"": 21, ""Message"": ""可能額が不足しております。ご注文内容をご確認ください""}"
2026-02-20T13:20:39.607785+09:00,BUY_ENTRY,4005,570.9,100,limit,0.7681,74600,571.0,,FAIL,"{""Code"": 21, ""Message"": ""可能額が不足しております。ご注文内容をご確認ください""}"
2026-02-20T13:20:39.969542+09:00,BUY_ENTRY,4005,570.9,100,limit,0.5918,77500,571.0,,FAIL,"{""Code"": 21, ""Message"": ""可能額が不足しております。ご注文内容をご確認ください""}"
2026-02-20T13:20:40.589725+09:00,BUY_ENTRY,4005,570.9,100,limit,0.5918,80400,571.0,,FAIL,"{""Code"": 21, ""Message"": ""可能額が不足しております。ご注文内容をご確認ください""}"
2026-02-20T13:20:52.288072+09:00,BUY_ENTRY,6378,1530.0,100,limit,0.5000,82400,1530.2,,FAIL,"{""Code"": 21, ""Message"": ""可能額が不足しております。ご注文内容をご確認ください""}"
2026-02-20T13:20:52.653856+09:00,BUY_ENTRY,6378,1530.0,100,limit,0.5000,82600,1530.2,,FAIL,"{""Code"": 21, ""Message"": ""可能額が不足しております。ご注文内容をご確認ください""}"
2026-02-20T13:20:53.006428+09:00,BUY_ENTRY,6378,1532.0,100,limit,0.5000,82800,1530.2,,FAIL,"{""Code"": 21, ""Message"": ""可能額が不足しております。ご注文内容をご確認ください""}"
2026-02-20T13:20:57.455312+09:00,SELL_ENTRY,4755,827.5,100,limit,-0.9730,-850400,827.6,,FAIL,"{""Code"": 21, ""Message"": ""可能額が不足しております。ご注文内容をご確認ください""}"
2026-02-20T13:21:16.112172+09:00,BUY_ENTRY,3103,1239.0,100,limit,0.8824,2571200,1243.9,,FAIL,"{""Code"": 21, ""Message"": ""可能額が不足しております。ご注文内容をご確認ください""}"
2026-02-20T13:21:16.459879+09:00,BUY_ENTRY,3103,1239.0,100,limit,0.8824,2572700,1243.9,,FAIL,"{""Code"": 21, ""Message"": ""可能額が不足しております。ご注文内容をご確認ください""}"
2026-02-20T13:21:16.813562+09:00,BUY_ENTRY,3103,1240.0,100,limit,0.8824,2574200,1243.9,,FAIL,"{""Code"": 21, ""Message"": ""可能額が不足しております。ご注文内容をご確認ください""}"
2026-02-20T13:21:17.151741+09:00,BUY_ENTRY,3103,1240.0,100,limit,0.8824,2575700,1243.9,,FAIL,"{""Code"": 21, ""Message"": ""可能額が不足しております。ご注文内容をご確認ください""}"
2026-02-20T13:21:23.912169+09:00,SELL_ENTRY,9501,697.4,100,limit,-0.5714,-923100,697.3,,FAIL,"{""Code"": 21, ""Message"": ""可能額が不足しております。ご注文内容をご確認ください""}"
2026-02-20T13:21:24.644442+09:00,SELL_ENTRY,9501,697.4,100,limit,-0.5714,-924700,697.3,,FAIL,"{""Code"": 21, ""Message"": ""可能額が不足しております。ご注文内容をご確認ください""}"
2026-02-20T13:21:54.468965+09:00,BUY_ENTRY,4582,196.0,100,limit,0.8496,10837500,195.9,,OK,"{""Result"": 0, ""OrderId"": ""20260220A02N50028232""}"
2026-02-20T13:22:00.083943+09:00,CLOSE_SIGNAL,4582,195.0,100,limit,,,,-100,OK,"{""Result"": 0, ""OrderId"": ""20260220A02N50028238""}"
2026-02-20T13:22:11.770124+09:00,SELL_ENTRY,9501,697.2,100,limit,-0.6667,-894900,697.1,,FAIL,"{""Code"": 21, ""Message"": ""可能額が不足しております。ご注文内容をご確認ください""}"
2026-02-20T13:22:12.599705+09:00,SELL_ENTRY,9501,697.2,100,limit,-0.6667,-895300,697.1,,FAIL,"{""Code"": 21, ""Message"": ""可能額が不足しております。ご注文内容をご確認ください""}"
2026-02-20T13:23:44.421733+09:00,BUY_ENTRY,3103,1239.0,100,limit,0.7037,2678400,1239.9,,FAIL,"{""Code"": 21, ""Message"": ""可能額が不足しております。ご注文内容をご確認ください""}"
2026-02-20T13:23:44.811191+09:00,BUY_ENTRY,3103,1239.0,100,limit,0.7037,2680300,1239.9,,FAIL,"{""Code"": 21, ""Message"": ""可能額が不足しております。ご注文内容をご確認ください""}"
2026-02-20T13:24:04.175121+09:00,BUY_ENTRY,4582,193.0,100,limit,0.7712,4525700,192.9,,OK,"{""Result"": 0, ""OrderId"": ""20260220A02N50028392""}"
2026-02-20T13:24:21.086645+09:00,CLOSE_SIGNAL,4582,192.0,100,limit,,,,-100,OK,"{""Result"": 0, ""OrderId"": ""20260220A02N50028422""}"
2026-02-20T13:24:32.142977+09:00,BUY_ENTRY,3103,1241.0,100,limit,0.5556,2300000,1240.8,,FAIL,"{""Code"": 21, ""Message"": ""可能額が不足しております。ご注文内容をご確認ください""}"
2026-02-20T13:24:32.519192+09:00,BUY_ENTRY,3103,1240.0,100,limit,0.5556,2301000,1240.8,,FAIL,"{""Code"": 21, ""Message"": ""可能額が不足しております。ご注文内容をご確認ください""}"
2026-02-20T13:25:17.830257+09:00,BUY_ENTRY,4582,191.0,100,limit,0.6969,7740600,190.8,,OK,"{""Result"": 0, ""OrderId"": ""20260220A02N50028477""}"
2026-02-20T13:25:21.802598+09:00,CLOSE_SIGNAL,4582,188.0,100,limit,,,,-300,OK,"{""Result"": 0, ""OrderId"": ""20260220A02N50028483""}"
2026-02-20T13:25:30.211189+09:00,BUY_ENTRY,6378,1531.0,100,limit,0.6000,120300,1533.0,,FAIL,"{""Code"": 21, ""Message"": ""可能額が不足しております。ご注文内容をご確認ください""}"
2026-02-20T13:25:30.553546+09:00,BUY_ENTRY,6378,1531.0,100,limit,0.6000,120600,1533.0,,FAIL,"{""Code"": 21, ""Message"": ""可能額が不足しております。ご注文内容をご確認ください""}"
2026-02-20T13:26:10.848317+09:00,SELL_ENTRY,4005,571.0,100,limit,-0.7273,-189900,571.0,,FAIL,"{""Code"": 21, ""Message"": ""可能額が不足しております。ご注文内容をご確認ください""}"
2026-02-20T13:26:23.751855+09:00,SELL_ENTRY,4755,828.8,100,limit,-0.6000,-1143000,828.8,,FAIL,"{""Code"": 21, ""Message"": ""可能額が不足しております。ご注文内容をご確認ください""}"
2026-02-20T13:26:31.514531+09:00,SELL_ENTRY,4755,828.4,100,limit,-0.4286,-1056300,828.5,,FAIL,"{""Code"": 21, ""Message"": ""可能額が不足しております。ご注文内容をご確認ください""}"
2026-02-20T13:26:32.355702+09:00,SELL_ENTRY,4755,828.4,100,limit,-0.4286,-1057200,828.5,,FAIL,"{""Code"": 21, ""Message"": ""可能額が不足しております。ご注文内容をご確認ください""}"
2026-02-20T13:26:41.444450+09:00,SELL_ENTRY,4005,570.7,100,limit,-0.9444,-162300,570.7,,FAIL,"{""Code"": 21, ""Message"": ""可能額が不足しております。ご注文内容をご確認ください""}"
2026-02-20T13:26:42.262957+09:00,SELL_ENTRY,4005,570.7,100,limit,-0.9444,-165700,570.7,,FAIL,"{""Code"": 21, ""Message"": ""可能額が不足しております。ご注文内容をご確認ください""}"
2026-02-20T13:26:48.964351+09:00,SELL_ENTRY,268A,1811.0,100,limit,-0.0909,-465600,1810.5,,FAIL,"{""Code"": 21, ""Message"": ""可能額が不足しております。ご注文内容をご確認ください""}"
2026-02-20T13:26:49.800479+09:00,SELL_ENTRY,268A,1811.0,100,limit,-0.0909,-465700,1810.5,,FAIL,"{""Code"": 21, ""Message"": ""可能額が不足しております。ご注文内容をご確認ください""}"
2026-02-20T13:26:50.660331+09:00,SELL_ENTRY,268A,1811.0,100,limit,-0.0769,-465600,1810.5,,FAIL,"{""Code"": 21, ""Message"": ""可能額が不足しております。ご注文内容をご確認ください""}"
2026-02-20T13:26:54.250886+09:00,SELL_ENTRY,268A,1811.0,100,limit,-0.8462,-460400,1811.1,,FAIL,"{""Code"": 21, ""Message"": ""可能額が不足しております。ご注文内容をご確認ください""}"
2026-02-20T13:26:55.089317+09:00,SELL_ENTRY,268A,1811.0,100,limit,-0.5556,-460900,1811.2,,FAIL,"{""Code"": 21, ""Message"": ""可能額が不足しております。ご注文内容をご確認ください""}"
2026-02-20T13:27:05.206873+09:00,SELL_ENTRY,4755,828.7,100,limit,-0.7576,-1021600,828.7,,FAIL,"{""Code"": 21, ""Message"": ""可能額が不足しております。ご注文内容をご確認ください""}"
2026-02-20T13:27:06.030061+09:00,SELL_ENTRY,4755,828.7,100,limit,-0.7576,-1024100,828.7,,FAIL,"{""Code"": 21, ""Message"": ""可能額が不足しております。ご注文内容をご確認ください""}"
2026-02-20T13:27:06.854636+09:00,SELL_ENTRY,4755,828.7,100,limit,-0.7576,-1026600,828.7,,FAIL,"{""Code"": 21, ""Message"": ""可能額が不足しております。ご注文内容をご確認ください""}"
2026-02-20T13:27:07.659743+09:00,SELL_ENTRY,4755,828.7,100,limit,-0.7576,-1029100,828.7,,FAIL,"{""Code"": 21, ""Message"": ""可能額が不足しております。ご注文内容をご確認ください""}"
2026-02-20T13:27:18.809838+09:00,BUY_ENTRY,3103,1239.0,100,limit,0.8761,2315400,1238.9,,FAIL,"{""Code"": 21, ""Message"": ""可能額が不足しております。ご注文内容をご確認ください""}"
2026-02-20T13:27:23.644712+09:00,BUY_ENTRY,4582,183.0,100,limit,0.8787,2663200,182.9,,OK,"{""Result"": 0, ""OrderId"": ""20260220A02N50028628""}"
2026-02-20T13:27:48.804402+09:00,CLOSE_SIGNAL,4582,182.0,100,limit,,,,-100,OK,"{""Result"": 0, ""OrderId"": ""20260220A02N50028663""}"
2026-02-20T13:28:28.742505+09:00,SELL_ENTRY,9501,701.9,100,limit,-0.9749,-5551000,701.9,,FAIL,"{""Code"": 21, ""Message"": ""可能額が不足しております。ご注文内容をご確認ください""}"
2026-02-20T13:28:29.549477+09:00,SELL_ENTRY,9501,701.9,100,limit,-0.9749,-5690800,701.9,,FAIL,"{""Code"": 21, ""Message"": ""可能額が不足しております。ご注文内容をご確認ください""}"
2026-02-20T13:28:30.358789+09:00,SELL_ENTRY,9501,701.9,100,limit,-0.9750,-5831000,701.9,,FAIL,"{""Code"": 21, ""Message"": ""可能額が不足しております。ご注文内容をご確認ください""}"
2026-02-20T13:28:49.734887+09:00,SELL_ENTRY,9501,701.7,100,limit,-0.9200,-7397600,701.6,,FAIL,"{""Code"": 21, ""Message"": ""可能額が不足しております。ご注文内容をご確認ください""}"
2026-02-20T13:29:02.557395+09:00,BUY_ENTRY,4582,181.0,100,limit,0.1121,460300,181.1,,OK,"{""Result"": 0, ""OrderId"": ""20260220A02N50028734""}"
2026-02-20T13:29:23.338861+09:00,CLOSE_SIGNAL,4582,181.0,100,limit,,,,0,OK,"{""Result"": 0, ""OrderId"": ""20260220A02N50028763""}"
2026-02-20T13:29:54.552545+09:00,SELL_ENTRY,268A,1805.0,100,limit,0.0000,-256200,1805.5,,FAIL,"{""Code"": 21, ""Message"": ""可能額が不足しております。ご注文内容をご確認ください""}"
2026-02-20T13:29:55.357781+09:00,SELL_ENTRY,268A,1805.0,100,limit,0.0000,-256200,1805.5,,FAIL,"{""Code"": 21, ""Message"": ""可能額が不足しております。ご注文内容をご確認ください""}"
2026-02-20T13:29:59.424683+09:00,SELL_ENTRY,268A,1805.0,100,limit,-0.1667,-255400,1805.4,,FAIL,"{""Code"": 21, ""Message"": ""可能額が不足しております。ご注文内容をご確認ください""}"
2026-02-20T13:30:00.263784+09:00,SELL_ENTRY,268A,1805.0,100,limit,-0.8571,-256600,1805.1,,FAIL,"{""Code"": 21, ""Message"": ""可能額が不足しております。ご注文内容をご確認ください""}"
2026-02-20T13:30:01.072382+09:00,SELL_ENTRY,4005,570.8,100,limit,-0.8462,-122800,570.8,,FAIL,"{""Code"": 21, ""Message"": ""可能額が不足しております。ご注文内容をご確認ください""}"
2026-02-20T13:30:01.876858+09:00,SELL_ENTRY,268A,1805.0,100,limit,-0.8462,-257700,1805.1,,FAIL,"{""Code"": 21, ""Message"": ""可能額が不足しております。ご注文内容をご確認ください""}"
2026-02-20T13:30:02.771452+09:00,SELL_ENTRY,268A,1805.0,100,limit,-0.8462,-258800,1805.1,,FAIL,"{""Code"": 21, ""Message"": ""可能額が不足しております。ご注文内容をご確認ください""}"
2026-02-20T13:30:08.519362+09:00,SELL_ENTRY,9501,701.0,100,limit,-0.9024,-7599300,700.9,,FAIL,"{""Code"": 21, ""Message"": ""可能額が不足しております。ご注文内容をご確認ください""}"
2026-02-20T13:30:09.316784+09:00,SELL_ENTRY,9501,700.9,100,limit,-0.9024,-7603000,700.9,,FAIL,"{""Code"": 21, ""Message"": ""可能額が不足しております。ご注文内容をご確認ください""}"
2026-02-20T13:30:10.125417+09:00,SELL_ENTRY,9501,700.9,100,limit,-0.9024,-7606700,700.9,,FAIL,"{""Code"": 21, ""Message"": ""可能額が不足しております。ご注文内容をご確認ください""}"
2026-02-20T13:30:15.350268+09:00,SELL_ENTRY,6378,1530.0,100,limit,-0.7500,-7100,1530.4,,FAIL,"{""Code"": 21, ""Message"": ""可能額が不足しております。ご注文内容をご確認ください""}"
2026-02-20T13:30:18.146540+09:00,SELL_ENTRY,9501,700.5,100,limit,-0.8750,-7531100,700.4,,FAIL,"{""Code"": 21, ""Message"": ""可能額が不足しております。ご注文内容をご確認ください""}"
2026-02-20T13:30:42.068468+09:00,BUY_ENTRY,3103,1231.0,100,limit,0.9032,3809200,1231.0,,FAIL,"{""Code"": 21, ""Message"": ""可能額が不足しております。ご注文内容をご確認ください""}"
2026-02-20T13:30:44.697380+09:00,BUY_ENTRY,3103,1231.0,100,limit,0.9833,3842200,1231.0,,FAIL,"{""Code"": 21, ""Message"": ""可能額が不足しております。ご注文内容をご確認ください""}"
2026-02-20T13:30:45.916112+09:00,BUY_ENTRY,3103,1231.0,100,limit,0.9669,3853900,1231.0,,FAIL,"{""Code"": 21, ""Message"": ""可能額が不足しております。ご注文内容をご確認ください""}"
2026-02-20T13:30:46.293096+09:00,BUY_ENTRY,3103,1230.0,100,limit,0.9669,3865600,1231.0,,FAIL,"{""Code"": 21, ""Message"": ""可能額が不足しております。ご注文内容をご確認ください""}"
