10:14:32 [INFO] ==================================================
10:14:32 [INFO] HFT トレーディングシステム 起動
10:14:32 [INFO] API: http://localhost:18080
10:14:32 [INFO] WebSocket: ws://localhost:18080/kabusapi/websocket
10:14:32 [INFO] ログ: C:\DATA\python\ufj_system\HFT
10:14:32 [INFO] ==================================================
10:14:33 [INFO] APIトークン取得成功
10:14:33 [ERROR] websockets ライブラリが見つかりません。pip install websockets を実行してください。
10:17:20 [INFO] ==================================================
10:17:20 [INFO] HFT トレーディングシステム 起動
10:17:20 [INFO] API: http://localhost:18080
10:17:20 [INFO] WebSocket: ws://localhost:18080/kabusapi/websocket
10:17:20 [INFO] ログ: C:\DATA\python\ufj_system\HFT
10:17:20 [INFO] ==================================================
10:17:20 [INFO] APIトークン取得成功
10:17:20 [INFO] WebSocket接続中... ws://localhost:18080/kabusapi/websocket
10:17:20 [INFO] WebSocket 接続確立
10:17:35 [INFO] システム一時停止
10:17:37 [INFO] システム再開
10:17:50 [WARNING] WebSocket タイムアウト（30秒）→ 再接続
10:18:00 [INFO] 3秒後に再接続...
10:18:03 [INFO] WebSocket接続中... ws://localhost:18080/kabusapi/websocket
10:18:03 [INFO] WebSocket 接続確立
10:18:33 [WARNING] WebSocket タイムアウト（30秒）→ 再接続
10:18:43 [INFO] 3秒後に再接続...
10:18:46 [INFO] WebSocket接続中... ws://localhost:18080/kabusapi/websocket
10:18:46 [INFO] WebSocket 接続確立
10:19:06 [INFO] GUI: 銘柄登録要求 → ['7013', '9984', '4005', '5016', '3103']
10:19:06 [INFO] 銘柄登録完了: ['7013', '9984', '4005', '5016', '3103']
10:19:46 [INFO] [シグナル検知] 5016 | OBI: 0.789 (閾値: 0.690) | MicroPrice: 3384.9
10:19:46 [INFO] 発注実行: BUY 5016 x100 @ 3385.0 (limit)
10:19:46 [ERROR] 発注失敗: 400 {'Code': 4002004, 'Message': 'トリガチェックエラー - 詳細はkabuSログファイルを確認してください'}
10:19:47 [INFO] [シグナル検知] 5016 | OBI: 0.778 (閾値: 0.750) | MicroPrice: 3384.9
10:19:47 [INFO] 発注実行: BUY 5016 x100 @ 3385.0 (limit)
10:19:47 [ERROR] 発注失敗: 400 {'Code': 4002004, 'Message': 'トリガチェックエラー - 詳細はkabuSログファイルを確認してください'}
10:19:54 [INFO] [シグナル検知] 7013 | OBI: 0.944 (閾値: 0.877) | MicroPrice: 4353.0
10:19:54 [INFO] 発注実行: BUY 7013 x100 @ 4353.0 (limit)
10:19:54 [ERROR] 発注失敗: 400 {'Code': 4002004, 'Message': 'トリガチェックエラー - 詳細はkabuSログファイルを確認してください'}
10:19:54 [INFO] [シグナル検知] 7013 | OBI: 0.944 (閾値: 0.927) | MicroPrice: 4353.0
10:19:54 [INFO] 発注実行: BUY 7013 x100 @ 4353.0 (limit)
10:19:54 [ERROR] 発注失敗: 400 {'Code': 4002004, 'Message': 'トリガチェックエラー - 詳細はkabuSログファイルを確認してください'}
10:20:02 [INFO] [シグナル検知] 3103 | OBI: 0.857 (閾値: 0.772) | MicroPrice: 1260.9
10:20:02 [INFO] 発注実行: BUY 3103 x100 @ 1260.0 (limit)
10:20:02 [ERROR] 発注失敗: 400 {'Code': 4002004, 'Message': 'トリガチェックエラー - 詳細はkabuSログファイルを確認してください'}
10:20:31 [INFO] [シグナル検知] 9984 | OBI: 0.583 (閾値: 0.546) | MicroPrice: 4302.8
10:20:31 [INFO] 発注実行: BUY 9984 x100 @ 4303.0 (limit)
10:20:32 [INFO] >>> TRADING モードへ移行（排他ロック: 9984）
10:20:35 [INFO] [返済シグナル] 9984 | 経過: 3.7秒 | OBI: -0.143 (撤退閾値: -0.091)
10:20:35 [INFO] 返済実行: SELL 9984 x100 @ 4301.0 (理由: signal)
10:20:36 [INFO] <<< MONITORING モードへ復帰 | P&L: -200円
10:20:51 [INFO] [シグナル検知] 4005 | OBI: 0.800 (閾値: 0.708) | MicroPrice: 568.5
10:20:51 [INFO] 発注実行: BUY 4005 x100 @ 568.5 (limit)
10:20:51 [INFO] >>> TRADING モードへ移行（排他ロック: 4005）
10:20:52 [INFO] [返済シグナル] 4005 | 経過: 1.1秒 | OBI: -0.630 (撤退閾値: -0.492)
10:20:52 [INFO] 返済実行: SELL 4005 x100 @ 568.4 (理由: signal)
10:20:52 [INFO] <<< MONITORING モードへ復帰 | P&L: -10円
10:20:52 [INFO] [シグナル検知] 7013 | OBI: 0.812 (閾値: 0.395) | MicroPrice: 4361.8
10:20:52 [INFO] 発注実行: BUY 7013 x100 @ 4360.0 (limit)
10:20:52 [ERROR] 発注失敗: 400 {'Code': 4002004, 'Message': 'トリガチェックエラー - 詳細はkabuSログファイルを確認してください'}
10:20:52 [INFO] [シグナル検知] 7013 | OBI: 0.812 (閾値: 0.480) | MicroPrice: 4361.8
10:20:52 [INFO] 発注実行: BUY 7013 x100 @ 4362.0 (limit)
10:20:52 [ERROR] 発注失敗: 400 {'Code': 4002004, 'Message': 'トリガチェックエラー - 詳細はkabuSログファイルを確認してください'}
10:20:52 [INFO] [シグナル検知] 7013 | OBI: 0.812 (閾値: 0.558) | MicroPrice: 4361.8
10:20:52 [INFO] 発注実行: BUY 7013 x100 @ 4363.0 (limit)
10:20:52 [ERROR] 発注失敗: 400 {'Code': 4002004, 'Message': 'トリガチェックエラー - 詳細はkabuSログファイルを確認してください'}
10:20:53 [INFO] [シグナル検知] 7013 | OBI: 0.812 (閾値: 0.631) | MicroPrice: 4361.8
10:20:53 [WARNING] スロットル制限: 7013 への発注を見送りました
10:20:53 [INFO] [シグナル検知] 7013 | OBI: 0.812 (閾値: 0.699) | MicroPrice: 4361.8
10:20:53 [WARNING] スロットル制限: 7013 への発注を見送りました
10:21:18 [INFO] [シグナル検知] 7013 | OBI: 0.467 (閾値: 0.354) | MicroPrice: 4357.7
10:21:18 [INFO] 発注実行: BUY 7013 x100 @ 4355.0 (limit)
10:21:18 [ERROR] 発注失敗: 400 {'Code': 4002004, 'Message': 'トリガチェックエラー - 詳細はkabuSログファイルを確認してください'}
10:21:18 [INFO] [シグナル検知] 7013 | OBI: 0.467 (閾値: 0.385) | MicroPrice: 4357.7
10:21:18 [INFO] 発注実行: BUY 7013 x100 @ 4358.0 (limit)
10:21:18 [ERROR] 発注失敗: 400 {'Code': 4002004, 'Message': 'トリガチェックエラー - 詳細はkabuSログファイルを確認してください'}
10:21:18 [INFO] [シグナル検知] 7013 | OBI: 0.467 (閾値: 0.433) | MicroPrice: 4357.7
10:21:18 [INFO] 発注実行: BUY 7013 x100 @ 4358.0 (limit)
10:21:18 [ERROR] 発注失敗: 400 {'Code': 4002004, 'Message': 'トリガチェックエラー - 詳細はkabuSログファイルを確認してください'}
10:21:45 [INFO] [シグナル検知] 7013 | OBI: 0.778 (閾値: 0.673) | MicroPrice: 4361.9
10:21:45 [INFO] 発注実行: BUY 7013 x100 @ 4362.0 (limit)
10:21:45 [ERROR] 発注失敗: 400 {'Code': 4002004, 'Message': 'トリガチェックエラー - 詳細はkabuSログファイルを確認してください'}
10:21:45 [INFO] [シグナル検知] 7013 | OBI: 0.778 (閾値: 0.732) | MicroPrice: 4361.9
10:21:45 [INFO] 発注実行: BUY 7013 x100 @ 4362.0 (limit)
10:21:45 [ERROR] 発注失敗: 400 {'Code': 4002004, 'Message': 'トリガチェックエラー - 詳細はkabuSログファイルを確認してください'}
10:21:56 [INFO] [シグナル検知] 7013 | OBI: 0.810 (閾値: 0.760) | MicroPrice: 4360.9
10:21:56 [INFO] 発注実行: BUY 7013 x100 @ 4361.0 (limit)
10:21:56 [ERROR] 発注失敗: 400 {'Code': 4002004, 'Message': 'トリガチェックエラー - 詳細はkabuSログファイルを確認してください'}
10:22:12 [INFO] [シグナル検知] 7013 | OBI: 0.906 (閾値: 0.836) | MicroPrice: 4356.0
10:22:12 [INFO] 発注実行: BUY 7013 x100 @ 4356.0 (limit)
10:22:12 [ERROR] 発注失敗: 400 {'Code': 4002004, 'Message': 'トリガチェックエラー - 詳細はkabuSログファイルを確認してください'}
10:22:12 [INFO] [シグナル検知] 7013 | OBI: 0.906 (閾値: 0.897) | MicroPrice: 4356.0
10:22:12 [INFO] 発注実行: BUY 7013 x100 @ 4356.0 (limit)
10:22:12 [ERROR] 発注失敗: 400 {'Code': 4002004, 'Message': 'トリガチェックエラー - 詳細はkabuSログファイルを確認してください'}
10:22:15 [INFO] [シグナル検知] 9984 | OBI: 0.946 (閾値: 0.808) | MicroPrice: 4301.0
10:22:15 [INFO] 発注実行: BUY 9984 x100 @ 4302.0 (limit)
10:22:15 [INFO] >>> TRADING モードへ移行（排他ロック: 9984）
10:22:16 [INFO] [返済シグナル] 9984 | 経過: 0.1秒 | OBI: -0.750 (撤退閾値: -0.454)
10:22:16 [INFO] 返済実行: SELL 9984 x100 @ 4301.0 (理由: signal)
10:22:16 [INFO] <<< MONITORING モードへ復帰 | P&L: -100円
10:23:10 [INFO] [シグナル検知] 7013 | OBI: 0.909 (閾値: 0.756) | MicroPrice: 4359.0
10:23:10 [INFO] 発注実行: BUY 7013 x100 @ 4359.0 (limit)
10:23:10 [ERROR] 発注失敗: 400 {'Code': 4002004, 'Message': 'トリガチェックエラー - 詳細はkabuSログファイルを確認してください'}
10:23:10 [INFO] [シグナル検知] 7013 | OBI: 0.909 (閾値: 0.830) | MicroPrice: 4359.0
10:23:10 [INFO] 発注実行: BUY 7013 x100 @ 4359.0 (limit)
10:23:10 [ERROR] 発注失敗: 400 {'Code': 4002004, 'Message': 'トリガチェックエラー - 詳細はkabuSログファイルを確認してください'}
10:23:24 [INFO] ==================================================
10:23:24 [INFO] HFT トレーディングシステム 起動
10:23:24 [INFO] API: http://localhost:18080
10:23:24 [INFO] WebSocket: ws://localhost:18080/kabusapi/websocket
10:23:24 [INFO] ログ: C:\DATA\python\ufj_system\HFT
10:23:24 [INFO] ==================================================
10:23:24 [INFO] APIトークン取得成功
10:23:24 [INFO] WebSocket接続中... ws://localhost:18080/kabusapi/websocket
10:23:24 [INFO] WebSocket 接続確立
10:24:05 [INFO] GUI: 銘柄登録要求 → ['9501', '4506', '7013', '5016', '268A']
10:24:05 [INFO] 銘柄登録完了: ['9501', '4506', '7013', '5016', '268A']
10:24:31 [INFO] [シグナル検知] 4506 | OBI: 0.833 (閾値: 0.827) | MicroPrice: 2594.0
10:24:31 [INFO] 発注実行: BUY 4506 x100 @ 2594.0 (limit, 指値: 2620)
10:24:31 [INFO] >>> TRADING モードへ移行（排他ロック: 4506）
10:24:31 [INFO] [返済シグナル] 4506 | 経過: 0.0秒 | OBI: -0.886 (撤退閾値: -0.121)
10:24:32 [INFO] 返済実行: SELL 4506 x100 @ 2595.0 (limit, 指値: 2569, 理由: signal)
10:24:32 [ERROR] 返済失敗: 400 {'Code': 1009001, 'Message': '建玉が選択されていません。'}
10:24:34 [INFO] [シグナル検知] 7013 | OBI: 0.806 (閾値: 0.751) | MicroPrice: 4349.9
10:24:34 [INFO] 発注実行: BUY 7013 x100 @ 4349.0 (limit, 指値: 4395)
10:24:35 [ERROR] 発注失敗: 500 {'Code': 21, 'Message': '可能額が不足しております。ご注文内容をご確認ください'}
10:24:35 [INFO] [シグナル検知] 7013 | OBI: 0.806 (閾値: 0.758) | MicroPrice: 4349.9
10:24:35 [INFO] 発注実行: BUY 7013 x100 @ 4349.0 (limit, 指値: 4395)
10:24:35 [ERROR] 発注失敗: 500 {'Code': 21, 'Message': '可能額が不足しております。ご注文内容をご確認ください'}
10:24:40 [INFO] [シグナル検知] 7013 | OBI: 0.931 (閾値: 0.896) | MicroPrice: 4351.0
10:24:40 [INFO] 発注実行: BUY 7013 x100 @ 4350.0 (limit, 指値: 4395)
10:24:40 [ERROR] 発注失敗: 500 {'Code': 21, 'Message': '可能額が不足しております。ご注文内容をご確認ください'}
10:24:47 [INFO] [シグナル検知] 9501 | OBI: 0.550 (閾値: 0.382) | MicroPrice: 696.3
10:24:47 [INFO] 発注実行: BUY 9501 x100 @ 696.3 (limit, 指値: 704)
10:24:48 [INFO] >>> TRADING モードへ移行（排他ロック: 9501）
10:24:55 [INFO] [返済シグナル] 9501 | 経過: 7.2秒 | OBI: -0.889 (撤退閾値: -0.685)
10:24:55 [INFO] 返済実行: SELL 9501 x100 @ 696.3 (limit, 指値: 689, 理由: signal)
10:24:55 [INFO] <<< MONITORING モードへ復帰 | P&L: +0円
10:24:55 [INFO] [シグナル検知] 7013 | OBI: 0.679 (閾値: 0.558) | MicroPrice: 4351.7
10:24:55 [INFO] 発注実行: BUY 7013 x100 @ 4352.0 (limit, 指値: 4400)
10:24:56 [ERROR] 発注失敗: 500 {'Code': 21, 'Message': '可能額が不足しております。ご注文内容をご確認ください'}
10:24:56 [INFO] [シグナル検知] 7013 | OBI: 0.679 (閾値: 0.618) | MicroPrice: 4351.7
10:24:56 [INFO] 発注実行: BUY 7013 x100 @ 4351.0 (limit, 指値: 4395)
10:24:56 [ERROR] 発注失敗: 500 {'Code': 21, 'Message': '可能額が不足しております。ご注文内容をご確認ください'}
10:24:56 [INFO] [シグナル検知] 7013 | OBI: 0.679 (閾値: 0.674) | MicroPrice: 4351.7
10:24:56 [INFO] 発注実行: BUY 7013 x100 @ 4351.0 (limit, 指値: 4395)
10:24:57 [ERROR] 発注失敗: 500 {'Code': 21, 'Message': '可能額が不足しております。ご注文内容をご確認ください'}
10:24:59 [INFO] [シグナル検知] 7013 | OBI: 0.905 (閾値: 0.841) | MicroPrice: 4353.0
10:24:59 [INFO] 発注実行: BUY 7013 x100 @ 4353.0 (limit, 指値: 4400)
10:24:59 [ERROR] 発注失敗: 500 {'Code': 21, 'Message': '可能額が不足しております。ご注文内容をご確認ください'}
10:24:59 [INFO] [シグナル検知] 7013 | OBI: 0.905 (閾値: 0.893) | MicroPrice: 4353.0
10:24:59 [INFO] 発注実行: BUY 7013 x100 @ 4353.0 (limit, 指値: 4400)
10:25:00 [ERROR] 発注失敗: 500 {'Code': 21, 'Message': '可能額が不足しております。ご注文内容をご確認ください'}
10:26:30 [INFO] [シグナル検知] 7013 | OBI: 0.333 (閾値: 0.191) | MicroPrice: 4364.7
10:26:30 [INFO] 発注実行: BUY 7013 x100 @ 4365.0 (limit, 指値: 4410)
10:26:30 [ERROR] 発注失敗: 500 {'Code': 21, 'Message': '可能額が不足しております。ご注文内容をご確認ください'}
10:26:30 [INFO] [シグナル検知] 7013 | OBI: 0.200 (閾値: 0.191) | MicroPrice: 4364.6
10:26:30 [INFO] 発注実行: BUY 7013 x100 @ 4365.0 (limit, 指値: 4410)
10:26:31 [ERROR] 発注失敗: 500 {'Code': 21, 'Message': '可能額が不足しております。ご注文内容をご確認ください'}
10:26:31 [INFO] [シグナル検知] 7013 | OBI: 0.273 (閾値: 0.199) | MicroPrice: 4364.6
10:26:31 [INFO] 発注実行: BUY 7013 x100 @ 4365.0 (limit, 指値: 4410)
10:26:31 [ERROR] 発注失敗: 500 {'Code': 21, 'Message': '可能額が不足しております。ご注文内容をご確認ください'}
10:26:31 [INFO] [シグナル検知] 7013 | OBI: 0.273 (閾値: 0.238) | MicroPrice: 4364.6
10:26:31 [INFO] 発注実行: BUY 7013 x100 @ 4364.0 (limit, 指値: 4410)
10:26:31 [ERROR] 発注失敗: 500 {'Code': 21, 'Message': '可能額が不足しております。ご注文内容をご確認ください'}
10:26:31 [INFO] [シグナル検知] 7013 | OBI: 0.333 (閾値: 0.309) | MicroPrice: 4364.7
10:26:31 [INFO] 発注実行: BUY 7013 x100 @ 4364.0 (limit, 指値: 4410)
10:26:32 [ERROR] 発注失敗: 500 {'Code': 21, 'Message': '可能額が不足しております。ご注文内容をご確認ください'}
10:26:32 [INFO] [シグナル検知] 7013 | OBI: 0.600 (閾値: 0.417) | MicroPrice: 4363.8
10:26:32 [INFO] 発注実行: BUY 7013 x100 @ 4364.0 (limit, 指値: 4410)
10:26:32 [ERROR] 発注失敗: 500 {'Code': 21, 'Message': '可能額が不足しております。ご注文内容をご確認ください'}
10:26:33 [INFO] [シグナル検知] 7013 | OBI: 0.619 (閾値: 0.473) | MicroPrice: 4363.8
10:26:33 [INFO] 発注実行: BUY 7013 x100 @ 4364.0 (limit, 指値: 4410)
10:26:33 [ERROR] 発注失敗: 500 {'Code': 21, 'Message': '可能額が不足しております。ご注文内容をご確認ください'}
10:26:33 [INFO] [シグナル検知] 7013 | OBI: 0.619 (閾値: 0.524) | MicroPrice: 4363.8
10:26:33 [INFO] 発注実行: BUY 7013 x100 @ 4364.0 (limit, 指値: 4410)
10:26:33 [ERROR] 発注失敗: 500 {'Code': 21, 'Message': '可能額が不足しております。ご注文内容をご確認ください'}
10:26:34 [INFO] [シグナル検知] 7013 | OBI: 0.619 (閾値: 0.580) | MicroPrice: 4363.8
10:26:34 [INFO] 発注実行: BUY 7013 x100 @ 4364.0 (limit, 指値: 4410)
10:26:34 [ERROR] 発注失敗: 500 {'Code': 21, 'Message': '可能額が不足しております。ご注文内容をご確認ください'}
10:26:34 [INFO] [シグナル検知] 7013 | OBI: 0.700 (閾値: 0.691) | MicroPrice: 4363.9
10:26:34 [INFO] 発注実行: BUY 7013 x100 @ 4364.0 (limit, 指値: 4410)
10:26:34 [ERROR] 発注失敗: 500 {'Code': 21, 'Message': '可能額が不足しております。ご注文内容をご確認ください'}
10:26:39 [INFO] [シグナル検知] 4506 | OBI: 0.714 (閾値: 0.487) | MicroPrice: 2559.8
10:26:39 [INFO] 発注実行: BUY 4506 x100 @ 2559.0 (limit, 指値: 2585)
10:26:40 [INFO] >>> TRADING モードへ移行（排他ロック: 4506）
10:26:41 [INFO] [返済シグナル] 4506 | 経過: 0.9秒 | OBI: -0.467 (撤退閾値: -0.456)
10:26:41 [INFO] 返済実行: SELL 4506 x100 @ 2560.0 (limit, 指値: 2534, 理由: signal)
10:26:41 [INFO] <<< MONITORING モードへ復帰 | P&L: +100円
10:26:59 [INFO] [シグナル検知] 7013 | OBI: 0.900 (閾値: 0.869) | MicroPrice: 4364.9
10:26:59 [INFO] 発注実行: BUY 7013 x100 @ 4365.0 (limit, 指値: 4410)
10:26:59 [ERROR] 発注失敗: 500 {'Code': 21, 'Message': '可能額が不足しております。ご注文内容をご確認ください'}
10:27:21 [INFO] [シグナル検知] 4506 | OBI: 0.887 (閾値: 0.822) | MicroPrice: 2560.5
10:27:21 [INFO] 発注実行: BUY 4506 x100 @ 2560.0 (limit, 指値: 2586)
10:27:21 [INFO] >>> TRADING モードへ移行（排他ロック: 4506）
10:27:23 [INFO] [返済シグナル] 4506 | 経過: 1.9秒 | OBI: 0.091 (撤退閾値: 0.098)
10:27:23 [INFO] 返済実行: SELL 4506 x100 @ 2556.0 (limit, 指値: 2530, 理由: signal)
10:27:23 [INFO] <<< MONITORING モードへ復帰 | P&L: -400円
10:27:27 [INFO] [シグナル検知] 4506 | OBI: 0.750 (閾値: 0.748) | MicroPrice: 2552.9
10:27:27 [INFO] 発注実行: BUY 4506 x100 @ 2552.5 (limit, 指値: 2579)
10:27:27 [INFO] >>> TRADING モードへ移行（排他ロック: 4506）
10:27:28 [INFO] [返済シグナル] 4506 | 経過: 0.5秒 | OBI: -0.500 (撤退閾値: -0.370)
10:27:28 [INFO] 返済実行: SELL 4506 x100 @ 2553.0 (limit, 指値: 2527, 理由: signal)
10:27:28 [INFO] <<< MONITORING モードへ復帰 | P&L: +50円
10:27:29 [INFO] [シグナル検知] 4506 | OBI: 0.941 (閾値: 0.906) | MicroPrice: 2551.0
10:27:29 [INFO] 発注実行: BUY 4506 x100 @ 2549.5 (limit, 指値: 2575)
10:27:30 [INFO] >>> TRADING モードへ移行（排他ロック: 4506）
10:27:31 [INFO] [返済シグナル] 4506 | 経過: 1.6秒 | OBI: -0.600 (撤退閾値: -0.280)
10:27:31 [INFO] 返済実行: SELL 4506 x100 @ 2550.5 (limit, 指値: 2524, 理由: signal)
10:27:32 [INFO] <<< MONITORING モードへ復帰 | P&L: +100円
10:27:50 [INFO] [シグナル検知] 7013 | OBI: 0.636 (閾値: 0.508) | MicroPrice: 4362.8
10:27:50 [INFO] 発注実行: BUY 7013 x100 @ 4363.0 (limit, 指値: 4410)
10:27:51 [ERROR] 発注失敗: 500 {'Code': 21, 'Message': '可能額が不足しております。ご注文内容をご確認ください'}
10:27:51 [INFO] [シグナル検知] 7013 | OBI: 0.636 (閾値: 0.548) | MicroPrice: 4362.8
10:27:51 [INFO] 発注実行: BUY 7013 x100 @ 4363.0 (limit, 指値: 4410)
10:27:51 [ERROR] 発注失敗: 500 {'Code': 21, 'Message': '可能額が不足しております。ご注文内容をご確認ください'}
10:27:51 [INFO] [シグナル検知] 7013 | OBI: 0.636 (閾値: 0.583) | MicroPrice: 4362.8
10:27:51 [INFO] 発注実行: BUY 7013 x100 @ 4363.0 (limit, 指値: 4410)
10:27:52 [ERROR] 発注失敗: 500 {'Code': 21, 'Message': '可能額が不足しております。ご注文内容をご確認ください'}
10:27:52 [INFO] [シグナル検知] 7013 | OBI: 0.636 (閾値: 0.620) | MicroPrice: 4362.8
10:27:52 [INFO] 発注実行: BUY 7013 x100 @ 4363.0 (limit, 指値: 4410)
10:27:52 [ERROR] 発注失敗: 500 {'Code': 21, 'Message': '可能額が不足しております。ご注文内容をご確認ください'}
10:27:52 [INFO] [シグナル検知] 7013 | OBI: 0.742 (閾値: 0.675) | MicroPrice: 4362.9
10:27:52 [INFO] 発注実行: BUY 7013 x100 @ 4363.0 (limit, 指値: 4410)
10:27:52 [ERROR] 発注失敗: 500 {'Code': 21, 'Message': '可能額が不足しております。ご注文内容をご確認ください'}
10:27:52 [INFO] [シグナル検知] 7013 | OBI: 0.724 (閾値: 0.722) | MicroPrice: 4362.9
10:27:52 [INFO] 発注実行: BUY 7013 x100 @ 4363.0 (limit, 指値: 4410)
10:27:53 [ERROR] 発注失敗: 500 {'Code': 21, 'Message': '可能額が不足しております。ご注文内容をご確認ください'}
10:27:53 [INFO] [シグナル検知] 7013 | OBI: 0.852 (閾値: 0.819) | MicroPrice: 4362.9
10:27:53 [INFO] 発注実行: BUY 7013 x100 @ 4363.0 (limit, 指値: 4410)
10:27:53 [ERROR] 発注失敗: 500 {'Code': 21, 'Message': '可能額が不足しております。ご注文内容をご確認ください'}
10:27:53 [INFO] システム一時停止
10:27:58 [INFO] システム終了要求
10:28:10 [INFO] ==================================================
10:28:10 [INFO] HFT トレーディングシステム 起動
10:28:10 [INFO] API: http://localhost:18080
10:28:10 [INFO] WebSocket: ws://localhost:18080/kabusapi/websocket
10:28:10 [INFO] ログ: C:\DATA\python\ufj_system\HFT
10:28:10 [INFO] ==================================================
10:28:10 [INFO] APIトークン取得成功
10:28:10 [INFO] WebSocket接続中... ws://localhost:18080/kabusapi/websocket
10:28:10 [INFO] WebSocket 接続確立
10:36:52 [INFO] ==================================================
10:36:52 [INFO] HFT トレーディングシステム 起動
10:36:52 [INFO] API: http://localhost:18080
10:36:52 [INFO] WebSocket: ws://localhost:18080/kabusapi/websocket
10:36:52 [INFO] ログ: C:\DATA\python\ufj_system\HFT
10:36:52 [INFO] ==================================================
10:36:52 [INFO] APIトークン取得成功
10:36:53 [INFO] WebSocket接続中... ws://localhost:18080/kabusapi/websocket
10:36:53 [INFO] WebSocket 接続確立
10:37:30 [INFO] GUI: 銘柄登録要求 → ['9501', '7013', '5016', '4005', '4582']
10:37:30 [INFO] 銘柄登録完了: ['9501', '7013', '5016', '4005', '4582']
10:37:38 [INFO] [買いシグナル検知] 4582 | OBI: 0.706 (閾値: 0.424) | MicroPrice: 212.9
10:37:38 [INFO] 発注実行: BUY 4582 x100 @ 213.0 (limit, 指値: 216)
10:37:39 [INFO] >>> TRADING モードへ移行（排他ロック: 4582 | BUY）
10:37:40 [INFO] [買い返済シグナル] 4582 | 経過: 1.4秒 | OBI: -0.913 (撤退閾値: -0.194)
10:37:40 [INFO] 返済実行: SELL 4582 x100 @ 214.0 (limit, 指値: 211, 理由: signal)
10:37:40 [INFO] <<< MONITORING モードへ復帰 | P&L: +100円
10:38:00 [INFO] 目標設定変更: 利確=+100円 / 損切=-300円
10:39:21 [INFO] [買いシグナル検知] 4582 | OBI: 0.985 (閾値: 0.181) | MicroPrice: 213.0
10:39:21 [INFO] 発注実行: BUY 4582 x100 @ 213.0 (limit, 指値: 216)
10:39:21 [INFO] >>> TRADING モードへ移行（排他ロック: 4582 | BUY）
10:39:23 [INFO] [買い返済シグナル] 4582 | 経過: 1.8秒 | OBI: -0.980 (撤退閾値: -0.640)
10:39:23 [INFO] 返済実行: SELL 4582 x100 @ 213.0 (limit, 指値: 210, 理由: signal)
10:39:23 [INFO] <<< MONITORING モードへ復帰 | P&L: +0円
10:39:52 [INFO] [買いシグナル検知] 4005 | OBI: 0.940 (閾値: 0.743) | MicroPrice: 570.2
10:39:52 [INFO] 発注実行: BUY 4005 x100 @ 570.1 (limit, 指値: 576)
10:39:53 [INFO] >>> TRADING モードへ移行（排他ロック: 4005 | BUY）
10:39:58 [INFO] [買い返済シグナル] 4005 | 経過: 4.7秒 | OBI: -0.750 (撤退閾値: -0.659)
10:39:58 [INFO] 返済実行: SELL 4005 x100 @ 570.3 (limit, 指値: 564, 理由: signal)
10:39:58 [INFO] <<< MONITORING モードへ復帰 | P&L: +20円
10:39:58 [INFO] [買いシグナル検知] 5016 | OBI: 0.913 (閾値: 0.281) | MicroPrice: 3389.0
10:39:58 [INFO] 発注実行: BUY 5016 x100 @ 3388.0 (limit, 指値: 3425)
10:39:59 [ERROR] 発注失敗: 500 {'Code': 21, 'Message': '可能額が不足しております。ご注文内容をご確認ください'}
10:40:00 [INFO] [買いシグナル検知] 5016 | OBI: 0.889 (閾値: 0.443) | MicroPrice: 3388.9
10:40:00 [INFO] 発注実行: BUY 5016 x100 @ 3388.0 (limit, 指値: 3425)
10:40:01 [ERROR] 発注失敗: 500 {'Code': 21, 'Message': '可能額が不足しております。ご注文内容をご確認ください'}
10:40:01 [INFO] [買いシグナル検知] 5016 | OBI: 0.625 (閾値: 0.517) | MicroPrice: 3388.8
10:40:01 [INFO] 発注実行: BUY 5016 x100 @ 3388.0 (limit, 指値: 3425)
10:40:01 [ERROR] 発注失敗: 500 {'Code': 21, 'Message': '可能額が不足しております。ご注文内容をご確認ください'}
10:40:01 [INFO] [買いシグナル検知] 5016 | OBI: 0.684 (閾値: 0.604) | MicroPrice: 3388.8
10:40:01 [INFO] 発注実行: BUY 5016 x100 @ 3388.0 (limit, 指値: 3425)
10:40:02 [ERROR] 発注失敗: 500 {'Code': 21, 'Message': '可能額が不足しております。ご注文内容をご確認ください'}
10:40:02 [INFO] [買いシグナル検知] 7013 | OBI: 0.500 (閾値: 0.384) | MicroPrice: 4322.8
10:40:02 [INFO] 発注実行: BUY 7013 x100 @ 4323.0 (limit, 指値: 4370)
10:40:03 [ERROR] 発注失敗: 500 {'Code': 21, 'Message': '可能額が不足しております。ご注文内容をご確認ください'}
10:40:03 [INFO] [買いシグナル検知] 7013 | OBI: 0.500 (閾値: 0.443) | MicroPrice: 4322.8
10:40:03 [INFO] 発注実行: BUY 7013 x100 @ 4322.0 (limit, 指値: 4370)
10:40:03 [ERROR] 発注失敗: 500 {'Code': 21, 'Message': '可能額が不足しております。ご注文内容をご確認ください'}
10:40:03 [INFO] [買いシグナル検知] 7013 | OBI: 0.500 (閾値: 0.495) | MicroPrice: 4322.8
10:40:03 [INFO] 発注実行: BUY 7013 x100 @ 4322.0 (limit, 指値: 4370)
10:40:04 [ERROR] 発注失敗: 500 {'Code': 21, 'Message': '可能額が不足しております。ご注文内容をご確認ください'}
10:41:32 [INFO] [買いシグナル検知] 5016 | OBI: 0.294 (閾値: 0.094) | MicroPrice: 3388.6
10:41:32 [INFO] 発注実行: BUY 5016 x100 @ 3389.0 (limit, 指値: 3425)
10:41:33 [ERROR] 発注失敗: 500 {'Code': 21, 'Message': '可能額が不足しております。ご注文内容をご確認ください'}
10:41:35 [INFO] [買いシグナル検知] 5016 | OBI: 0.377 (閾値: 0.198) | MicroPrice: 3387.4
10:41:35 [INFO] 発注実行: BUY 5016 x100 @ 3387.0 (limit, 指値: 3425)
10:41:36 [ERROR] 発注失敗: 500 {'Code': 21, 'Message': '可能額が不足しております。ご注文内容をご確認ください'}
10:41:38 [INFO] [買いシグナル検知] 5016 | OBI: 0.897 (閾値: 0.402) | MicroPrice: 3386.9
10:41:38 [INFO] 発注実行: BUY 5016 x100 @ 3387.0 (limit, 指値: 3425)
10:41:38 [ERROR] 発注失敗: 500 {'Code': 21, 'Message': '可能額が不足しております。ご注文内容をご確認ください'}
10:41:38 [INFO] [買いシグナル検知] 5016 | OBI: 0.897 (閾値: 0.561) | MicroPrice: 3386.9
10:41:38 [INFO] 発注実行: BUY 5016 x100 @ 3385.0 (limit, 指値: 3420)
10:41:38 [ERROR] 発注失敗: 500 {'Code': 21, 'Message': '可能額が不足しております。ご注文内容をご確認ください'}
10:41:39 [INFO] [買いシグナル検知] 5016 | OBI: 0.897 (閾値: 0.702) | MicroPrice: 3386.9
10:41:39 [INFO] 発注実行: BUY 5016 x100 @ 3385.0 (limit, 指値: 3420)
10:41:39 [ERROR] 発注失敗: 500 {'Code': 21, 'Message': '可能額が不足しております。ご注文内容をご確認ください'}
10:41:39 [INFO] [買いシグナル検知] 5016 | OBI: 0.897 (閾値: 0.828) | MicroPrice: 3386.9
10:41:39 [INFO] 発注実行: BUY 5016 x100 @ 3385.0 (limit, 指値: 3420)
10:41:39 [ERROR] 発注失敗: 500 {'Code': 21, 'Message': '可能額が不足しております。ご注文内容をご確認ください'}
10:42:07 [INFO] [買いシグナル検知] 7013 | OBI: 0.875 (閾値: 0.814) | MicroPrice: 4317.9
10:42:07 [INFO] 発注実行: BUY 7013 x100 @ 4317.0 (limit, 指値: 4365)
10:42:07 [ERROR] 発注失敗: 500 {'Code': 21, 'Message': '可能額が不足しております。ご注文内容をご確認ください'}
10:43:11 [INFO] [買いシグナル検知] 5016 | OBI: 0.892 (閾値: 0.810) | MicroPrice: 3385.9
10:43:11 [INFO] 発注実行: BUY 5016 x100 @ 3386.0 (limit, 指値: 3420)
10:43:12 [ERROR] 発注失敗: 500 {'Code': 21, 'Message': '可能額が不足しております。ご注文内容をご確認ください'}
10:43:31 [INFO] [買いシグナル検知] 4582 | OBI: 0.982 (閾値: 0.721) | MicroPrice: 209.0
10:43:31 [INFO] 発注実行: BUY 4582 x100 @ 209.0 (limit, 指値: 212)
10:43:32 [INFO] >>> TRADING モードへ移行（排他ロック: 4582 | BUY）
10:43:46 [INFO] [買い返済シグナル] 4582 | 経過: 13.7秒 | OBI: 0.083 (撤退閾値: 0.269)
10:43:46 [INFO] 返済実行: SELL 4582 x100 @ 209.0 (limit, 指値: 206, 理由: signal)
10:43:46 [INFO] <<< MONITORING モードへ復帰 | P&L: +0円
10:44:01 [INFO] [買いシグナル検知] 5016 | OBI: 0.917 (閾値: 0.878) | MicroPrice: 3387.0
10:44:01 [INFO] 発注実行: BUY 5016 x100 @ 3387.0 (limit, 指値: 3425)
10:44:01 [ERROR] 発注失敗: 500 {'Code': 21, 'Message': '可能額が不足しております。ご注文内容をご確認ください'}
10:44:27 [INFO] [買いシグナル検知] 4582 | OBI: 0.729 (閾値: 0.640) | MicroPrice: 205.7
10:44:27 [INFO] 発注実行: BUY 4582 x100 @ 205.0 (limit, 指値: 208)
10:44:27 [INFO] >>> TRADING モードへ移行（排他ロック: 4582 | BUY）
10:44:27 [INFO] [買い返済シグナル] 4582 | 経過: 0.5秒 | OBI: -0.984 (撤退閾値: -0.569)
10:44:27 [INFO] 返済実行: SELL 4582 x100 @ 205.0 (limit, 指値: 202, 理由: signal)
10:44:27 [ERROR] 返済失敗: 400 {'Code': 1009001, 'Message': '建玉が選択されていません。'}
10:44:48 [INFO] [売りシグナル検知] 9501 | OBI: -0.222 (閾値: -0.002) | MicroPrice: 693.6
10:44:48 [INFO] 発注実行: SELL 9501 x100 @ 693.6 (limit, 指値: 686)
10:44:49 [INFO] >>> TRADING モードへ移行（排他ロック: 9501 | SELL）
10:45:00 [INFO] [売り返済シグナル] 9501 | 経過: 10.2秒 | OBI: 0.091 (撤退閾値: -0.043)
10:45:00 [INFO] 返済実行: BUY 9501 x100 @ 693.6 (limit, 指値: 701, 理由: signal)
10:45:00 [INFO] <<< MONITORING モードへ復帰 | P&L: +0円
10:45:04 [INFO] [買いシグナル検知] 4005 | OBI: 0.778 (閾値: 0.771) | MicroPrice: 570.0
10:45:04 [INFO] 発注実行: BUY 4005 x100 @ 570.0 (limit, 指値: 576)
10:45:05 [INFO] >>> TRADING モードへ移行（排他ロック: 4005 | BUY）
10:45:08 [INFO] [買い返済シグナル] 4005 | 経過: 3.7秒 | OBI: -0.385 (撤退閾値: -0.382)
10:45:08 [INFO] 返済実行: SELL 4005 x100 @ 569.7 (limit, 指値: 564, 理由: signal)
10:45:09 [INFO] <<< MONITORING モードへ復帰 | P&L: -30円
10:45:28 [INFO] [売りシグナル検知] 4582 | OBI: -0.987 (閾値: -0.924) | MicroPrice: 204.0
10:45:28 [INFO] 発注実行: SELL 4582 x100 @ 204.0 (limit, 指値: 201)
10:45:29 [ERROR] 発注失敗: 500 {'Code': 100302, 'Message': '売建規制対象銘柄の為、受付することができません。'}
10:45:29 [INFO] [買いシグナル検知] 5016 | OBI: 0.729 (閾値: 0.486) | MicroPrice: 3377.9
10:45:29 [INFO] 発注実行: BUY 5016 x100 @ 3378.0 (limit, 指値: 3415)
10:45:29 [ERROR] 発注失敗: 500 {'Code': 21, 'Message': '可能額が不足しております。ご注文内容をご確認ください'}
10:45:29 [INFO] [売りシグナル検知] 4582 | OBI: -0.987 (閾値: -0.980) | MicroPrice: 204.0
10:45:29 [INFO] 発注実行: SELL 4582 x100 @ 204.0 (limit, 指値: 201)
10:45:30 [ERROR] 発注失敗: 500 {'Code': 100302, 'Message': '売建規制対象銘柄の為、受付することができません。'}
10:45:30 [INFO] [買いシグナル検知] 5016 | OBI: 0.695 (閾値: 0.546) | MicroPrice: 3377.8
10:45:30 [INFO] 発注実行: BUY 5016 x100 @ 3377.0 (limit, 指値: 3415)
10:45:31 [ERROR] 発注失敗: 500 {'Code': 21, 'Message': '可能額が不足しております。ご注文内容をご確認ください'}
10:45:31 [INFO] [買いシグナル検知] 5016 | OBI: 0.695 (閾値: 0.601) | MicroPrice: 3377.8
10:45:31 [INFO] 発注実行: BUY 5016 x100 @ 3377.0 (limit, 指値: 3415)
10:45:31 [ERROR] 発注失敗: 500 {'Code': 21, 'Message': '可能額が不足しております。ご注文内容をご確認ください'}
10:45:31 [INFO] [買いシグナル検知] 5016 | OBI: 0.695 (閾値: 0.652) | MicroPrice: 3377.8
10:45:31 [INFO] 発注実行: BUY 5016 x100 @ 3377.0 (limit, 指値: 3415)
10:45:32 [ERROR] 発注失敗: 500 {'Code': 21, 'Message': '可能額が不足しております。ご注文内容をご確認ください'}
10:45:32 [INFO] [買いシグナル検知] 5016 | OBI: 0.871 (閾値: 0.833) | MicroPrice: 3376.9
10:45:32 [INFO] 発注実行: BUY 5016 x100 @ 3377.0 (limit, 指値: 3415)
10:45:32 [ERROR] 発注失敗: 500 {'Code': 21, 'Message': '可能額が不足しております。ご注文内容をご確認ください'}
10:45:39 [INFO] [買いシグナル検知] 4005 | OBI: 0.851 (閾値: 0.808) | MicroPrice: 569.6
10:45:40 [INFO] 発注実行: BUY 4005 x100 @ 569.6 (limit, 指値: 576)
10:45:40 [INFO] >>> TRADING モードへ移行（排他ロック: 4005 | BUY）
10:46:00 [INFO] [買い返済シグナル] 4005 | 経過: 19.7秒 | OBI: 0.662 (撤退閾値: 0.711)
10:46:00 [INFO] 返済実行: SELL 4005 x100 @ 569.6 (limit, 指値: 563, 理由: signal)
10:46:00 [INFO] <<< MONITORING モードへ復帰 | P&L: +0円
10:46:39 [INFO] [買いシグナル検知] 5016 | OBI: 0.667 (閾値: 0.634) | MicroPrice: 3376.8
10:46:39 [INFO] 発注実行: BUY 5016 x100 @ 3376.0 (limit, 指値: 3410)
10:46:40 [ERROR] 発注失敗: 500 {'Code': 21, 'Message': '可能額が不足しております。ご注文内容をご確認ください'}
10:47:10 [INFO] [買いシグナル検知] 7013 | OBI: 0.857 (閾値: 0.779) | MicroPrice: 4286.9
10:47:10 [INFO] 発注実行: BUY 7013 x100 @ 4287.0 (limit, 指値: 4330)
10:47:11 [ERROR] 発注失敗: 500 {'Code': 21, 'Message': '可能額が不足しております。ご注文内容をご確認ください'}
10:47:25 [INFO] [買いシグナル検知] 9501 | OBI: 0.667 (閾値: 0.497) | MicroPrice: 694.7
10:47:25 [INFO] 発注実行: BUY 9501 x100 @ 694.7 (limit, 指値: 702)
10:47:25 [INFO] >>> TRADING モードへ移行（排他ロック: 9501 | BUY）
10:47:25 [INFO] [買い返済シグナル] 9501 | 経過: 0.0秒 | OBI: -0.889 (撤退閾値: -0.762)
10:47:25 [INFO] 返済実行: SELL 9501 x100 @ 694.7 (limit, 指値: 687, 理由: signal)
10:47:26 [INFO] <<< MONITORING モードへ復帰 | P&L: +0円
10:47:47 [INFO] [売りシグナル検知] 4582 | OBI: -0.389 (閾値: 0.068) | MicroPrice: 203.6
10:47:47 [INFO] 発注実行: SELL 4582 x100 @ 204.0 (limit, 指値: 201)
10:47:48 [ERROR] 発注失敗: 500 {'Code': 100302, 'Message': '売建規制対象銘柄の為、受付することができません。'}
10:47:48 [INFO] [売りシグナル検知] 4582 | OBI: -0.389 (閾値: -0.050) | MicroPrice: 203.6
10:47:48 [INFO] 発注実行: SELL 4582 x100 @ 204.0 (limit, 指値: 201)
10:47:49 [ERROR] 発注失敗: 500 {'Code': 100302, 'Message': '売建規制対象銘柄の為、受付することができません。'}
10:47:49 [INFO] [売りシグナル検知] 4582 | OBI: -0.680 (閾値: -0.212) | MicroPrice: 204.2
10:47:49 [INFO] 発注実行: SELL 4582 x100 @ 204.0 (limit, 指値: 201)
10:47:50 [ERROR] 発注失敗: 500 {'Code': 100302, 'Message': '売建規制対象銘柄の為、受付することができません。'}
10:47:50 [INFO] [売りシグナル検知] 4582 | OBI: -0.680 (閾値: -0.346) | MicroPrice: 204.2
10:47:50 [INFO] 発注実行: SELL 4582 x100 @ 204.0 (limit, 指値: 201)
10:47:51 [ERROR] 発注失敗: 500 {'Code': 100302, 'Message': '売建規制対象銘柄の為、受付することができません。'}
10:47:52 [INFO] [買いシグナル検知] 9501 | OBI: 0.348 (閾値: 0.318) | MicroPrice: 693.9
10:47:52 [INFO] 発注実行: BUY 9501 x100 @ 693.9 (limit, 指値: 701)
10:47:52 [INFO] >>> TRADING モードへ移行（排他ロック: 9501 | BUY）
10:47:57 [INFO] [買い返済シグナル] 9501 | 経過: 4.7秒 | OBI: -0.692 (撤退閾値: -0.622)
10:47:57 [INFO] 返済実行: SELL 9501 x100 @ 693.9 (limit, 指値: 686, 理由: signal)
10:47:57 [INFO] <<< MONITORING モードへ復帰 | P&L: +0円
10:47:58 [INFO] [売りシグナル検知] 4582 | OBI: -0.936 (閾値: -0.541) | MicroPrice: 204.0
10:47:58 [INFO] 発注実行: SELL 4582 x100 @ 204.0 (limit, 指値: 201)
10:47:59 [ERROR] 発注失敗: 500 {'Code': 100302, 'Message': '売建規制対象銘柄の為、受付することができません。'}
10:47:59 [INFO] [売りシグナル検知] 4582 | OBI: -0.936 (閾値: -0.691) | MicroPrice: 204.0
10:47:59 [INFO] 発注実行: SELL 4582 x100 @ 204.0 (limit, 指値: 201)
10:48:00 [ERROR] 発注失敗: 500 {'Code': 100302, 'Message': '売建規制対象銘柄の為、受付することができません。'}
10:48:00 [INFO] [売りシグナル検知] 4582 | OBI: -0.936 (閾値: -0.825) | MicroPrice: 204.0
10:48:00 [INFO] 発注実行: SELL 4582 x100 @ 204.0 (limit, 指値: 201)
10:48:01 [ERROR] 発注失敗: 500 {'Code': 100302, 'Message': '売建規制対象銘柄の為、受付することができません。'}
10:48:52 [INFO] [売りシグナル検知] 4582 | OBI: -0.981 (閾値: -0.485) | MicroPrice: 205.0
10:48:52 [INFO] 発注実行: SELL 4582 x100 @ 205.0 (limit, 指値: 202)
10:48:53 [ERROR] 発注失敗: 500 {'Code': 100302, 'Message': '売建規制対象銘柄の為、受付することができません。'}
10:48:53 [INFO] [売りシグナル検知] 4582 | OBI: -0.981 (閾値: -0.627) | MicroPrice: 205.0
10:48:53 [INFO] 発注実行: SELL 4582 x100 @ 206.0 (limit, 指値: 203)
10:48:54 [ERROR] 発注失敗: 500 {'Code': 100302, 'Message': '売建規制対象銘柄の為、受付することができません。'}
10:48:54 [INFO] [売りシグナル検知] 4582 | OBI: -0.981 (閾値: -0.753) | MicroPrice: 205.0
10:48:54 [INFO] 発注実行: SELL 4582 x100 @ 206.0 (limit, 指値: 203)
10:48:55 [ERROR] 発注失敗: 500 {'Code': 100302, 'Message': '売建規制対象銘柄の為、受付することができません。'}
10:48:55 [INFO] [売りシグナル検知] 4582 | OBI: -0.980 (閾値: -0.870) | MicroPrice: 205.0
10:48:55 [INFO] 発注実行: SELL 4582 x100 @ 206.0 (limit, 指値: 203)
10:48:55 [ERROR] 発注失敗: 500 {'Code': 100302, 'Message': '売建規制対象銘柄の為、受付することができません。'}
10:48:55 [INFO] [売りシグナル検知] 4582 | OBI: -0.980 (閾値: -0.978) | MicroPrice: 205.0
10:48:55 [INFO] 発注実行: SELL 4582 x100 @ 205.0 (limit, 指値: 202)
10:48:56 [ERROR] 発注失敗: 500 {'Code': 100302, 'Message': '売建規制対象銘柄の為、受付することができません。'}
10:48:56 [INFO] [買いシグナル検知] 5016 | OBI: 0.545 (閾値: 0.468) | MicroPrice: 3378.8
10:48:56 [INFO] 発注実行: BUY 5016 x100 @ 3378.0 (limit, 指値: 3415)
10:48:57 [ERROR] 発注失敗: 500 {'Code': 21, 'Message': '可能額が不足しております。ご注文内容をご確認ください'}
10:48:57 [INFO] [買いシグナル検知] 5016 | OBI: 0.565 (閾値: 0.549) | MicroPrice: 3378.8
10:48:57 [INFO] 発注実行: BUY 5016 x100 @ 3378.0 (limit, 指値: 3415)
10:48:57 [ERROR] 発注失敗: 500 {'Code': 21, 'Message': '可能額が不足しております。ご注文内容をご確認ください'}
10:49:42 [INFO] [売りシグナル検知] 4582 | OBI: -0.903 (閾値: -0.104) | MicroPrice: 205.0
10:49:42 [INFO] 発注実行: SELL 4582 x100 @ 205.0 (limit, 指値: 202)
10:49:43 [ERROR] 発注失敗: 500 {'Code': 100302, 'Message': '売建規制対象銘柄の為、受付することができません。'}
10:49:43 [INFO] [売りシグナル検知] 4582 | OBI: -0.903 (閾値: -0.290) | MicroPrice: 205.0
10:49:43 [INFO] 発注実行: SELL 4582 x100 @ 205.0 (limit, 指値: 202)
10:49:44 [ERROR] 発注失敗: 500 {'Code': 100302, 'Message': '売建規制対象銘柄の為、受付することができません。'}
10:49:46 [INFO] [売りシグナル検知] 4582 | OBI: -0.600 (閾値: -0.261) | MicroPrice: 205.2
10:49:46 [INFO] 発注実行: SELL 4582 x100 @ 205.0 (limit, 指値: 202)
10:49:47 [ERROR] 発注失敗: 500 {'Code': 100302, 'Message': '売建規制対象銘柄の為、受付することができません。'}
10:49:47 [INFO] [売りシグナル検知] 4582 | OBI: -0.600 (閾値: -0.399) | MicroPrice: 205.2
10:49:47 [INFO] 発注実行: SELL 4582 x100 @ 205.0 (limit, 指値: 202)
10:49:48 [ERROR] 発注失敗: 500 {'Code': 100302, 'Message': '売建規制対象銘柄の為、受付することができません。'}
10:49:48 [INFO] [売りシグナル検知] 4582 | OBI: -0.600 (閾値: -0.523) | MicroPrice: 205.2
10:49:48 [INFO] 発注実行: SELL 4582 x100 @ 205.0 (limit, 指値: 202)
10:49:49 [ERROR] 発注失敗: 500 {'Code': 100302, 'Message': '売建規制対象銘柄の為、受付することができません。'}
10:49:53 [INFO] [売りシグナル検知] 4582 | OBI: -0.981 (閾値: -0.854) | MicroPrice: 205.0
10:49:53 [INFO] 発注実行: SELL 4582 x100 @ 206.0 (limit, 指値: 203)
10:49:54 [ERROR] 発注失敗: 500 {'Code': 100302, 'Message': '売建規制対象銘柄の為、受付することができません。'}
10:50:02 [INFO] [買いシグナル検知] 5016 | OBI: 0.829 (閾値: 0.684) | MicroPrice: 3376.9
10:50:02 [INFO] 発注実行: BUY 5016 x100 @ 3377.0 (limit, 指値: 3415)
10:50:02 [ERROR] 発注失敗: 500 {'Code': 21, 'Message': '可能額が不足しております。ご注文内容をご確認ください'}
10:50:02 [INFO] [買いシグナル検知] 5016 | OBI: 0.829 (閾値: 0.735) | MicroPrice: 3376.9
10:50:02 [INFO] 発注実行: BUY 5016 x100 @ 3377.0 (limit, 指値: 3415)
10:50:02 [ERROR] 発注失敗: 500 {'Code': 21, 'Message': '可能額が不足しております。ご注文内容をご確認ください'}
10:50:05 [INFO] [買いシグナル検知] 7013 | OBI: 0.556 (閾値: 0.453) | MicroPrice: 4292.8
10:50:05 [INFO] 発注実行: BUY 7013 x100 @ 4293.0 (limit, 指値: 4340)
10:50:06 [ERROR] 発注失敗: 500 {'Code': 21, 'Message': '可能額が不足しております。ご注文内容をご確認ください'}
10:50:06 [INFO] [買いシグナル検知] 7013 | OBI: 0.556 (閾値: 0.532) | MicroPrice: 4292.8
10:50:06 [INFO] 発注実行: BUY 7013 x100 @ 4294.0 (limit, 指値: 4340)
10:50:06 [ERROR] 発注失敗: 500 {'Code': 21, 'Message': '可能額が不足しております。ご注文内容をご確認ください'}
10:50:54 [INFO] [売りシグナル検知] 9501 | OBI: -0.944 (閾値: -0.407) | MicroPrice: 692.2
10:50:54 [INFO] 発注実行: SELL 9501 x100 @ 692.2 (limit, 指値: 685)
10:50:55 [INFO] >>> TRADING モードへ移行（排他ロック: 9501 | SELL）
10:51:02 [INFO] [売り返済シグナル] 9501 | 経過: 7.0秒 | OBI: 0.818 (撤退閾値: 0.568)
10:51:02 [INFO] 返済実行: BUY 9501 x100 @ 692.2 (limit, 指値: 700, 理由: signal)
10:51:02 [INFO] <<< MONITORING モードへ復帰 | P&L: +0円
10:51:20 [INFO] [買いシグナル検知] 5016 | OBI: 0.351 (閾値: 0.335) | MicroPrice: 3372.7
10:51:20 [INFO] 発注実行: BUY 5016 x100 @ 3373.0 (limit, 指値: 3410)
10:51:20 [ERROR] 発注失敗: 500 {'Code': 21, 'Message': '可能額が不足しております。ご注文内容をご確認ください'}
10:51:21 [INFO] [買いシグナル検知] 4005 | OBI: 0.951 (閾値: 0.774) | MicroPrice: 568.7
10:51:21 [INFO] 発注実行: BUY 4005 x100 @ 568.7 (limit, 指値: 575)
10:51:21 [INFO] >>> TRADING モードへ移行（排他ロック: 4005 | BUY）
10:51:25 [INFO] [買い返済シグナル] 4005 | 経過: 3.9秒 | OBI: -0.667 (撤退閾値: -0.372)
10:51:25 [INFO] 返済実行: SELL 4005 x100 @ 568.9 (limit, 指値: 563, 理由: signal)
10:51:25 [INFO] <<< MONITORING モードへ復帰 | P&L: +20円
10:51:29 [INFO] [売りシグナル検知] 4582 | OBI: -0.212 (閾値: -0.169) | MicroPrice: 206.4
10:51:29 [INFO] 発注実行: SELL 4582 x100 @ 206.0 (limit, 指値: 203)
10:51:30 [ERROR] 発注失敗: 500 {'Code': 100302, 'Message': '売建規制対象銘柄の為、受付することができません。'}
10:51:30 [INFO] [売りシグナル検知] 4582 | OBI: -0.441 (閾値: -0.277) | MicroPrice: 206.3
10:51:30 [INFO] 発注実行: SELL 4582 x100 @ 206.0 (limit, 指値: 203)
10:51:31 [ERROR] 発注失敗: 500 {'Code': 100302, 'Message': '売建規制対象銘柄の為、受付することができません。'}
10:51:31 [INFO] [売りシグナル検知] 4582 | OBI: -0.441 (閾値: -0.373) | MicroPrice: 206.3
10:51:31 [INFO] 発注実行: SELL 4582 x100 @ 206.0 (limit, 指値: 203)
10:51:31 [ERROR] 発注失敗: 500 {'Code': 100302, 'Message': '売建規制対象銘柄の為、受付することができません。'}
10:52:29 [INFO] [買いシグナル検知] 7013 | OBI: 0.526 (閾値: 0.367) | MicroPrice: 4276.5
10:52:29 [INFO] 発注実行: BUY 7013 x100 @ 4276.0 (limit, 指値: 4320)
10:52:29 [ERROR] 発注失敗: 500 {'Code': 21, 'Message': '可能額が不足しております。ご注文内容をご確認ください'}
10:52:29 [INFO] [買いシグナル検知] 7013 | OBI: 0.784 (閾値: 0.498) | MicroPrice: 4276.8
10:52:29 [INFO] 発注実行: BUY 7013 x100 @ 4276.0 (limit, 指値: 4320)
10:52:29 [ERROR] 発注失敗: 500 {'Code': 21, 'Message': '可能額が不足しております。ご注文内容をご確認ください'}
10:52:30 [INFO] [買いシグナル検知] 7013 | OBI: 0.800 (閾値: 0.715) | MicroPrice: 4275.9
10:52:30 [INFO] 発注実行: BUY 7013 x100 @ 4275.0 (limit, 指値: 4320)
10:52:30 [ERROR] 発注失敗: 500 {'Code': 21, 'Message': '可能額が不足しております。ご注文内容をご確認ください'}
10:52:32 [INFO] [売りシグナル検知] 4582 | OBI: 0.349 (閾値: 0.514) | MicroPrice: 206.7
10:52:32 [INFO] 発注実行: SELL 4582 x100 @ 206.0 (limit, 指値: 203)
10:52:33 [ERROR] 発注失敗: 500 {'Code': 100302, 'Message': '売建規制対象銘柄の為、受付することができません。'}
10:52:33 [INFO] [売りシグナル検知] 4582 | OBI: 0.250 (閾値: 0.447) | MicroPrice: 206.6
10:52:33 [INFO] 発注実行: SELL 4582 x100 @ 206.0 (limit, 指値: 203)
10:52:34 [ERROR] 発注失敗: 500 {'Code': 100302, 'Message': '売建規制対象銘柄の為、受付することができません。'}
10:52:34 [INFO] [売りシグナル検知] 4582 | OBI: 0.203 (閾値: 0.381) | MicroPrice: 206.6
10:52:34 [INFO] 発注実行: SELL 4582 x100 @ 206.0 (limit, 指値: 203)
10:52:35 [ERROR] 発注失敗: 500 {'Code': 100302, 'Message': '売建規制対象銘柄の為、受付することができません。'}
10:52:35 [INFO] [売りシグナル検知] 4582 | OBI: 0.203 (閾値: 0.326) | MicroPrice: 206.6
10:52:35 [INFO] 発注実行: SELL 4582 x100 @ 206.0 (limit, 指値: 203)
10:52:35 [ERROR] 発注失敗: 500 {'Code': 100302, 'Message': '売建規制対象銘柄の為、受付することができません。'}
10:52:36 [INFO] [売りシグナル検知] 4582 | OBI: 0.228 (閾値: 0.233) | MicroPrice: 206.6
10:52:36 [INFO] 発注実行: SELL 4582 x100 @ 206.0 (limit, 指値: 203)
10:52:37 [ERROR] 発注失敗: 500 {'Code': 100302, 'Message': '売建規制対象銘柄の為、受付することができません。'}
10:52:43 [INFO] [買いシグナル検知] 7013 | OBI: 0.852 (閾値: 0.794) | MicroPrice: 4273.9
10:52:43 [INFO] 発注実行: BUY 7013 x100 @ 4274.0 (limit, 指値: 4320)
10:52:43 [ERROR] 発注失敗: 500 {'Code': 21, 'Message': '可能額が不足しております。ご注文内容をご確認ください'}
10:52:45 [INFO] [売りシグナル検知] 4582 | OBI: -0.972 (閾値: -0.214) | MicroPrice: 207.0
10:52:45 [INFO] 発注実行: SELL 4582 x100 @ 207.0 (limit, 指値: 204)
10:52:46 [ERROR] 発注失敗: 500 {'Code': 100302, 'Message': '売建規制対象銘柄の為、受付することができません。'}
10:52:46 [INFO] [売りシグナル検知] 4582 | OBI: -0.972 (閾値: -0.412) | MicroPrice: 207.0
10:52:46 [INFO] 発注実行: SELL 4582 x100 @ 207.0 (limit, 指値: 204)
10:52:46 [ERROR] 発注失敗: 500 {'Code': 100302, 'Message': '売建規制対象銘柄の為、受付することができません。'}
10:52:46 [INFO] [売りシグナル検知] 4582 | OBI: -0.939 (閾値: -0.570) | MicroPrice: 207.0
10:52:46 [INFO] 発注実行: SELL 4582 x100 @ 207.0 (limit, 指値: 204)
10:52:47 [ERROR] 発注失敗: 500 {'Code': 100302, 'Message': '売建規制対象銘柄の為、受付することができません。'}
10:52:47 [INFO] [売りシグナル検知] 4582 | OBI: -0.939 (閾値: -0.708) | MicroPrice: 207.0
10:52:47 [INFO] 発注実行: SELL 4582 x100 @ 207.0 (limit, 指値: 204)
10:52:48 [ERROR] 発注失敗: 500 {'Code': 100302, 'Message': '売建規制対象銘柄の為、受付することができません。'}
10:52:48 [INFO] [売りシグナル検知] 4582 | OBI: -0.994 (閾値: -0.838) | MicroPrice: 207.0
10:52:48 [INFO] 発注実行: SELL 4582 x100 @ 207.0 (limit, 指値: 204)
10:52:49 [ERROR] 発注失敗: 500 {'Code': 100302, 'Message': '売建規制対象銘柄の為、受付することができません。'}
10:52:49 [INFO] [売りシグナル検知] 4582 | OBI: -0.994 (閾値: -0.955) | MicroPrice: 207.0
10:52:49 [INFO] 発注実行: SELL 4582 x100 @ 207.0 (limit, 指値: 204)
10:52:50 [ERROR] 発注失敗: 500 {'Code': 100302, 'Message': '売建規制対象銘柄の為、受付することができません。'}
10:53:14 [INFO] [売りシグナル検知] 4582 | OBI: -0.895 (閾値: -0.826) | MicroPrice: 209.1
10:53:14 [INFO] 発注実行: SELL 4582 x100 @ 209.0 (limit, 指値: 206)
10:53:15 [ERROR] 発注失敗: 500 {'Code': 100302, 'Message': '売建規制対象銘柄の為、受付することができません。'}
10:53:15 [INFO] [売りシグナル検知] 4582 | OBI: -0.886 (閾値: -0.837) | MicroPrice: 209.1
10:53:15 [INFO] 発注実行: SELL 4582 x100 @ 209.0 (limit, 指値: 206)
10:53:15 [ERROR] 発注失敗: 500 {'Code': 100302, 'Message': '売建規制対象銘柄の為、受付することができません。'}
10:53:16 [INFO] [売りシグナル検知] 4582 | OBI: -0.886 (閾値: -0.865) | MicroPrice: 209.1
10:53:16 [INFO] 発注実行: SELL 4582 x100 @ 209.0 (limit, 指値: 206)
10:53:16 [ERROR] 発注失敗: 500 {'Code': 100302, 'Message': '売建規制対象銘柄の為、受付することができません。'}
10:53:25 [INFO] [買いシグナル検知] 5016 | OBI: 0.933 (閾値: 0.710) | MicroPrice: 3367.0
10:53:25 [INFO] 発注実行: BUY 5016 x100 @ 3367.0 (limit, 指値: 3405)
10:53:25 [ERROR] 発注失敗: 500 {'Code': 21, 'Message': '可能額が不足しております。ご注文内容をご確認ください'}
10:53:25 [INFO] [買いシグナル検知] 5016 | OBI: 0.933 (閾値: 0.826) | MicroPrice: 3367.0
10:53:25 [INFO] 発注実行: BUY 5016 x100 @ 3367.0 (limit, 指値: 3405)
10:53:25 [ERROR] 発注失敗: 500 {'Code': 21, 'Message': '可能額が不足しております。ご注文内容をご確認ください'}
10:53:37 [INFO] [買いシグナル検知] 7013 | OBI: 0.545 (閾値: 0.174) | MicroPrice: 4264.5
10:53:37 [INFO] 発注実行: BUY 7013 x100 @ 4263.0 (limit, 指値: 4310)
10:53:38 [ERROR] 発注失敗: 500 {'Code': 21, 'Message': '可能額が不足しております。ご注文内容をご確認ください'}
10:53:38 [INFO] [買いシグナル検知] 7013 | OBI: 0.545 (閾値: 0.275) | MicroPrice: 4264.5
10:53:38 [INFO] 発注実行: BUY 7013 x100 @ 4266.0 (limit, 指値: 4310)
10:53:38 [ERROR] 発注失敗: 500 {'Code': 21, 'Message': '可能額が不足しております。ご注文内容をご確認ください'}
10:53:38 [INFO] [買いシグナル検知] 7013 | OBI: 0.545 (閾値: 0.371) | MicroPrice: 4264.5
10:53:38 [INFO] 発注実行: BUY 7013 x100 @ 4265.0 (limit, 指値: 4310)
10:53:38 [ERROR] 発注失敗: 500 {'Code': 21, 'Message': '可能額が不足しております。ご注文内容をご確認ください'}
10:53:38 [INFO] [買いシグナル検知] 7013 | OBI: 0.636 (閾値: 0.512) | MicroPrice: 4264.8
10:53:38 [INFO] 発注実行: BUY 7013 x100 @ 4264.0 (limit, 指値: 4310)
10:53:39 [ERROR] 発注失敗: 500 {'Code': 21, 'Message': '可能額が不足しております。ご注文内容をご確認ください'}
10:53:39 [INFO] [買いシグナル検知] 7013 | OBI: 0.636 (閾値: 0.578) | MicroPrice: 4264.8
10:53:39 [INFO] 発注実行: BUY 7013 x100 @ 4264.0 (limit, 指値: 4310)
10:53:39 [ERROR] 発注失敗: 500 {'Code': 21, 'Message': '可能額が不足しております。ご注文内容をご確認ください'}
10:53:41 [INFO] [買いシグナル検知] 9501 | OBI: 0.902 (閾値: 0.726) | MicroPrice: 691.2
10:53:41 [INFO] 発注実行: BUY 9501 x100 @ 691.0 (limit, 指値: 698)
10:53:41 [INFO] >>> TRADING モードへ移行（排他ロック: 9501 | BUY）
10:53:41 [INFO] [買い返済シグナル] 9501 | 経過: 0.0秒 | OBI: -0.760 (撤退閾値: -0.240)
10:53:41 [INFO] 返済実行: SELL 9501 x100 @ 691.1 (limit, 指値: 684, 理由: signal)
10:53:41 [ERROR] 返済失敗: 400 {'Code': 1009001, 'Message': '建玉が選択されていません。'}
10:54:12 [INFO] [売りシグナル検知] 4582 | OBI: 0.053 (閾値: 0.063) | MicroPrice: 210.1
10:54:12 [INFO] 発注実行: SELL 4582 x100 @ 210.0 (limit, 指値: 207)
10:54:13 [ERROR] 発注失敗: 500 {'Code': 100302, 'Message': '売建規制対象銘柄の為、受付することができません。'}
10:54:33 [INFO] [売りシグナル検知] 4582 | OBI: 0.222 (閾値: 0.305) | MicroPrice: 209.6
10:54:33 [INFO] 発注実行: SELL 4582 x100 @ 210.0 (limit, 指値: 207)
10:54:34 [ERROR] 発注失敗: 500 {'Code': 100302, 'Message': '売建規制対象銘柄の為、受付することができません。'}
10:54:34 [INFO] [売りシグナル検知] 4582 | OBI: 0.222 (閾値: 0.271) | MicroPrice: 209.6
10:54:34 [INFO] 発注実行: SELL 4582 x100 @ 210.0 (limit, 指値: 207)
10:54:35 [ERROR] 発注失敗: 500 {'Code': 100302, 'Message': '売建規制対象銘柄の為、受付することができません。'}
10:54:48 [INFO] ==================================================
10:54:48 [INFO] HFT トレーディングシステム 起動
10:54:48 [INFO] API: http://localhost:18080
10:54:48 [INFO] WebSocket: ws://localhost:18080/kabusapi/websocket
10:54:48 [INFO] ログ: C:\DATA\python\ufj_system\HFT
10:54:48 [INFO] ==================================================
10:54:48 [INFO] APIトークン取得成功
10:54:49 [INFO] WebSocket接続中... ws://localhost:18080/kabusapi/websocket
10:54:49 [INFO] WebSocket 接続確立
10:55:45 [INFO] ==================================================
10:55:45 [INFO] HFT トレーディングシステム 起動
10:55:45 [INFO] API: http://localhost:18080
10:55:45 [INFO] WebSocket: ws://localhost:18080/kabusapi/websocket
10:55:45 [INFO] ログ: C:\DATA\python\ufj_system\HFT
10:55:45 [INFO] ==================================================
10:55:45 [INFO] APIトークン取得成功
10:55:45 [INFO] WebSocket接続中... ws://localhost:18080/kabusapi/websocket
10:55:45 [INFO] WebSocket 接続確立
10:55:57 [INFO] GUI: 銘柄登録要求 → ['9501']
10:55:57 [INFO] 銘柄登録完了: ['9501']
10:56:07 [INFO] 戦略変更: Entry=3.0σ / Exit=2.0σ / Decay=30.0s
10:56:49 [INFO] GUI: 銘柄登録要求 → ['9501', '4582', '6378', '4005']
10:56:50 [INFO] 銘柄登録完了: ['9501', '4582', '6378', '4005']
10:56:57 [INFO] [買いシグナル検知] 4582 | OBI: 0.970 (閾値: 0.957) | MicroPrice: 207.0
10:56:57 [INFO] 発注実行: BUY 4582 x100 @ 207.0 (limit, 指値: 210)
10:56:57 [INFO] >>> TRADING モードへ移行（排他ロック: 4582 | BUY）
10:57:07 [INFO] [買い返済シグナル] 4582 | 経過: 10.0秒 | OBI: -0.303 (撤退閾値: 0.156)
10:57:07 [INFO] 返済実行: SELL 4582 x100 @ 206.0 (limit, 指値: 203, 理由: signal)
10:57:08 [INFO] <<< MONITORING モードへ復帰 | P&L: -100円
10:57:32 [INFO] [買いシグナル検知] 4582 | OBI: 0.949 (閾値: 0.680) | MicroPrice: 206.0
10:57:32 [INFO] 発注実行: BUY 4582 x100 @ 206.0 (limit, 指値: 209)
10:57:32 [INFO] >>> TRADING モードへ移行（排他ロック: 4582 | BUY）
10:57:33 [INFO] [買い返済シグナル] 4582 | 経過: 1.3秒 | OBI: -0.990 (撤退閾値: -0.883)
10:57:33 [INFO] 返済実行: SELL 4582 x100 @ 206.0 (limit, 指値: 203, 理由: signal)
10:57:34 [INFO] <<< MONITORING モードへ復帰 | P&L: +0円
10:57:44 [INFO] 戦略変更: Entry=3.5σ / Exit=2.5σ / Decay=30.0s
10:57:54 [INFO] 注文方式変更: MARKET
10:57:57 [INFO] ロット変更: 100
10:58:00 [INFO] 目標設定変更: 利確=+500円 / 損切=-300円
10:58:02 [INFO] 戦略変更: Entry=3.5σ / Exit=2.5σ / Decay=30.0s
10:58:12 [INFO] 戦略変更: Entry=3.0σ / Exit=2.5σ / Decay=30.0s
10:58:58 [INFO] [買いシグナル検知] 4582 | OBI: 0.332 (閾値: 0.323) | MicroPrice: 207.7
10:58:58 [INFO] 発注実行: BUY 4582 x100 @ 208.0 (market, 成行)
10:58:58 [INFO] >>> TRADING モードへ移行（排他ロック: 4582 | BUY）
10:59:28 [INFO] [買い返済シグナル] 4582 | 経過: 30.1秒 | OBI: 0.190 (撤退閾値: 0.348)
10:59:28 [INFO] 返済実行: SELL 4582 x100 @ 208.0 (market, 成行, 理由: signal)
10:59:29 [INFO] <<< MONITORING モードへ復帰 | P&L: +0円
11:00:01 [INFO] [買いシグナル検知] 4582 | OBI: 0.866 (閾値: 0.652) | MicroPrice: 205.9
11:00:01 [INFO] 発注実行: BUY 4582 x100 @ 206.0 (market, 成行)
11:00:01 [INFO] >>> TRADING モードへ移行（排他ロック: 4582 | BUY）
11:00:35 [INFO] [買い返済シグナル] 4582 | 経過: 34.4秒 | OBI: 0.492 (撤退閾値: 0.636)
11:00:35 [INFO] 返済実行: SELL 4582 x100 @ 202.0 (market, 成行, 理由: signal)
11:00:36 [INFO] <<< MONITORING モードへ復帰 | P&L: -400円
11:02:31 [INFO] [買いシグナル検知] 4582 | OBI: 0.770 (閾値: 0.673) | MicroPrice: 205.9
11:02:31 [INFO] 発注実行: BUY 4582 x100 @ 205.0 (market, 成行)
11:02:31 [INFO] >>> TRADING モードへ移行（排他ロック: 4582 | BUY）
11:02:50 [INFO] [買い返済シグナル] 4582 | 経過: 18.8秒 | OBI: -0.740 (撤退閾値: 0.152)
11:02:50 [INFO] 返済実行: SELL 4582 x100 @ 206.0 (market, 成行, 理由: signal)
11:02:51 [INFO] <<< MONITORING モードへ復帰 | P&L: +100円
11:03:04 [INFO] [買いシグナル検知] 4005 | OBI: 0.846 (閾値: 0.801) | MicroPrice: 569.6
11:03:04 [INFO] 発注実行: BUY 4005 x100 @ 569.6 (market, 成行)
11:03:04 [INFO] >>> TRADING モードへ移行（排他ロック: 4005 | BUY）
11:03:06 [INFO] [買い返済シグナル] 4005 | 経過: 2.0秒 | OBI: -0.636 (撤退閾値: -0.491)
11:03:06 [INFO] 返済実行: SELL 4005 x100 @ 569.8 (market, 成行, 理由: signal)
11:03:07 [INFO] <<< MONITORING モードへ復帰 | P&L: +20円
11:03:15 [INFO] [売りシグナル検知] 4582 | OBI: -0.825 (閾値: -0.703) | MicroPrice: 207.1
11:03:15 [INFO] 発注実行: SELL 4582 x100 @ 207.0 (market, 成行)
11:03:15 [ERROR] 発注失敗: 500 {'Code': 100302, 'Message': '売建規制対象銘柄の為、受付することができません。'}
11:03:16 [INFO] [売りシグナル検知] 4582 | OBI: -0.825 (閾値: -0.757) | MicroPrice: 207.1
11:03:16 [INFO] 発注実行: SELL 4582 x100 @ 207.0 (market, 成行)
11:03:16 [ERROR] 発注失敗: 500 {'Code': 100302, 'Message': '売建規制対象銘柄の為、受付することができません。'}
11:03:16 [INFO] [売りシグナル検知] 4582 | OBI: -0.866 (閾値: -0.811) | MicroPrice: 207.1
11:03:16 [INFO] 発注実行: SELL 4582 x100 @ 207.0 (market, 成行)
11:03:17 [ERROR] 発注失敗: 500 {'Code': 100302, 'Message': '売建規制対象銘柄の為、受付することができません。'}
11:03:17 [INFO] [売りシグナル検知] 4582 | OBI: -0.866 (閾値: -0.858) | MicroPrice: 207.1
11:03:17 [INFO] 発注実行: SELL 4582 x100 @ 207.0 (market, 成行)
11:03:18 [ERROR] 発注失敗: 500 {'Code': 100302, 'Message': '売建規制対象銘柄の為、受付することができません。'}
11:05:10 [INFO] 戦略変更: Entry=5.0σ / Exit=2.0σ / Decay=30.0s
11:05:15 [INFO] 目標設定変更: 利確=+300円 / 損切=-300円
11:05:20 [INFO] 注文方式変更: LIMIT
11:06:46 [INFO] [買いシグナル検知] 4582 | OBI: 0.715 (閾値: 0.668) | MicroPrice: 203.9
11:06:46 [INFO] 発注実行: BUY 4582 x100 @ 204.0 (limit, 指値: 207)
11:06:46 [INFO] >>> TRADING モードへ移行（排他ロック: 4582 | BUY）
11:06:57 [INFO] [買い返済シグナル] 4582 | 経過: 10.3秒 | OBI: 0.350 (撤退閾値: 0.405)
11:06:57 [INFO] 返済実行: SELL 4582 x100 @ 201.0 (limit, 指値: 198, 理由: signal)
11:06:57 [INFO] <<< MONITORING モードへ復帰 | P&L: -300円
11:13:58 [INFO] [買いシグナル検知] 4582 | OBI: 0.989 (閾値: 0.697) | MicroPrice: 198.0
11:13:58 [INFO] 発注実行: BUY 4582 x100 @ 197.0 (limit, 指値: 199)
11:13:58 [INFO] >>> TRADING モードへ移行（排他ロック: 4582 | BUY）
11:14:29 [INFO] [買い返済シグナル] 4582 | 経過: 30.3秒 | OBI: 0.707 (撤退閾値: 0.844)
11:14:29 [INFO] 返済実行: SELL 4582 x100 @ 198.0 (limit, 指値: 196, 理由: signal)
11:14:29 [INFO] <<< MONITORING モードへ復帰 | P&L: +100円
11:17:58 [INFO] [買いシグナル検知] 4582 | OBI: 0.428 (閾値: 0.209) | MicroPrice: 200.7
11:17:58 [INFO] 発注実行: BUY 4582 x100 @ 201.0 (limit, 指値: 204)
11:17:58 [INFO] >>> TRADING モードへ移行（排他ロック: 4582 | BUY）
11:18:29 [INFO] [買い返済シグナル] 4582 | 経過: 31.0秒 | OBI: -0.645 (撤退閾値: -0.575)
11:18:29 [INFO] 返済実行: SELL 4582 x100 @ 200.0 (limit, 指値: 198, 理由: signal)
11:18:30 [INFO] <<< MONITORING モードへ復帰 | P&L: -100円
11:20:01 [INFO] [売りシグナル検知] 4582 | OBI: -0.737 (閾値: -0.679) | MicroPrice: 200.1
11:20:01 [INFO] 発注実行: SELL 4582 x100 @ 200.0 (limit, 指値: 198)
11:20:02 [ERROR] 発注失敗: 500 {'Code': 100302, 'Message': '売建規制対象銘柄の為、受付することができません。'}
11:20:02 [INFO] [売りシグナル検知] 4582 | OBI: -0.957 (閾値: -0.918) | MicroPrice: 200.0
11:20:02 [INFO] 発注実行: SELL 4582 x100 @ 200.0 (limit, 指値: 198)
11:20:03 [ERROR] 発注失敗: 500 {'Code': 100302, 'Message': '売建規制対象銘柄の為、受付することができません。'}
11:24:36 [INFO] システム終了要求
11:43:54 [INFO] ==================================================
11:43:54 [INFO] HFT トレーディングシステム 起動
11:43:54 [INFO] API: http://localhost:18080
11:43:54 [INFO] WebSocket: ws://localhost:18080/kabusapi/websocket
11:43:54 [INFO] ログ: C:\DATA\python\ufj_system\HFT
11:43:54 [INFO] ==================================================
11:43:55 [INFO] APIトークン取得成功
11:43:55 [INFO] WebSocket接続中... ws://localhost:18080/kabusapi/websocket
11:43:55 [INFO] WebSocket 接続確立
11:44:25 [WARNING] WebSocket タイムアウト（30秒）→ 再接続
11:44:35 [INFO] 3秒後に再接続...
11:44:38 [INFO] WebSocket接続中... ws://localhost:18080/kabusapi/websocket
11:44:38 [INFO] WebSocket 接続確立
11:45:04 [INFO] GUI: 銘柄登録要求 → ['9501', '4582', '6378', '4005', '268A', '3103', '3923', '4755']
11:45:04 [INFO] 銘柄登録完了: ['9501', '4582', '6378', '4005', '268A', '3103', '3923', '4755']
11:45:07 [INFO] GUI: 銘柄登録要求 → ['9501', '4582', '6378', '4005', '268A', '3103', '3923', '4755']
11:45:07 [INFO] 銘柄登録完了: ['9501', '4582', '6378', '4005', '268A', '3103', '3923', '4755']
11:45:11 [WARNING] WebSocket タイムアウト（30秒）→ 再接続
11:45:20 [INFO] 目標設定変更: 利確=+300円 / 損切=-300円
11:45:21 [INFO] 3秒後に再接続...
11:45:24 [INFO] WebSocket接続中... ws://localhost:18080/kabusapi/websocket
11:45:24 [INFO] WebSocket 接続確立
11:45:34 [INFO] 戦略変更: Entry=2.5σ / Exit=1.5σ / Decay=30.0s
11:45:54 [WARNING] WebSocket タイムアウト（30秒）→ 再接続
11:46:04 [INFO] 3秒後に再接続...
11:46:07 [INFO] WebSocket接続中... ws://localhost:18080/kabusapi/websocket
11:46:07 [INFO] WebSocket 接続確立
11:46:37 [WARNING] WebSocket タイムアウト（30秒）→ 再接続
11:46:47 [INFO] 3秒後に再接続...
11:46:50 [INFO] WebSocket接続中... ws://localhost:18080/kabusapi/websocket
11:46:50 [INFO] WebSocket 接続確立
11:47:15 [INFO] GUI: 銘柄登録要求 → ['9501', '4582', '6378', '4005', '268A', '3103', '3923', '4755']
11:47:15 [INFO] 銘柄登録完了: ['9501', '4582', '6378', '4005', '268A', '3103', '3923', '4755']
11:47:20 [WARNING] WebSocket タイムアウト（30秒）→ 再接続
11:47:30 [INFO] 3秒後に再接続...
11:47:33 [INFO] WebSocket接続中... ws://localhost:18080/kabusapi/websocket
11:47:33 [INFO] WebSocket 接続確立
11:48:03 [WARNING] WebSocket タイムアウト（30秒）→ 再接続
11:48:13 [INFO] 3秒後に再接続...
11:48:16 [INFO] WebSocket接続中... ws://localhost:18080/kabusapi/websocket
11:48:16 [INFO] WebSocket 接続確立
11:48:46 [WARNING] WebSocket タイムアウト（30秒）→ 再接続
11:48:56 [INFO] 3秒後に再接続...
11:48:59 [INFO] WebSocket接続中... ws://localhost:18080/kabusapi/websocket
11:48:59 [INFO] WebSocket 接続確立
11:49:29 [WARNING] WebSocket タイムアウト（30秒）→ 再接続
11:49:39 [INFO] 3秒後に再接続...
11:49:42 [INFO] WebSocket接続中... ws://localhost:18080/kabusapi/websocket
11:49:42 [INFO] WebSocket 接続確立
11:50:12 [WARNING] WebSocket タイムアウト（30秒）→ 再接続
11:50:22 [INFO] 3秒後に再接続...
11:50:25 [INFO] WebSocket接続中... ws://localhost:18080/kabusapi/websocket
11:50:25 [INFO] WebSocket 接続確立
11:50:55 [WARNING] WebSocket タイムアウト（30秒）→ 再接続
11:51:05 [INFO] 3秒後に再接続...
11:51:08 [INFO] WebSocket接続中... ws://localhost:18080/kabusapi/websocket
11:51:08 [INFO] WebSocket 接続確立
11:51:38 [WARNING] WebSocket タイムアウト（30秒）→ 再接続
11:51:48 [INFO] 3秒後に再接続...
11:51:51 [INFO] WebSocket接続中... ws://localhost:18080/kabusapi/websocket
11:51:52 [INFO] WebSocket 接続確立
11:52:22 [WARNING] WebSocket タイムアウト（30秒）→ 再接続
11:52:32 [INFO] 3秒後に再接続...
11:52:35 [INFO] WebSocket接続中... ws://localhost:18080/kabusapi/websocket
11:52:35 [INFO] WebSocket 接続確立
11:53:05 [WARNING] WebSocket タイムアウト（30秒）→ 再接続
11:53:15 [INFO] 3秒後に再接続...
11:53:18 [INFO] WebSocket接続中... ws://localhost:18080/kabusapi/websocket
11:53:18 [INFO] WebSocket 接続確立
11:53:48 [WARNING] WebSocket タイムアウト（30秒）→ 再接続
11:53:58 [INFO] 3秒後に再接続...
11:54:01 [INFO] WebSocket接続中... ws://localhost:18080/kabusapi/websocket
11:54:01 [INFO] WebSocket 接続確立
11:54:31 [WARNING] WebSocket タイムアウト（30秒）→ 再接続
11:54:41 [INFO] 3秒後に再接続...
11:54:44 [INFO] WebSocket接続中... ws://localhost:18080/kabusapi/websocket
11:54:44 [INFO] WebSocket 接続確立
11:55:14 [WARNING] WebSocket タイムアウト（30秒）→ 再接続
11:55:24 [INFO] 3秒後に再接続...
11:55:27 [INFO] WebSocket接続中... ws://localhost:18080/kabusapi/websocket
11:55:27 [INFO] WebSocket 接続確立
11:55:57 [WARNING] WebSocket タイムアウト（30秒）→ 再接続
11:56:07 [INFO] 3秒後に再接続...
11:56:10 [INFO] WebSocket接続中... ws://localhost:18080/kabusapi/websocket
11:56:10 [INFO] WebSocket 接続確立
11:56:40 [WARNING] WebSocket タイムアウト（30秒）→ 再接続
11:56:50 [INFO] 3秒後に再接続...
11:56:53 [INFO] WebSocket接続中... ws://localhost:18080/kabusapi/websocket
11:56:53 [INFO] WebSocket 接続確立
11:57:23 [WARNING] WebSocket タイムアウト（30秒）→ 再接続
11:57:33 [INFO] 3秒後に再接続...
11:57:36 [INFO] WebSocket接続中... ws://localhost:18080/kabusapi/websocket
11:57:36 [INFO] WebSocket 接続確立
11:58:06 [WARNING] WebSocket タイムアウト（30秒）→ 再接続
11:58:16 [INFO] 3秒後に再接続...
11:58:19 [INFO] WebSocket接続中... ws://localhost:18080/kabusapi/websocket
11:58:19 [INFO] WebSocket 接続確立
11:58:49 [WARNING] WebSocket タイムアウト（30秒）→ 再接続
11:58:59 [INFO] 3秒後に再接続...
11:59:02 [INFO] WebSocket接続中... ws://localhost:18080/kabusapi/websocket
11:59:02 [INFO] WebSocket 接続確立
11:59:32 [WARNING] WebSocket タイムアウト（30秒）→ 再接続
12:05:13 [INFO] 3秒後に再接続...
12:05:16 [INFO] WebSocket接続中... ws://localhost:18080/kabusapi/websocket
12:05:16 [INFO] WebSocket 接続確立
12:05:55 [INFO] [売りシグナル検知] 9501 | OBI: -0.127 (閾値: -0.115) | MicroPrice: 689.9
12:05:55 [INFO] 発注実行: SELL 9501 x100 @ 689.3 (limit, 指値: 682)
12:05:56 [INFO] >>> TRADING モードへ移行（排他ロック: 9501 | SELL）
12:06:43 [INFO] [売り返済シグナル] 9501 | 経過: 47.5秒 | OBI: -0.001 (撤退閾値: -0.088)
12:06:43 [INFO] 返済実行: BUY 9501 x100 @ 689.3 (limit, 指値: 697, 理由: signal)
12:06:43 [ERROR] 返済失敗: 400 {'Code': 1009001, 'Message': '建玉が選択されていません。'}
12:08:59 [INFO] [売りシグナル検知] 4755 | OBI: -0.022 (閾値: -0.022) | MicroPrice: 819.9
12:08:59 [INFO] 発注実行: SELL 4755 x100 @ 819.2 (limit, 指値: 811)
12:09:00 [INFO] >>> TRADING モードへ移行（排他ロック: 4755 | SELL）
12:09:02 [INFO] [売り返済シグナル] 4755 | 経過: 1.7秒 | OBI: -0.001 (撤退閾値: -0.002)
12:09:02 [INFO] 返済実行: BUY 4755 x100 @ 819.2 (limit, 指値: 828, 理由: signal)
12:09:02 [ERROR] 返済失敗: 400 {'Code': 1009001, 'Message': '建玉が選択されていません。'}
12:09:20 [INFO] [買いシグナル検知] 4582 | OBI: -0.034 (閾値: -0.034) | MicroPrice: 208.5
12:09:20 [INFO] 発注実行: BUY 4582 x100 @ 208.0 (limit, 指値: 211)
12:09:20 [INFO] >>> TRADING モードへ移行（排他ロック: 4582 | BUY）
12:09:51 [INFO] [買い返済シグナル] 4582 | 経過: 30.5秒 | OBI: -0.059 (撤退閾値: -0.036)
12:09:51 [INFO] 返済実行: SELL 4582 x100 @ 208.0 (limit, 指値: 205, 理由: signal)
12:09:51 [ERROR] 返済失敗: 400 {'Code': 1009001, 'Message': '建玉が選択されていません。'}
12:11:27 [INFO] [買いシグナル検知] 3103 | OBI: 0.091 (閾値: 0.079) | MicroPrice: 1195.5
12:11:27 [INFO] 発注実行: BUY 3103 x100 @ 1200.0 (limit, 指値: 1212)
12:11:27 [ERROR] 発注失敗: 500 {'Code': 21, 'Message': '可能額が不足しております。ご注文内容をご確認ください'}
12:11:33 [INFO] [買いシグナル検知] 3103 | OBI: 0.090 (閾値: 0.085) | MicroPrice: 1195.5
12:11:33 [INFO] 発注実行: BUY 3103 x100 @ 1200.0 (limit, 指値: 1212)
12:11:34 [ERROR] 発注失敗: 500 {'Code': 21, 'Message': '可能額が不足しております。ご注文内容をご確認ください'}
12:11:36 [INFO] [買いシグナル検知] 3103 | OBI: 0.092 (閾値: 0.090) | MicroPrice: 1195.5
12:11:36 [INFO] 発注実行: BUY 3103 x100 @ 1200.0 (limit, 指値: 1212)
12:11:36 [ERROR] 発注失敗: 500 {'Code': 21, 'Message': '可能額が不足しております。ご注文内容をご確認ください'}
12:14:16 [INFO] [買いシグナル検知] 4582 | OBI: 0.036 (閾値: 0.035) | MicroPrice: 208.5
12:14:16 [INFO] 発注実行: BUY 4582 x100 @ 208.0 (limit, 指値: 211)
12:14:16 [INFO] >>> TRADING モードへ移行（排他ロック: 4582 | BUY）
12:15:42 [INFO] [買い返済シグナル] 4582 | 経過: 86.2秒 | OBI: 0.034 (撤退閾値: 0.038)
12:15:42 [INFO] 返済実行: SELL 4582 x100 @ 208.0 (limit, 指値: 205, 理由: signal)
12:15:42 [ERROR] 返済失敗: 400 {'Code': 1009001, 'Message': '建玉が選択されていません。'}
12:15:57 [INFO] [売りシグナル検知] 9501 | OBI: -0.131 (閾値: -0.122) | MicroPrice: 689.9
12:15:57 [INFO] 発注実行: SELL 9501 x100 @ 689.3 (limit, 指値: 682)
12:15:58 [ERROR] 発注失敗: 500 {'Code': 21, 'Message': '可能額が不足しております。ご注文内容をご確認ください'}
12:15:58 [INFO] [売りシグナル検知] 9501 | OBI: -0.132 (閾値: -0.132) | MicroPrice: 689.9
12:15:58 [INFO] 発注実行: SELL 9501 x100 @ 689.3 (limit, 指値: 682)
12:15:58 [ERROR] 発注失敗: 500 {'Code': 21, 'Message': '可能額が不足しております。ご注文内容をご確認ください'}
12:17:14 [INFO] [買いシグナル検知] 4582 | OBI: 0.100 (閾値: 0.098) | MicroPrice: 208.5
12:17:14 [INFO] 発注実行: BUY 4582 x100 @ 208.0 (limit, 指値: 211)
12:17:15 [INFO] >>> TRADING モードへ移行（排他ロック: 4582 | BUY）
12:17:55 [INFO] [買い返済シグナル] 4582 | 経過: 40.1秒 | OBI: 0.082 (撤退閾値: 0.110)
12:17:55 [INFO] 返済実行: SELL 4582 x100 @ 208.0 (limit, 指値: 205, 理由: signal)
12:17:55 [ERROR] 返済失敗: 400 {'Code': 1009001, 'Message': '建玉が選択されていません。'}
12:18:02 [INFO] [買いシグナル検知] 3103 | OBI: 0.030 (閾値: 0.024) | MicroPrice: 1190.5
12:18:02 [INFO] 発注実行: BUY 3103 x100 @ 1200.0 (limit, 指値: 1212)
12:18:02 [ERROR] 発注失敗: 500 {'Code': 21, 'Message': '可能額が不足しております。ご注文内容をご確認ください'}
12:18:03 [INFO] [買いシグナル検知] 3103 | OBI: 0.033 (閾値: 0.024) | MicroPrice: 1190.5
12:18:03 [INFO] 発注実行: BUY 3103 x100 @ 1200.0 (limit, 指値: 1212)
12:18:03 [ERROR] 発注失敗: 500 {'Code': 21, 'Message': '可能額が不足しております。ご注文内容をご確認ください'}
12:18:03 [INFO] [買いシグナル検知] 3103 | OBI: 0.033 (閾値: 0.027) | MicroPrice: 1190.5
12:18:03 [INFO] 発注実行: BUY 3103 x100 @ 1200.0 (limit, 指値: 1212)
12:18:04 [ERROR] 発注失敗: 500 {'Code': 21, 'Message': '可能額が不足しております。ご注文内容をご確認ください'}
12:18:05 [INFO] [買いシグナル検知] 3103 | OBI: 0.034 (閾値: 0.029) | MicroPrice: 1190.5
12:18:05 [INFO] 発注実行: BUY 3103 x100 @ 1200.0 (limit, 指値: 1212)
12:18:06 [ERROR] 発注失敗: 500 {'Code': 21, 'Message': '可能額が不足しております。ご注文内容をご確認ください'}
12:20:19 [INFO] [買いシグナル検知] 4582 | OBI: 0.085 (閾値: 0.082) | MicroPrice: 208.5
12:20:19 [INFO] 発注実行: BUY 4582 x100 @ 208.0 (limit, 指値: 211)
12:20:19 [INFO] >>> TRADING モードへ移行（排他ロック: 4582 | BUY）
12:20:55 [INFO] [買い返済シグナル] 4582 | 経過: 35.5秒 | OBI: 0.079 (撤退閾値: 0.081)
12:20:55 [INFO] 返済実行: SELL 4582 x100 @ 208.0 (limit, 指値: 205, 理由: signal)
12:20:55 [ERROR] 返済失敗: 400 {'Code': 1009001, 'Message': '建玉が選択されていません。'}
12:21:46 [INFO] [買いシグナル検知] 4582 | OBI: 0.109 (閾値: 0.101) | MicroPrice: 208.6
12:21:46 [INFO] 発注実行: BUY 4582 x100 @ 208.0 (limit, 指値: 211)
12:21:46 [ERROR] 発注失敗: 500 {'Code': 21, 'Message': '可能額が不足しております。ご注文内容をご確認ください'}
12:21:51 [INFO] [買いシグナル検知] 4582 | OBI: 0.109 (閾値: 0.106) | MicroPrice: 208.6
12:21:51 [INFO] 発注実行: BUY 4582 x100 @ 208.0 (limit, 指値: 211)
12:21:52 [ERROR] 発注失敗: 500 {'Code': 21, 'Message': '可能額が不足しております。ご注文内容をご確認ください'}
12:21:54 [INFO] [売りシグナル検知] 268A | OBI: -0.078 (閾値: -0.078) | MicroPrice: 1759.5
12:21:54 [INFO] 発注実行: SELL 268A x100 @ 1762.0 (limit, 指値: 1744)
12:21:55 [ERROR] 発注失敗: 500 {'Code': 21, 'Message': '可能額が不足しております。ご注文内容をご確認ください'}
12:23:25 [INFO] [買いシグナル検知] 3103 | OBI: 0.030 (閾値: 0.029) | MicroPrice: 1190.5
12:23:25 [INFO] 発注実行: BUY 3103 x100 @ 1200.0 (limit, 指値: 1212)
12:23:26 [ERROR] 発注失敗: 500 {'Code': 21, 'Message': '可能額が不足しております。ご注文内容をご確認ください'}
12:23:36 [INFO] [買いシグナル検知] 3103 | OBI: 0.033 (閾値: 0.032) | MicroPrice: 1190.5
12:23:36 [INFO] 発注実行: BUY 3103 x100 @ 1200.0 (limit, 指値: 1212)
12:23:36 [ERROR] 発注失敗: 500 {'Code': 21, 'Message': '可能額が不足しております。ご注文内容をご確認ください'}
12:24:53 [INFO] [買いシグナル検知] 4582 | OBI: 0.131 (閾値: 0.112) | MicroPrice: 208.6
12:24:53 [INFO] 発注実行: BUY 4582 x100 @ 208.0 (limit, 指値: 211)
12:24:53 [ERROR] 発注失敗: 500 {'Code': 21, 'Message': '可能額が不足しております。ご注文内容をご確認ください'}
12:24:54 [INFO] [買いシグナル検知] 4582 | OBI: 0.130 (閾値: 0.117) | MicroPrice: 208.6
12:24:54 [INFO] 発注実行: BUY 4582 x100 @ 208.0 (limit, 指値: 211)
12:24:55 [ERROR] 発注失敗: 500 {'Code': 21, 'Message': '可能額が不足しております。ご注文内容をご確認ください'}
12:26:02 [INFO] [売りシグナル検知] 4005 | OBI: -0.026 (閾値: -0.020) | MicroPrice: 566.9
12:26:02 [INFO] 発注実行: SELL 4005 x100 @ 566.9 (limit, 指値: 561)
12:26:03 [ERROR] 発注失敗: 500 {'Code': 21, 'Message': '可能額が不足しております。ご注文内容をご確認ください'}
12:26:03 [INFO] [売りシグナル検知] 4005 | OBI: -0.026 (閾値: -0.025) | MicroPrice: 566.9
12:26:03 [INFO] 発注実行: SELL 4005 x100 @ 566.9 (limit, 指値: 561)
12:26:04 [ERROR] 発注失敗: 500 {'Code': 21, 'Message': '可能額が不足しております。ご注文内容をご確認ください'}
12:26:04 [INFO] [売りシグナル検知] 4005 | OBI: -0.038 (閾値: -0.035) | MicroPrice: 566.9
12:26:04 [INFO] 発注実行: SELL 4005 x100 @ 566.9 (limit, 指値: 561)
12:26:05 [ERROR] 発注失敗: 500 {'Code': 21, 'Message': '可能額が不足しております。ご注文内容をご確認ください'}
12:26:13 [INFO] [買いシグナル検知] 4582 | OBI: 0.143 (閾値: 0.130) | MicroPrice: 208.6
12:26:13 [INFO] 発注実行: BUY 4582 x100 @ 208.0 (limit, 指値: 211)
12:26:14 [ERROR] 発注失敗: 500 {'Code': 21, 'Message': '可能額が不足しております。ご注文内容をご確認ください'}
12:26:14 [INFO] [売りシグナル検知] 4005 | OBI: -0.057 (閾値: -0.051) | MicroPrice: 566.9
12:26:14 [INFO] 発注実行: SELL 4005 x100 @ 566.9 (limit, 指値: 561)
12:26:15 [ERROR] 発注失敗: 500 {'Code': 21, 'Message': '可能額が不足しております。ご注文内容をご確認ください'}
12:26:15 [INFO] [売りシグナル検知] 4005 | OBI: -0.057 (閾値: -0.057) | MicroPrice: 566.9
12:26:15 [INFO] 発注実行: SELL 4005 x100 @ 566.9 (limit, 指値: 561)
12:26:16 [ERROR] 発注失敗: 500 {'Code': 21, 'Message': '可能額が不足しております。ご注文内容をご確認ください'}
12:26:25 [INFO] [買いシグナル検知] 6378 | OBI: 0.122 (閾値: 0.122) | MicroPrice: 1516.6
12:26:25 [INFO] 発注実行: BUY 6378 x100 @ 1516.0 (limit, 指値: 1532)
12:26:25 [ERROR] 発注失敗: 500 {'Code': 21, 'Message': '可能額が不足しております。ご注文内容をご確認ください'}
12:26:52 [INFO] [売りシグナル検知] 268A | OBI: -0.085 (閾値: -0.051) | MicroPrice: 1759.5
12:26:52 [INFO] 発注実行: SELL 268A x100 @ 1762.0 (limit, 指値: 1744)
12:26:53 [ERROR] 発注失敗: 500 {'Code': 21, 'Message': '可能額が不足しております。ご注文内容をご確認ください'}
12:26:53 [INFO] [売りシグナル検知] 268A | OBI: -0.085 (閾値: -0.060) | MicroPrice: 1759.5
12:26:53 [INFO] 発注実行: SELL 268A x100 @ 1762.0 (limit, 指値: 1744)
12:26:54 [ERROR] 発注失敗: 500 {'Code': 21, 'Message': '可能額が不足しております。ご注文内容をご確認ください'}
12:26:54 [INFO] [売りシグナル検知] 268A | OBI: -0.085 (閾値: -0.068) | MicroPrice: 1759.5
12:26:54 [INFO] 発注実行: SELL 268A x100 @ 1762.0 (limit, 指値: 1744)
12:26:54 [ERROR] 発注失敗: 500 {'Code': 21, 'Message': '可能額が不足しております。ご注文内容をご確認ください'}
12:26:54 [INFO] [売りシグナル検知] 268A | OBI: -0.085 (閾値: -0.075) | MicroPrice: 1759.5
12:26:54 [INFO] 発注実行: SELL 268A x100 @ 1762.0 (limit, 指値: 1744)
12:26:55 [ERROR] 発注失敗: 500 {'Code': 21, 'Message': '可能額が不足しております。ご注文内容をご確認ください'}
12:27:25 [INFO] [買いシグナル検知] 4582 | OBI: 0.124 (閾値: 0.119) | MicroPrice: 208.6
12:27:25 [INFO] 発注実行: BUY 4582 x100 @ 208.0 (limit, 指値: 211)
12:27:25 [ERROR] 発注失敗: 500 {'Code': 21, 'Message': '可能額が不足しております。ご注文内容をご確認ください'}
12:27:27 [INFO] [買いシグナル検知] 4582 | OBI: 0.129 (閾値: 0.121) | MicroPrice: 208.6
12:27:27 [INFO] 発注実行: BUY 4582 x100 @ 208.0 (limit, 指値: 211)
12:27:28 [ERROR] 発注失敗: 500 {'Code': 21, 'Message': '可能額が不足しております。ご注文内容をご確認ください'}
12:27:28 [INFO] [買いシグナル検知] 4582 | OBI: 0.130 (閾値: 0.124) | MicroPrice: 208.6
12:27:28 [INFO] 発注実行: BUY 4582 x100 @ 208.0 (limit, 指値: 211)
12:27:28 [ERROR] 発注失敗: 500 {'Code': 21, 'Message': '可能額が不足しております。ご注文内容をご確認ください'}
12:27:28 [INFO] [買いシグナル検知] 4582 | OBI: 0.130 (閾値: 0.126) | MicroPrice: 208.6
12:27:28 [INFO] 発注実行: BUY 4582 x100 @ 208.0 (limit, 指値: 211)
12:27:29 [ERROR] 発注失敗: 500 {'Code': 21, 'Message': '可能額が不足しております。ご注文内容をご確認ください'}
12:27:29 [INFO] [買いシグナル検知] 4582 | OBI: 0.129 (閾値: 0.128) | MicroPrice: 208.6
12:27:29 [INFO] 発注実行: BUY 4582 x100 @ 208.0 (limit, 指値: 211)
12:27:29 [ERROR] 発注失敗: 500 {'Code': 21, 'Message': '可能額が不足しております。ご注文内容をご確認ください'}
12:27:51 [INFO] [買いシグナル検知] 4582 | OBI: 0.143 (閾値: 0.142) | MicroPrice: 208.6
12:27:51 [INFO] 発注実行: BUY 4582 x100 @ 208.0 (limit, 指値: 211)
12:27:52 [ERROR] 発注失敗: 500 {'Code': 21, 'Message': '可能額が不足しております。ご注文内容をご確認ください'}
12:28:18 [INFO] [買いシグナル検知] 3103 | OBI: 0.042 (閾値: 0.015) | MicroPrice: 1188.5
12:28:18 [INFO] 発注実行: BUY 3103 x100 @ 1200.0 (limit, 指値: 1212)
12:28:19 [ERROR] 発注失敗: 500 {'Code': 21, 'Message': '可能額が不足しております。ご注文内容をご確認ください'}
12:28:20 [INFO] [買いシグナル検知] 3103 | OBI: 0.041 (閾値: 0.022) | MicroPrice: 1188.5
12:28:20 [INFO] 発注実行: BUY 3103 x100 @ 1200.0 (limit, 指値: 1212)
12:28:20 [ERROR] 発注失敗: 500 {'Code': 21, 'Message': '可能額が不足しております。ご注文内容をご確認ください'}
12:28:21 [INFO] [買いシグナル検知] 3103 | OBI: 0.042 (閾値: 0.027) | MicroPrice: 1188.5
12:28:21 [INFO] 発注実行: BUY 3103 x100 @ 1200.0 (limit, 指値: 1212)
12:28:21 [ERROR] 発注失敗: 500 {'Code': 21, 'Message': '可能額が不足しております。ご注文内容をご確認ください'}
12:28:21 [INFO] [買いシグナル検知] 3103 | OBI: 0.042 (閾値: 0.032) | MicroPrice: 1188.5
12:28:21 [INFO] 発注実行: BUY 3103 x100 @ 1200.0 (limit, 指値: 1212)
12:28:21 [ERROR] 発注失敗: 500 {'Code': 21, 'Message': '可能額が不足しております。ご注文内容をご確認ください'}
12:28:23 [INFO] [買いシグナル検知] 3103 | OBI: 0.042 (閾値: 0.036) | MicroPrice: 1188.5
12:28:23 [INFO] 発注実行: BUY 3103 x100 @ 1200.0 (limit, 指値: 1212)
12:28:23 [ERROR] 発注失敗: 500 {'Code': 21, 'Message': '可能額が不足しております。ご注文内容をご確認ください'}
12:28:26 [INFO] [買いシグナル検知] 3103 | OBI: 0.041 (閾値: 0.040) | MicroPrice: 1188.5
12:28:26 [INFO] 発注実行: BUY 3103 x100 @ 1200.0 (limit, 指値: 1212)
12:28:26 [ERROR] 発注失敗: 500 {'Code': 21, 'Message': '可能額が不足しております。ご注文内容をご確認ください'}
12:28:54 [INFO] [買いシグナル検知] 4582 | OBI: 0.130 (閾値: 0.128) | MicroPrice: 208.6
12:28:54 [INFO] 発注実行: BUY 4582 x100 @ 208.0 (limit, 指値: 211)
12:28:55 [ERROR] 発注失敗: 500 {'Code': 21, 'Message': '可能額が不足しております。ご注文内容をご確認ください'}
12:29:16 [INFO] [買いシグナル検知] 3923 | OBI: 0.111 (閾値: 0.108) | MicroPrice: 752.7
12:29:16 [INFO] 発注実行: BUY 3923 x100 @ 752.6 (limit, 指値: 761)
12:29:16 [ERROR] 発注失敗: 500 {'Code': 21, 'Message': '可能額が不足しております。ご注文内容をご確認ください'}
12:29:16 [INFO] [買いシグナル検知] 3923 | OBI: 0.119 (閾値: 0.112) | MicroPrice: 752.7
12:29:16 [INFO] 発注実行: BUY 3923 x100 @ 752.6 (limit, 指値: 761)
12:29:17 [ERROR] 発注失敗: 500 {'Code': 21, 'Message': '可能額が不足しております。ご注文内容をご確認ください'}
12:29:17 [INFO] [買いシグナル検知] 3923 | OBI: 0.122 (閾値: 0.117) | MicroPrice: 752.7
12:29:17 [INFO] 発注実行: BUY 3923 x100 @ 752.6 (limit, 指値: 761)
12:29:18 [ERROR] 発注失敗: 500 {'Code': 21, 'Message': '可能額が不足しております。ご注文内容をご確認ください'}
12:29:18 [INFO] [買いシグナル検知] 3923 | OBI: 0.126 (閾値: 0.121) | MicroPrice: 752.7
12:29:18 [INFO] 発注実行: BUY 3923 x100 @ 752.6 (limit, 指値: 761)
12:29:18 [ERROR] 発注失敗: 500 {'Code': 21, 'Message': '可能額が不足しております。ご注文内容をご確認ください'}
12:29:19 [INFO] [買いシグナル検知] 3923 | OBI: 0.132 (閾値: 0.126) | MicroPrice: 752.7
12:29:19 [INFO] 発注実行: BUY 3923 x100 @ 752.6 (limit, 指値: 761)
12:29:19 [ERROR] 発注失敗: 500 {'Code': 21, 'Message': '可能額が不足しております。ご注文内容をご確認ください'}
12:29:27 [INFO] [買いシグナル検知] 3923 | OBI: 0.133 (閾値: 0.131) | MicroPrice: 752.7
12:29:27 [INFO] 発注実行: BUY 3923 x100 @ 752.6 (limit, 指値: 761)
12:29:28 [ERROR] 発注失敗: 500 {'Code': 21, 'Message': '可能額が不足しております。ご注文内容をご確認ください'}
12:29:56 [INFO] [買いシグナル検知] 4582 | OBI: 0.127 (閾値: 0.120) | MicroPrice: 208.6
12:29:56 [INFO] 発注実行: BUY 4582 x100 @ 208.0 (limit, 指値: 211)
12:29:56 [ERROR] 発注失敗: 500 {'Code': 21, 'Message': '可能額が不足しております。ご注文内容をご確認ください'}
12:29:56 [INFO] [買いシグナル検知] 4582 | OBI: 0.127 (閾値: 0.122) | MicroPrice: 208.6
12:29:56 [INFO] 発注実行: BUY 4582 x100 @ 208.0 (limit, 指値: 211)
12:29:57 [ERROR] 発注失敗: 500 {'Code': 21, 'Message': '可能額が不足しております。ご注文内容をご確認ください'}
12:29:57 [INFO] [買いシグナル検知] 4582 | OBI: 0.127 (閾値: 0.124) | MicroPrice: 208.6
12:29:57 [INFO] 発注実行: BUY 4582 x100 @ 208.0 (limit, 指値: 211)
12:29:57 [ERROR] 発注失敗: 500 {'Code': 21, 'Message': '可能額が不足しております。ご注文内容をご確認ください'}
12:30:01 [INFO] [買いシグナル検知] 4755 | OBI: 0.052 (閾値: 0.042) | MicroPrice: 819.3
12:30:01 [INFO] 発注実行: BUY 4755 x100 @ 819.2 (limit, 指値: 828)
12:30:01 [ERROR] 発注失敗: 500 {'Code': 100313, 'Message': '同一銘柄の買い注文と売り注文を同時に行うご注文は、取引時間中における不公正取引の仮装売買（クロス）に該当する可能性があるため、未約定の反対注文の状況をご確認のうえ、執行条件を変更してください。'}
12:30:01 [INFO] [買いシグナル検知] 4755 | OBI: 0.052 (閾値: 0.045) | MicroPrice: 819.3
12:30:01 [INFO] 発注実行: BUY 4755 x100 @ 819.2 (limit, 指値: 828)
12:30:02 [ERROR] 発注失敗: 500 {'Code': 21, 'Message': '可能額が不足しております。ご注文内容をご確認ください'}
12:30:02 [INFO] [買いシグナル検知] 4755 | OBI: 0.052 (閾値: 0.047) | MicroPrice: 819.3
12:30:02 [INFO] 発注実行: BUY 4755 x100 @ 820.0 (limit, 指値: 829)
12:30:02 [ERROR] 発注失敗: 500 {'Code': 21, 'Message': '可能額が不足しております。ご注文内容をご確認ください'}
12:30:02 [INFO] [買いシグナル検知] 3923 | OBI: 0.970 (閾値: 0.456) | MicroPrice: 752.8
12:30:02 [INFO] 発注実行: BUY 3923 x100 @ 752.6 (limit, 指値: 761)
12:30:02 [ERROR] 発注失敗: 500 {'Code': 21, 'Message': '可能額が不足しております。ご注文内容をご確認ください'}
12:30:02 [INFO] [買いシグナル検知] 4582 | OBI: 0.519 (閾値: 0.263) | MicroPrice: 208.8
12:30:02 [INFO] 発注実行: BUY 4582 x100 @ 208.0 (limit, 指値: 211)
12:30:03 [INFO] >>> TRADING モードへ移行（排他ロック: 4582 | BUY）
12:30:05 [INFO] [買い返済シグナル] 4582 | 経過: 2.5秒 | OBI: -0.463 (撤退閾値: -0.099)
12:30:05 [INFO] 返済実行: SELL 4582 x100 @ 209.0 (limit, 指値: 206, 理由: signal)
12:30:06 [INFO] <<< MONITORING モードへ復帰 | P&L: +100円
12:30:06 [INFO] [売りシグナル検知] 4005 | OBI: -0.938 (閾値: -0.912) | MicroPrice: 568.4
12:30:06 [INFO] 発注実行: SELL 4005 x100 @ 568.3 (limit, 指値: 562)
12:30:06 [ERROR] 発注失敗: 500 {'Code': 21, 'Message': '可能額が不足しております。ご注文内容をご確認ください'}
12:30:14 [INFO] [買いシグナル検知] 4582 | OBI: 0.842 (閾値: 0.801) | MicroPrice: 206.9
12:30:14 [INFO] 発注実行: BUY 4582 x100 @ 207.0 (limit, 指値: 210)
12:30:14 [INFO] >>> TRADING モードへ移行（排他ロック: 4582 | BUY）
12:30:25 [INFO] [買い返済シグナル] 4582 | 経過: 11.0秒 | OBI: -0.775 (撤退閾値: -0.442)
12:30:25 [INFO] 返済実行: SELL 4582 x100 @ 205.0 (limit, 指値: 202, 理由: signal)
12:30:26 [INFO] <<< MONITORING モードへ復帰 | P&L: -200円
12:30:26 [INFO] [売りシグナル検知] 268A | OBI: -0.882 (閾値: -0.834) | MicroPrice: 1749.1
12:30:26 [INFO] 発注実行: SELL 268A x100 @ 1748.0 (limit, 指値: 1730)
12:30:27 [ERROR] 発注失敗: 500 {'Code': 21, 'Message': '可能額が不足しております。ご注文内容をご確認ください'}
12:30:34 [INFO] [買いシグナル検知] 3923 | OBI: 0.778 (閾値: 0.758) | MicroPrice: 755.5
12:30:34 [INFO] 発注実行: BUY 3923 x100 @ 755.2 (limit, 指値: 763)
12:30:34 [ERROR] 発注失敗: 500 {'Code': 21, 'Message': '可能額が不足しております。ご注文内容をご確認ください'}
12:30:37 [INFO] [買いシグナル検知] 4755 | OBI: 0.778 (閾値: 0.753) | MicroPrice: 820.8
12:30:37 [INFO] 発注実行: BUY 4755 x100 @ 820.3 (limit, 指値: 829)
12:30:38 [ERROR] 発注失敗: 500 {'Code': 21, 'Message': '可能額が不足しております。ご注文内容をご確認ください'}
12:30:56 [INFO] [売りシグナル検知] 4005 | OBI: -0.500 (閾値: -0.384) | MicroPrice: 564.9
12:30:56 [INFO] 発注実行: SELL 4005 x100 @ 565.0 (limit, 指値: 559)
12:30:57 [ERROR] 発注失敗: 500 {'Code': 21, 'Message': '可能額が不足しております。ご注文内容をご確認ください'}
12:31:02 [INFO] [売りシグナル検知] 4005 | OBI: -0.636 (閾値: -0.533) | MicroPrice: 564.9
12:31:02 [INFO] 発注実行: SELL 4005 x100 @ 565.0 (limit, 指値: 559)
12:31:02 [ERROR] 発注失敗: 500 {'Code': 21, 'Message': '可能額が不足しております。ご注文内容をご確認ください'}
12:31:09 [INFO] [買いシグナル検知] 4755 | OBI: 0.846 (閾値: 0.517) | MicroPrice: 820.6
12:31:09 [INFO] 発注実行: BUY 4755 x100 @ 820.5 (limit, 指値: 829)
12:31:09 [ERROR] 発注失敗: 500 {'Code': 21, 'Message': '可能額が不足しております。ご注文内容をご確認ください'}
12:31:09 [INFO] [買いシグナル検知] 4755 | OBI: 0.846 (閾値: 0.624) | MicroPrice: 820.6
12:31:09 [INFO] 発注実行: BUY 4755 x100 @ 820.6 (limit, 指値: 829)
12:31:09 [ERROR] 発注失敗: 500 {'Code': 21, 'Message': '可能額が不足しております。ご注文内容をご確認ください'}
12:31:11 [INFO] [売りシグナル検知] 268A | OBI: -0.714 (閾値: -0.477) | MicroPrice: 1751.3
12:31:11 [INFO] 発注実行: SELL 268A x100 @ 1752.0 (limit, 指値: 1734)
12:31:11 [ERROR] 発注失敗: 500 {'Code': 21, 'Message': '可能額が不足しております。ご注文内容をご確認ください'}
12:31:11 [INFO] [売りシグナル検知] 268A | OBI: -0.714 (閾値: -0.583) | MicroPrice: 1751.3
12:31:11 [INFO] 発注実行: SELL 268A x100 @ 1752.0 (limit, 指値: 1734)
12:31:12 [ERROR] 発注失敗: 500 {'Code': 21, 'Message': '可能額が不足しております。ご注文内容をご確認ください'}
12:31:12 [INFO] [売りシグナル検知] 268A | OBI: -0.750 (閾値: -0.683) | MicroPrice: 1751.2
12:31:12 [INFO] 発注実行: SELL 268A x100 @ 1752.0 (limit, 指値: 1734)
12:31:13 [ERROR] 発注失敗: 500 {'Code': 21, 'Message': '可能額が不足しております。ご注文内容をご確認ください'}
12:31:21 [INFO] [買いシグナル検知] 3103 | OBI: 0.784 (閾値: 0.755) | MicroPrice: 1218.9
12:31:21 [INFO] 発注実行: BUY 3103 x100 @ 1219.0 (limit, 指値: 1232)
12:31:21 [ERROR] 発注失敗: 500 {'Code': 21, 'Message': '可能額が不足しております。ご注文内容をご確認ください'}
12:31:28 [INFO] [売りシグナル検知] 268A | OBI: -0.714 (閾値: -0.247) | MicroPrice: 1752.1
12:31:28 [INFO] 発注実行: SELL 268A x100 @ 1752.0 (limit, 指値: 1734)
12:31:29 [ERROR] 発注失敗: 500 {'Code': 21, 'Message': '可能額が不足しております。ご注文内容をご確認ください'}
12:31:29 [INFO] [売りシグナル検知] 268A | OBI: -0.714 (閾値: -0.375) | MicroPrice: 1752.1
12:31:29 [INFO] 発注実行: SELL 268A x100 @ 1753.0 (limit, 指値: 1735)
12:31:30 [ERROR] 発注失敗: 500 {'Code': 21, 'Message': '可能額が不足しております。ご注文内容をご確認ください'}
12:31:30 [INFO] [売りシグナル検知] 268A | OBI: -0.714 (閾値: -0.488) | MicroPrice: 1752.1
12:31:30 [INFO] 発注実行: SELL 268A x100 @ 1753.0 (limit, 指値: 1735)
12:31:31 [ERROR] 発注失敗: 500 {'Code': 21, 'Message': '可能額が不足しております。ご注文内容をご確認ください'}
12:31:35 [INFO] [売りシグナル検知] 268A | OBI: -0.600 (閾値: -0.552) | MicroPrice: 1751.2
12:31:35 [INFO] 発注実行: SELL 268A x100 @ 1751.0 (limit, 指値: 1733)
12:31:35 [ERROR] 発注失敗: 500 {'Code': 21, 'Message': '可能額が不足しております。ご注文内容をご確認ください'}
12:31:44 [INFO] [買いシグナル検知] 4755 | OBI: 0.818 (閾値: 0.810) | MicroPrice: 821.9
12:31:44 [INFO] 発注実行: BUY 4755 x100 @ 821.8 (limit, 指値: 831)
12:31:44 [ERROR] 発注失敗: 500 {'Code': 21, 'Message': '可能額が不足しております。ご注文内容をご確認ください'}
12:31:50 [INFO] [買いシグナル検知] 9501 | OBI: 0.600 (閾値: 0.484) | MicroPrice: 690.9
12:31:50 [INFO] 発注実行: BUY 9501 x100 @ 690.8 (limit, 指値: 698)
12:31:50 [ERROR] 発注失敗: 500 {'Code': 21, 'Message': '可能額が不足しております。ご注文内容をご確認ください'}
12:31:50 [INFO] [買いシグナル検知] 9501 | OBI: 0.600 (閾値: 0.541) | MicroPrice: 690.9
12:31:50 [INFO] 発注実行: BUY 9501 x100 @ 690.8 (limit, 指値: 698)
12:31:50 [ERROR] 発注失敗: 500 {'Code': 21, 'Message': '可能額が不足しております。ご注文内容をご確認ください'}
12:31:52 [INFO] [売りシグナル検知] 4005 | OBI: -0.929 (閾値: -0.716) | MicroPrice: 564.6
12:31:52 [INFO] 発注実行: SELL 4005 x100 @ 564.7 (limit, 指値: 559)
12:31:52 [ERROR] 発注失敗: 500 {'Code': 21, 'Message': '可能額が不足しております。ご注文内容をご確認ください'}
12:31:58 [INFO] [売りシグナル検知] 268A | OBI: -0.500 (閾値: -0.439) | MicroPrice: 1748.5
12:31:58 [INFO] 発注実行: SELL 268A x100 @ 1749.0 (limit, 指値: 1731)
12:31:58 [ERROR] 発注失敗: 500 {'Code': 21, 'Message': '可能額が不足しております。ご注文内容をご確認ください'}
12:32:04 [INFO] [買いシグナル検知] 3103 | OBI: 0.895 (閾値: 0.499) | MicroPrice: 1225.9
12:32:04 [INFO] 発注実行: BUY 3103 x100 @ 1225.0 (limit, 指値: 1238)
12:32:04 [ERROR] 発注失敗: 500 {'Code': 21, 'Message': '可能額が不足しております。ご注文内容をご確認ください'}
12:32:04 [INFO] [買いシグナル検知] 3103 | OBI: 0.895 (閾値: 0.632) | MicroPrice: 1225.9
12:32:04 [INFO] 発注実行: BUY 3103 x100 @ 1225.0 (limit, 指値: 1238)
12:32:05 [ERROR] 発注失敗: 500 {'Code': 21, 'Message': '可能額が不足しております。ご注文内容をご確認ください'}
12:32:05 [INFO] [買いシグナル検知] 3103 | OBI: 0.895 (閾値: 0.750) | MicroPrice: 1225.9
12:32:05 [INFO] 発注実行: BUY 3103 x100 @ 1225.0 (limit, 指値: 1238)
12:32:05 [ERROR] 発注失敗: 500 {'Code': 21, 'Message': '可能額が不足しております。ご注文内容をご確認ください'}
12:32:53 [INFO] [売りシグナル検知] 4005 | OBI: -0.455 (閾値: -0.399) | MicroPrice: 565.8
12:32:53 [INFO] 発注実行: SELL 4005 x100 @ 565.8 (limit, 指値: 560)
12:32:54 [ERROR] 発注失敗: 500 {'Code': 21, 'Message': '可能額が不足しております。ご注文内容をご確認ください'}
12:32:54 [INFO] [売りシグナル検知] 4005 | OBI: -0.455 (閾値: -0.448) | MicroPrice: 565.8
12:32:54 [INFO] 発注実行: SELL 4005 x100 @ 565.8 (limit, 指値: 560)
12:32:55 [ERROR] 発注失敗: 500 {'Code': 21, 'Message': '可能額が不足しております。ご注文内容をご確認ください'}
12:32:58 [INFO] [売りシグナル検知] 4005 | OBI: -0.667 (閾値: -0.437) | MicroPrice: 566.1
12:32:58 [INFO] 発注実行: SELL 4005 x100 @ 566.1 (limit, 指値: 560)
12:32:58 [ERROR] 発注失敗: 500 {'Code': 21, 'Message': '可能額が不足しております。ご注文内容をご確認ください'}
12:33:03 [INFO] [買いシグナル検知] 4582 | OBI: 0.608 (閾値: -0.065) | MicroPrice: 204.8
12:33:03 [INFO] 発注実行: BUY 4582 x100 @ 206.0 (limit, 指値: 209)
12:33:03 [INFO] >>> TRADING モードへ移行（排他ロック: 4582 | BUY）
12:33:34 [INFO] [買い返済シグナル] 4582 | 経過: 30.5秒 | OBI: -0.787 (撤退閾値: 0.216)
12:33:34 [INFO] 返済実行: SELL 4582 x100 @ 206.0 (limit, 指値: 203, 理由: signal)
12:33:34 [INFO] <<< MONITORING モードへ復帰 | P&L: +0円
12:33:39 [INFO] [売りシグナル検知] 268A | OBI: -0.158 (閾値: -0.078) | MicroPrice: 1750.4
12:33:39 [INFO] 発注実行: SELL 268A x100 @ 1750.0 (limit, 指値: 1732)
12:33:40 [ERROR] 発注失敗: 500 {'Code': 21, 'Message': '可能額が不足しております。ご注文内容をご確認ください'}
12:33:40 [INFO] [売りシグナル検知] 268A | OBI: -0.158 (閾値: -0.127) | MicroPrice: 1750.4
12:33:40 [INFO] 発注実行: SELL 268A x100 @ 1750.0 (limit, 指値: 1732)
12:33:41 [ERROR] 発注失敗: 500 {'Code': 21, 'Message': '可能額が不足しております。ご注文内容をご確認ください'}
12:33:41 [INFO] [売りシグナル検知] 268A | OBI: -0.158 (閾値: -0.153) | MicroPrice: 1750.4
12:33:41 [INFO] 発注実行: SELL 268A x100 @ 1751.0 (limit, 指値: 1733)
12:33:42 [ERROR] 発注失敗: 500 {'Code': 21, 'Message': '可能額が不足しております。ご注文内容をご確認ください'}
12:34:08 [INFO] [買いシグナル検知] 4582 | OBI: 0.604 (閾値: 0.492) | MicroPrice: 204.8
12:34:08 [INFO] 発注実行: BUY 4582 x100 @ 205.0 (limit, 指値: 208)
12:34:08 [INFO] >>> TRADING モードへ移行（排他ロック: 4582 | BUY）
12:34:31 [INFO] [買い返済シグナル] 4582 | 経過: 22.6秒 | OBI: -0.953 (撤退閾値: 0.192)
12:34:31 [INFO] 返済実行: SELL 4582 x100 @ 205.0 (limit, 指値: 202, 理由: signal)
12:34:31 [INFO] <<< MONITORING モードへ復帰 | P&L: +0円
12:34:32 [INFO] [売りシグナル検知] 4005 | OBI: -0.667 (閾値: -0.640) | MicroPrice: 566.7
12:34:32 [INFO] 発注実行: SELL 4005 x100 @ 566.7 (limit, 指値: 561)
12:34:33 [ERROR] 発注失敗: 500 {'Code': 21, 'Message': '可能額が不足しております。ご注文内容をご確認ください'}
12:34:33 [INFO] [売りシグナル検知] 4005 | OBI: -0.714 (閾値: -0.713) | MicroPrice: 566.7
12:34:33 [INFO] 発注実行: SELL 4005 x100 @ 566.7 (limit, 指値: 561)
12:34:34 [ERROR] 発注失敗: 500 {'Code': 21, 'Message': '可能額が不足しております。ご注文内容をご確認ください'}
12:34:39 [INFO] [売りシグナル検知] 4005 | OBI: -0.900 (閾値: -0.816) | MicroPrice: 566.9
12:34:39 [INFO] 発注実行: SELL 4005 x100 @ 567.0 (limit, 指値: 561)
12:34:40 [ERROR] 発注失敗: 500 {'Code': 21, 'Message': '可能額が不足しております。ご注文内容をご確認ください'}
12:34:41 [INFO] [売りシグナル検知] 268A | OBI: -0.846 (閾値: -0.324) | MicroPrice: 1751.1
12:34:41 [INFO] 発注実行: SELL 268A x100 @ 1751.0 (limit, 指値: 1733)
12:34:42 [ERROR] 発注失敗: 500 {'Code': 21, 'Message': '可能額が不足しております。ご注文内容をご確認ください'}
12:34:42 [INFO] [売りシグナル検知] 268A | OBI: -0.846 (閾値: -0.463) | MicroPrice: 1751.1
12:34:42 [INFO] 発注実行: SELL 268A x100 @ 1751.0 (limit, 指値: 1733)
12:34:43 [ERROR] 発注失敗: 500 {'Code': 21, 'Message': '可能額が不足しております。ご注文内容をご確認ください'}
12:34:43 [INFO] [売りシグナル検知] 268A | OBI: -0.846 (閾値: -0.575) | MicroPrice: 1751.1
12:34:43 [INFO] 発注実行: SELL 268A x100 @ 1752.0 (limit, 指値: 1734)
12:34:43 [ERROR] 発注失敗: 500 {'Code': 21, 'Message': '可能額が不足しております。ご注文内容をご確認ください'}
12:34:43 [INFO] [売りシグナル検知] 268A | OBI: -0.846 (閾値: -0.684) | MicroPrice: 1751.1
12:34:43 [INFO] 発注実行: SELL 268A x100 @ 1752.0 (limit, 指値: 1734)
12:34:44 [ERROR] 発注失敗: 500 {'Code': 21, 'Message': '可能額が不足しております。ご注文内容をご確認ください'}
12:34:44 [INFO] [買いシグナル検知] 6378 | OBI: 0.818 (閾値: 0.712) | MicroPrice: 1512.7
12:34:44 [INFO] 発注実行: BUY 6378 x100 @ 1510.0 (limit, 指値: 1526)
12:34:45 [ERROR] 発注失敗: 500 {'Code': 21, 'Message': '可能額が不足しております。ご注文内容をご確認ください'}
12:35:00 [INFO] [買いシグナル検知] 9501 | OBI: 0.833 (閾値: 0.819) | MicroPrice: 695.4
12:35:00 [INFO] 発注実行: BUY 9501 x100 @ 695.6 (limit, 指値: 703)
12:35:00 [ERROR] 発注失敗: 500 {'Code': 21, 'Message': '可能額が不足しております。ご注文内容をご確認ください'}
12:35:15 [INFO] [買いシグナル検知] 4755 | OBI: 0.833 (閾値: 0.711) | MicroPrice: 822.9
12:35:15 [INFO] 発注実行: BUY 4755 x100 @ 822.8 (limit, 指値: 832)
12:35:15 [ERROR] 発注失敗: 500 {'Code': 21, 'Message': '可能額が不足しております。ご注文内容をご確認ください'}
12:35:15 [INFO] [買いシグナル検知] 4755 | OBI: 0.833 (閾値: 0.808) | MicroPrice: 822.9
12:35:15 [INFO] 発注実行: BUY 4755 x100 @ 823.0 (limit, 指値: 832)
12:35:15 [ERROR] 発注失敗: 500 {'Code': 21, 'Message': '可能額が不足しております。ご注文内容をご確認ください'}
12:35:22 [INFO] [買いシグナル検知] 6378 | OBI: 0.778 (閾値: 0.710) | MicroPrice: 1502.8
12:35:22 [INFO] 発注実行: BUY 6378 x100 @ 1502.0 (limit, 指値: 1518)
12:35:22 [ERROR] 発注失敗: 500 {'Code': 21, 'Message': '可能額が不足しております。ご注文内容をご確認ください'}
12:35:28 [INFO] [売りシグナル検知] 268A | OBI: -0.500 (閾値: 0.014) | MicroPrice: 1751.2
12:35:28 [INFO] 発注実行: SELL 268A x100 @ 1752.0 (limit, 指値: 1734)
12:35:28 [ERROR] 発注失敗: 500 {'Code': 21, 'Message': '可能額が不足しております。ご注文内容をご確認ください'}
12:35:28 [INFO] [買いシグナル検知] 4582 | OBI: 0.964 (閾値: 0.928) | MicroPrice: 201.0
12:35:28 [INFO] 発注実行: BUY 4582 x100 @ 200.0 (limit, 指値: 202)
12:35:29 [INFO] >>> TRADING モードへ移行（排他ロック: 4582 | BUY）
12:35:30 [INFO] [買い返済シグナル] 4582 | 経過: 1.1秒 | OBI: -0.056 (撤退閾値: 0.589)
12:35:30 [INFO] 返済実行: SELL 4582 x100 @ 201.0 (limit, 指値: 198, 理由: signal)
12:35:30 [INFO] <<< MONITORING モードへ復帰 | P&L: +100円
12:35:35 [INFO] [売りシグナル検知] 268A | OBI: -0.375 (閾値: -0.136) | MicroPrice: 1756.6
12:35:35 [INFO] 発注実行: SELL 268A x100 @ 1757.0 (limit, 指値: 1739)
12:35:36 [ERROR] 発注失敗: 500 {'Code': 21, 'Message': '可能額が不足しております。ご注文内容をご確認ください'}
12:35:36 [INFO] [売りシグナル検知] 268A | OBI: -0.375 (閾値: -0.224) | MicroPrice: 1756.6
12:35:36 [INFO] 発注実行: SELL 268A x100 @ 1757.0 (limit, 指値: 1739)
12:35:37 [ERROR] 発注失敗: 500 {'Code': 21, 'Message': '可能額が不足しております。ご注文内容をご確認ください'}
12:35:37 [INFO] [売りシグナル検知] 268A | OBI: -0.375 (閾値: -0.304) | MicroPrice: 1756.6
12:35:37 [INFO] 発注実行: SELL 268A x100 @ 1757.0 (limit, 指値: 1739)
12:35:38 [ERROR] 発注失敗: 500 {'Code': 21, 'Message': '可能額が不足しております。ご注文内容をご確認ください'}
12:35:38 [INFO] [買いシグナル検知] 4582 | OBI: 0.938 (閾値: 0.791) | MicroPrice: 201.0
12:35:38 [INFO] 発注実行: BUY 4582 x100 @ 200.0 (limit, 指値: 202)
12:35:38 [INFO] >>> TRADING モードへ移行（排他ロック: 4582 | BUY）
12:35:38 [INFO] [買い返済シグナル] 4582 | 経過: 0.0秒 | OBI: -0.471 (撤退閾値: -0.237)
12:35:38 [INFO] 返済実行: SELL 4582 x100 @ 201.0 (limit, 指値: 198, 理由: signal)
12:35:38 [ERROR] 返済失敗: 400 {'Code': 1009001, 'Message': '建玉が選択されていません。'}
12:35:53 [INFO] [買いシグナル検知] 4582 | OBI: 0.604 (閾値: 0.312) | MicroPrice: 201.6
12:35:53 [INFO] 発注実行: BUY 4582 x100 @ 201.0 (limit, 指値: 204)
12:35:53 [INFO] >>> TRADING モードへ移行（排他ロック: 4582 | BUY）
12:36:23 [INFO] [買い返済シグナル] 4582 | 経過: 30.2秒 | OBI: 0.211 (撤退閾値: 0.251)
12:36:23 [INFO] 返済実行: SELL 4582 x100 @ 201.0 (limit, 指値: 198, 理由: signal)
12:36:23 [INFO] <<< MONITORING モードへ復帰 | P&L: +0円
12:36:34 [INFO] [売りシグナル検知] 268A | OBI: -0.667 (閾値: -0.193) | MicroPrice: 1752.2
12:36:34 [INFO] 発注実行: SELL 268A x100 @ 1752.0 (limit, 指値: 1734)
12:36:35 [ERROR] 発注失敗: 500 {'Code': 21, 'Message': '可能額が不足しております。ご注文内容をご確認ください'}
12:36:35 [INFO] [売りシグナル検知] 268A | OBI: -0.867 (閾値: -0.366) | MicroPrice: 1752.1
12:36:35 [INFO] 発注実行: SELL 268A x100 @ 1752.0 (limit, 指値: 1734)
12:36:36 [ERROR] 発注失敗: 500 {'Code': 21, 'Message': '可能額が不足しております。ご注文内容をご確認ください'}
12:36:36 [INFO] [売りシグナル検知] 268A | OBI: -0.867 (閾値: -0.508) | MicroPrice: 1752.1
12:36:36 [INFO] 発注実行: SELL 268A x100 @ 1753.0 (limit, 指値: 1735)
12:36:37 [ERROR] 発注失敗: 500 {'Code': 21, 'Message': '可能額が不足しております。ご注文内容をご確認ください'}
12:36:37 [INFO] [売りシグナル検知] 268A | OBI: -0.867 (閾値: -0.630) | MicroPrice: 1752.1
12:36:37 [INFO] 発注実行: SELL 268A x100 @ 1753.0 (limit, 指値: 1735)
12:36:38 [ERROR] 発注失敗: 500 {'Code': 21, 'Message': '可能額が不足しております。ご注文内容をご確認ください'}
12:36:38 [INFO] [売りシグナル検知] 268A | OBI: -0.846 (閾値: -0.735) | MicroPrice: 1752.1
12:36:38 [INFO] 発注実行: SELL 268A x100 @ 1753.0 (limit, 指値: 1735)
12:36:38 [ERROR] 発注失敗: 500 {'Code': 21, 'Message': '可能額が不足しております。ご注文内容をご確認ください'}
12:36:38 [INFO] [売りシグナル検知] 268A | OBI: -0.857 (閾値: -0.832) | MicroPrice: 1752.1
12:36:38 [INFO] 発注実行: SELL 268A x100 @ 1753.0 (limit, 指値: 1735)
12:36:39 [ERROR] 発注失敗: 500 {'Code': 21, 'Message': '可能額が不足しております。ご注文内容をご確認ください'}
12:36:39 [INFO] [買いシグナル検知] 6378 | OBI: 0.333 (閾値: 0.292) | MicroPrice: 1509.0
12:36:39 [INFO] 発注実行: BUY 6378 x100 @ 1508.0 (limit, 指値: 1524)
12:36:40 [ERROR] 発注失敗: 500 {'Code': 21, 'Message': '可能額が不足しております。ご注文内容をご確認ください'}
12:36:40 [INFO] [買いシグナル検知] 6378 | OBI: 0.333 (閾値: 0.332) | MicroPrice: 1509.0
12:36:40 [INFO] 発注実行: BUY 6378 x100 @ 1508.0 (limit, 指値: 1524)
12:36:40 [ERROR] 発注失敗: 500 {'Code': 21, 'Message': '可能額が不足しております。ご注文内容をご確認ください'}
12:36:40 [INFO] [買いシグナル検知] 3923 | OBI: 0.750 (閾値: 0.712) | MicroPrice: 757.0
12:36:40 [INFO] 発注実行: BUY 3923 x100 @ 757.0 (limit, 指値: 765)
12:36:40 [INFO] >>> TRADING モードへ移行（排他ロック: 3923 | BUY）
12:36:47 [INFO] [買い返済シグナル] 3923 | 経過: 6.5秒 | OBI: -0.333 (撤退閾値: -0.189)
12:36:47 [INFO] 返済実行: SELL 3923 x100 @ 757.3 (limit, 指値: 749, 理由: signal)
12:36:47 [INFO] <<< MONITORING モードへ復帰 | P&L: +30円
12:36:53 [INFO] [買いシグナル検知] 4005 | OBI: 0.434 (閾値: 0.019) | MicroPrice: 567.1
12:36:53 [INFO] 発注実行: BUY 4005 x100 @ 567.1 (limit, 指値: 573)
12:36:54 [INFO] >>> TRADING モードへ移行（排他ロック: 4005 | BUY）
12:37:24 [INFO] [買い返済シグナル] 4005 | 経過: 30.2秒 | OBI: -0.556 (撤退閾値: -0.088)
12:37:24 [INFO] 返済実行: SELL 4005 x100 @ 566.8 (limit, 指値: 561, 理由: signal)
12:37:24 [INFO] <<< MONITORING モードへ復帰 | P&L: -30円
12:37:32 [INFO] [買いシグナル検知] 4582 | OBI: 0.986 (閾値: 0.848) | MicroPrice: 199.0
12:37:32 [INFO] 発注実行: BUY 4582 x100 @ 199.0 (limit, 指値: 201)
12:37:32 [INFO] >>> TRADING モードへ移行（排他ロック: 4582 | BUY）
12:37:34 [INFO] [買い返済シグナル] 4582 | 経過: 1.7秒 | OBI: 0.481 (撤退閾値: 0.585)
12:37:34 [INFO] 返済実行: SELL 4582 x100 @ 198.0 (limit, 指値: 196, 理由: signal)
12:37:34 [INFO] <<< MONITORING モードへ復帰 | P&L: -100円
12:37:51 [INFO] [売りシグナル検知] 268A | OBI: -0.895 (閾値: -0.660) | MicroPrice: 1751.1
12:37:51 [INFO] 発注実行: SELL 268A x100 @ 1751.0 (limit, 指値: 1733)
12:37:52 [ERROR] 発注失敗: 500 {'Code': 21, 'Message': '可能額が不足しております。ご注文内容をご確認ください'}
12:37:52 [INFO] [売りシグナル検知] 268A | OBI: -0.895 (閾値: -0.755) | MicroPrice: 1751.1
12:37:52 [INFO] 発注実行: SELL 268A x100 @ 1751.0 (limit, 指値: 1733)
12:37:52 [ERROR] 発注失敗: 500 {'Code': 21, 'Message': '可能額が不足しております。ご注文内容をご確認ください'}
12:38:31 [INFO] [買いシグナル検知] 4755 | OBI: 0.459 (閾値: 0.445) | MicroPrice: 823.3
12:38:31 [INFO] 発注実行: BUY 4755 x100 @ 823.3 (limit, 指値: 832)
12:38:31 [INFO] >>> TRADING モードへ移行（排他ロック: 4755 | BUY）
12:38:38 [INFO] [買い返済シグナル] 4755 | 経過: 6.9秒 | OBI: -0.905 (撤退閾値: -0.643)
12:38:38 [INFO] 返済実行: SELL 4755 x100 @ 823.9 (limit, 指値: 815, 理由: signal)
12:38:38 [INFO] <<< MONITORING モードへ復帰 | P&L: +60円
12:38:47 [INFO] [売りシグナル検知] 4582 | OBI: -0.399 (閾値: -0.368) | MicroPrice: 198.3
12:38:47 [INFO] 発注実行: SELL 4582 x100 @ 198.0 (limit, 指値: 196)
12:38:48 [ERROR] 発注失敗: 500 {'Code': 100302, 'Message': '売建規制対象銘柄の為、受付することができません。'}
12:38:48 [INFO] [売りシグナル検知] 4582 | OBI: -0.399 (閾値: -0.378) | MicroPrice: 198.3
12:38:48 [INFO] 発注実行: SELL 4582 x100 @ 198.0 (limit, 指値: 196)
12:38:48 [ERROR] 発注失敗: 500 {'Code': 100302, 'Message': '売建規制対象銘柄の為、受付することができません。'}
12:38:52 [INFO] [買いシグナル検知] 9501 | OBI: 0.524 (閾値: 0.090) | MicroPrice: 694.8
12:38:52 [INFO] 発注実行: BUY 9501 x100 @ 694.7 (limit, 指値: 702)
12:38:52 [INFO] >>> TRADING モードへ移行（排他ロック: 9501 | BUY）
12:39:18 [INFO] [買い返済シグナル] 9501 | 経過: 26.4秒 | OBI: -0.600 (撤退閾値: -0.320)
12:39:18 [INFO] 返済実行: SELL 9501 x100 @ 695.8 (limit, 指値: 688, 理由: signal)
12:39:19 [ERROR] 返済失敗: 500 {'Code': 100313, 'Message': '同一銘柄の買い注文と売り注文を同時に行うご注文は、取引時間中における不公正取引の仮装売買（クロス）に該当する可能性があるため、未約定の反対注文の状況をご確認のうえ、執行条件を変更してください。'}
12:39:31 [INFO] [買いシグナル検知] 6378 | OBI: 0.846 (閾値: 0.736) | MicroPrice: 1507.8
12:39:31 [INFO] 発注実行: BUY 6378 x100 @ 1507.0 (limit, 指値: 1523)
12:39:31 [ERROR] 発注失敗: 500 {'Code': 21, 'Message': '可能額が不足しております。ご注文内容をご確認ください'}
12:39:32 [INFO] [買いシグナル検知] 4582 | OBI: 0.892 (閾値: 0.367) | MicroPrice: 196.9
12:39:32 [INFO] 発注実行: BUY 4582 x100 @ 197.0 (limit, 指値: 199)
12:39:32 [INFO] >>> TRADING モードへ移行（排他ロック: 4582 | BUY）
12:39:37 [INFO] [買い返済シグナル] 4582 | 経過: 5.4秒 | OBI: -0.932 (撤退閾値: -0.404)
12:39:37 [INFO] 返済実行: SELL 4582 x100 @ 197.0 (limit, 指値: 195, 理由: signal)
12:39:38 [INFO] <<< MONITORING モードへ復帰 | P&L: +0円
12:39:38 [INFO] [売りシグナル検知] 9501 | OBI: -0.867 (閾値: -0.655) | MicroPrice: 695.7
12:39:38 [INFO] 発注実行: SELL 9501 x100 @ 695.7 (limit, 指値: 688)
12:39:38 [ERROR] 発注失敗: 500 {'Code': 100313, 'Message': '同一銘柄の買い注文と売り注文を同時に行うご注文は、取引時間中における不公正取引の仮装売買（クロス）に該当する可能性があるため、未約定の反対注文の状況をご確認のうえ、執行条件を変更してください。'}
12:39:39 [INFO] [売りシグナル検知] 9501 | OBI: -0.926 (閾値: -0.780) | MicroPrice: 695.7
12:39:39 [INFO] 発注実行: SELL 9501 x100 @ 695.8 (limit, 指値: 688)
12:39:39 [ERROR] 発注失敗: 500 {'Code': 100313, 'Message': '同一銘柄の買い注文と売り注文を同時に行うご注文は、取引時間中における不公正取引の仮装売買（クロス）に該当する可能性があるため、未約定の反対注文の状況をご確認のうえ、執行条件を変更してください。'}
12:39:39 [INFO] [売りシグナル検知] 9501 | OBI: -0.926 (閾値: -0.892) | MicroPrice: 695.7
12:39:39 [INFO] 発注実行: SELL 9501 x100 @ 695.8 (limit, 指値: 688)
12:39:40 [ERROR] 発注失敗: 500 {'Code': 100313, 'Message': '同一銘柄の買い注文と売り注文を同時に行うご注文は、取引時間中における不公正取引の仮装売買（クロス）に該当する可能性があるため、未約定の反対注文の状況をご確認のうえ、執行条件を変更してください。'}
12:39:57 [INFO] [売りシグナル検知] 4755 | OBI: -0.934 (閾値: -0.898) | MicroPrice: 824.4
12:39:57 [INFO] 発注実行: SELL 4755 x100 @ 824.4 (limit, 指値: 816)
12:39:58 [ERROR] 発注失敗: 500 {'Code': 21, 'Message': '可能額が不足しております。ご注文内容をご確認ください'}
12:40:21 [INFO] [買いシグナル検知] 4005 | OBI: 0.893 (閾値: 0.758) | MicroPrice: 564.8
12:40:21 [INFO] 発注実行: BUY 4005 x100 @ 564.7 (limit, 指値: 571)
12:40:22 [ERROR] 発注失敗: 500 {'Code': 21, 'Message': '可能額が不足しております。ご注文内容をご確認ください'}
12:40:22 [INFO] [買いシグナル検知] 4005 | OBI: 0.862 (閾値: 0.857) | MicroPrice: 564.8
12:40:22 [INFO] 発注実行: BUY 4005 x100 @ 564.7 (limit, 指値: 571)
12:40:22 [ERROR] 発注失敗: 500 {'Code': 21, 'Message': '可能額が不足しております。ご注文内容をご確認ください'}
12:40:30 [INFO] [売りシグナル検知] 268A | OBI: -0.667 (閾値: -0.161) | MicroPrice: 1750.2
12:40:30 [INFO] 発注実行: SELL 268A x100 @ 1750.0 (limit, 指値: 1732)
12:40:31 [ERROR] 発注失敗: 500 {'Code': 21, 'Message': '可能額が不足しております。ご注文内容をご確認ください'}
12:40:31 [INFO] [売りシグナル検知] 268A | OBI: -0.667 (閾値: -0.274) | MicroPrice: 1750.2
12:40:31 [INFO] 発注実行: SELL 268A x100 @ 1751.0 (limit, 指値: 1733)
12:40:32 [ERROR] 発注失敗: 500 {'Code': 21, 'Message': '可能額が不足しております。ご注文内容をご確認ください'}
12:40:32 [INFO] [売りシグナル検知] 268A | OBI: -0.667 (閾値: -0.373) | MicroPrice: 1750.2
12:40:32 [INFO] 発注実行: SELL 268A x100 @ 1751.0 (limit, 指値: 1733)
12:40:33 [ERROR] 発注失敗: 500 {'Code': 21, 'Message': '可能額が不足しております。ご注文内容をご確認ください'}
12:40:33 [INFO] [売りシグナル検知] 268A | OBI: -0.429 (閾値: -0.425) | MicroPrice: 1750.3
12:40:33 [INFO] 発注実行: SELL 268A x100 @ 1751.0 (limit, 指値: 1733)
12:40:33 [ERROR] 発注失敗: 500 {'Code': 21, 'Message': '可能額が不足しております。ご注文内容をご確認ください'}
12:40:53 [INFO] [買いシグナル検知] 4005 | OBI: 0.933 (閾値: 0.889) | MicroPrice: 564.6
12:40:53 [INFO] 発注実行: BUY 4005 x100 @ 564.4 (limit, 指値: 571)
12:40:53 [ERROR] 発注失敗: 500 {'Code': 21, 'Message': '可能額が不足しております。ご注文内容をご確認ください'}
12:41:21 [INFO] [買いシグナル検知] 4582 | OBI: 0.545 (閾値: 0.522) | MicroPrice: 198.8
12:41:21 [INFO] 発注実行: BUY 4582 x100 @ 199.0 (limit, 指値: 201)
12:41:21 [INFO] >>> TRADING モードへ移行（排他ロック: 4582 | BUY）
12:41:48 [INFO] [買い返済シグナル] 4582 | 経過: 27.2秒 | OBI: -0.983 (撤退閾値: 0.328)
12:41:48 [INFO] 返済実行: SELL 4582 x100 @ 199.0 (limit, 指値: 197, 理由: signal)
12:41:49 [INFO] <<< MONITORING モードへ復帰 | P&L: +0円
12:42:01 [INFO] [売りシグナル検知] 9501 | OBI: -0.793 (閾値: -0.441) | MicroPrice: 695.5
12:42:01 [INFO] 発注実行: SELL 9501 x100 @ 695.5 (limit, 指値: 688)
12:42:02 [ERROR] 発注失敗: 500 {'Code': 100313, 'Message': '同一銘柄の買い注文と売り注文を同時に行うご注文は、取引時間中における不公正取引の仮装売買（クロス）に該当する可能性があるため、未約定の反対注文の状況をご確認のうえ、執行条件を変更してください。'}
12:42:02 [INFO] [売りシグナル検知] 9501 | OBI: -0.697 (閾値: -0.554) | MicroPrice: 695.5
12:42:02 [INFO] 発注実行: SELL 9501 x100 @ 695.5 (limit, 指値: 688)
12:42:02 [ERROR] 発注失敗: 500 {'Code': 100313, 'Message': '同一銘柄の買い注文と売り注文を同時に行うご注文は、取引時間中における不公正取引の仮装売買（クロス）に該当する可能性があるため、未約定の反対注文の状況をご確認のうえ、執行条件を変更してください。'}
12:42:02 [INFO] [売りシグナル検知] 9501 | OBI: -0.697 (閾値: -0.653) | MicroPrice: 695.5
12:42:02 [INFO] 発注実行: SELL 9501 x100 @ 695.5 (limit, 指値: 688)
12:42:03 [ERROR] 発注失敗: 500 {'Code': 100313, 'Message': '同一銘柄の買い注文と売り注文を同時に行うご注文は、取引時間中における不公正取引の仮装売買（クロス）に該当する可能性があるため、未約定の反対注文の状況をご確認のうえ、執行条件を変更してください。'}
12:42:12 [INFO] [買いシグナル検知] 4005 | OBI: 0.216 (閾値: 0.055) | MicroPrice: 566.1
12:42:12 [INFO] 発注実行: BUY 4005 x100 @ 566.1 (limit, 指値: 572)
12:42:12 [ERROR] 発注失敗: 500 {'Code': 21, 'Message': '可能額が不足しております。ご注文内容をご確認ください'}
12:42:13 [INFO] [買いシグナル検知] 4005 | OBI: 0.216 (閾値: 0.140) | MicroPrice: 566.1
12:42:13 [INFO] 発注実行: BUY 4005 x100 @ 566.1 (limit, 指値: 572)
12:42:13 [ERROR] 発注失敗: 500 {'Code': 21, 'Message': '可能額が不足しております。ご注文内容をご確認ください'}
12:42:16 [INFO] [買いシグナル検知] 4005 | OBI: 0.500 (閾値: 0.444) | MicroPrice: 566.1
12:42:16 [INFO] 発注実行: BUY 4005 x100 @ 566.1 (limit, 指値: 572)
12:42:16 [ERROR] 発注失敗: 500 {'Code': 21, 'Message': '可能額が不足しております。ご注文内容をご確認ください'}
12:42:21 [INFO] [売りシグナル検知] 268A | OBI: -0.103 (閾値: -0.088) | MicroPrice: 1749.9
12:42:21 [INFO] 発注実行: SELL 268A x100 @ 1750.0 (limit, 指値: 1732)
12:42:22 [ERROR] 発注失敗: 500 {'Code': 21, 'Message': '可能額が不足しております。ご注文内容をご確認ください'}
12:42:28 [INFO] [買いシグナル検知] 6378 | OBI: 0.636 (閾値: 0.592) | MicroPrice: 1512.5
12:42:28 [INFO] 発注実行: BUY 6378 x100 @ 1511.0 (limit, 指値: 1527)
12:42:28 [ERROR] 発注失敗: 500 {'Code': 21, 'Message': '可能額が不足しております。ご注文内容をご確認ください'}
12:42:30 [INFO] [売りシグナル検知] 9501 | OBI: -0.875 (閾値: -0.873) | MicroPrice: 695.3
12:42:30 [INFO] 発注実行: SELL 9501 x100 @ 695.2 (limit, 指値: 688)
12:42:31 [ERROR] 発注失敗: 500 {'Code': 100313, 'Message': '同一銘柄の買い注文と売り注文を同時に行うご注文は、取引時間中における不公正取引の仮装売買（クロス）に該当する可能性があるため、未約定の反対注文の状況をご確認のうえ、執行条件を変更してください。'}
12:42:31 [INFO] [売りシグナル検知] 268A | OBI: -0.667 (閾値: -0.474) | MicroPrice: 1749.2
12:42:31 [INFO] 発注実行: SELL 268A x100 @ 1749.0 (limit, 指値: 1731)
12:42:32 [ERROR] 発注失敗: 500 {'Code': 21, 'Message': '可能額が不足しております。ご注文内容をご確認ください'}
12:42:32 [INFO] [売りシグナル検知] 268A | OBI: -0.667 (閾値: -0.557) | MicroPrice: 1749.2
12:42:32 [INFO] 発注実行: SELL 268A x100 @ 1749.0 (limit, 指値: 1731)
12:42:32 [ERROR] 発注失敗: 500 {'Code': 21, 'Message': '可能額が不足しております。ご注文内容をご確認ください'}
12:42:33 [INFO] [売りシグナル検知] 268A | OBI: -0.667 (閾値: -0.633) | MicroPrice: 1749.2
12:42:33 [INFO] 発注実行: SELL 268A x100 @ 1749.0 (limit, 指値: 1731)
12:42:33 [ERROR] 発注失敗: 500 {'Code': 21, 'Message': '可能額が不足しております。ご注文内容をご確認ください'}
12:42:33 [INFO] [買いシグナル検知] 4005 | OBI: 0.915 (閾値: 0.814) | MicroPrice: 566.3
12:42:33 [INFO] 発注実行: BUY 4005 x100 @ 566.3 (limit, 指値: 572)
12:42:34 [ERROR] 発注失敗: 500 {'Code': 21, 'Message': '可能額が不足しております。ご注文内容をご確認ください'}
12:42:34 [INFO] [買いシグナル検知] 4005 | OBI: 0.901 (閾値: 0.894) | MicroPrice: 566.3
12:42:34 [INFO] 発注実行: BUY 4005 x100 @ 566.3 (limit, 指値: 572)
12:42:34 [ERROR] 発注失敗: 500 {'Code': 21, 'Message': '可能額が不足しております。ご注文内容をご確認ください'}
12:42:41 [INFO] [売りシグナル検知] 9501 | OBI: -0.929 (閾値: -0.923) | MicroPrice: 694.8
12:42:41 [INFO] 発注実行: SELL 9501 x100 @ 694.7 (limit, 指値: 687)
12:42:42 [ERROR] 発注失敗: 500 {'Code': 100313, 'Message': '同一銘柄の買い注文と売り注文を同時に行うご注文は、取引時間中における不公正取引の仮装売買（クロス）に該当する可能性があるため、未約定の反対注文の状況をご確認のうえ、執行条件を変更してください。'}
12:42:52 [INFO] [買いシグナル検知] 6378 | OBI: 0.600 (閾値: 0.588) | MicroPrice: 1511.4
12:42:52 [INFO] 発注実行: BUY 6378 x100 @ 1512.0 (limit, 指値: 1528)
12:42:53 [ERROR] 発注失敗: 500 {'Code': 21, 'Message': '可能額が不足しております。ご注文内容をご確認ください'}
12:43:01 [INFO] [売りシグナル検知] 4755 | OBI: -0.714 (閾値: -0.694) | MicroPrice: 823.3
12:43:01 [INFO] 発注実行: SELL 4755 x100 @ 823.3 (limit, 指値: 815)
12:43:02 [INFO] >>> TRADING モードへ移行（排他ロック: 4755 | SELL）
12:43:06 [INFO] [売り返済シグナル] 4755 | 経過: 4.7秒 | OBI: 0.692 (撤退閾値: 0.507)
12:43:06 [INFO] 返済実行: BUY 4755 x100 @ 823.3 (limit, 指値: 832, 理由: signal)
12:43:07 [INFO] <<< MONITORING モードへ復帰 | P&L: +0円
12:43:11 [INFO] [売りシグナル検知] 4755 | OBI: -0.879 (閾値: -0.811) | MicroPrice: 823.5
12:43:11 [INFO] 発注実行: SELL 4755 x100 @ 823.5 (limit, 指値: 815)
12:43:12 [INFO] >>> TRADING モードへ移行（排他ロック: 4755 | SELL）
12:43:33 [INFO] [売り返済シグナル] 4755 | 経過: 21.1秒 | OBI: 0.909 (撤退閾値: 0.387)
12:43:33 [INFO] 返済実行: BUY 4755 x100 @ 823.5 (limit, 指値: 832, 理由: signal)
12:43:33 [INFO] <<< MONITORING モードへ復帰 | P&L: +0円
12:43:33 [INFO] [買いシグナル検知] 6378 | OBI: 0.500 (閾値: 0.498) | MicroPrice: 1508.0
12:43:33 [INFO] 発注実行: BUY 6378 x100 @ 1505.0 (limit, 指値: 1521)
12:43:34 [ERROR] 発注失敗: 500 {'Code': 21, 'Message': '可能額が不足しております。ご注文内容をご確認ください'}
12:43:34 [INFO] [買いシグナル検知] 3923 | OBI: 0.667 (閾値: 0.603) | MicroPrice: 757.8
12:43:34 [INFO] 発注実行: BUY 3923 x100 @ 757.7 (limit, 指値: 766)
12:43:34 [INFO] >>> TRADING モードへ移行（排他ロック: 3923 | BUY）
12:43:46 [INFO] [買い返済シグナル] 3923 | 経過: 12.3秒 | OBI: -0.667 (撤退閾値: -0.392)
12:43:46 [INFO] 返済実行: SELL 3923 x100 @ 758.2 (limit, 指値: 750, 理由: signal)
12:43:47 [INFO] <<< MONITORING モードへ復帰 | P&L: +50円
12:43:48 [INFO] [売りシグナル検知] 268A | OBI: -0.765 (閾値: -0.726) | MicroPrice: 1750.1
12:43:48 [INFO] 発注実行: SELL 268A x100 @ 1751.0 (limit, 指値: 1733)
12:43:49 [ERROR] 発注失敗: 500 {'Code': 21, 'Message': '可能額が不足しております。ご注文内容をご確認ください'}
12:44:02 [INFO] [買いシグナル検知] 3103 | OBI: 0.857 (閾値: 0.744) | MicroPrice: 1216.9
12:44:02 [INFO] 発注実行: BUY 3103 x100 @ 1217.0 (limit, 指値: 1230)
12:44:02 [ERROR] 発注失敗: 500 {'Code': 21, 'Message': '可能額が不足しております。ご注文内容をご確認ください'}
12:44:03 [INFO] [買いシグナル検知] 3103 | OBI: 0.857 (閾値: 0.797) | MicroPrice: 1216.9
12:44:03 [INFO] 発注実行: BUY 3103 x100 @ 1217.0 (limit, 指値: 1230)
12:44:03 [ERROR] 発注失敗: 500 {'Code': 21, 'Message': '可能額が不足しております。ご注文内容をご確認ください'}
12:44:03 [INFO] [買いシグナル検知] 4005 | OBI: 0.804 (閾値: 0.698) | MicroPrice: 566.7
12:44:03 [INFO] 発注実行: BUY 4005 x100 @ 566.6 (limit, 指値: 573)
12:44:04 [INFO] >>> TRADING モードへ移行（排他ロック: 4005 | BUY）
12:44:06 [INFO] [買い返済シグナル] 4005 | 経過: 1.7秒 | OBI: -0.871 (撤退閾値: -0.249)
12:44:06 [INFO] 返済実行: SELL 4005 x100 @ 566.9 (limit, 指値: 561, 理由: signal)
12:44:06 [INFO] <<< MONITORING モードへ復帰 | P&L: +30円
12:44:20 [INFO] [買いシグナル検知] 4582 | OBI: 0.581 (閾値: 0.547) | MicroPrice: 201.8
12:44:20 [INFO] 発注実行: BUY 4582 x100 @ 202.0 (limit, 指値: 205)
12:44:20 [INFO] >>> TRADING モードへ移行（排他ロック: 4582 | BUY）
12:44:24 [INFO] [買い返済シグナル] 4582 | 経過: 3.6秒 | OBI: -0.944 (撤退閾値: -0.009)
12:44:24 [INFO] 返済実行: SELL 4582 x100 @ 202.0 (limit, 指値: 199, 理由: signal)
12:44:24 [INFO] <<< MONITORING モードへ復帰 | P&L: +0円
12:44:28 [INFO] [売りシグナル検知] 4005 | OBI: -0.875 (閾値: -0.843) | MicroPrice: 566.8
12:44:28 [INFO] 発注実行: SELL 4005 x100 @ 566.6 (limit, 指値: 560)
12:44:29 [INFO] >>> TRADING モードへ移行（排他ロック: 4005 | SELL）
12:44:30 [INFO] [売り返済シグナル] 4005 | 経過: 1.4秒 | OBI: 0.722 (撤退閾値: 0.338)
12:44:30 [INFO] 返済実行: BUY 4005 x100 @ 566.7 (limit, 指値: 573, 理由: signal)
12:44:30 [INFO] <<< MONITORING モードへ復帰 | P&L: -10円
12:44:30 [INFO] [買いシグナル検知] 6378 | OBI: 0.750 (閾値: 0.548) | MicroPrice: 1500.6
12:44:30 [INFO] 発注実行: BUY 6378 x100 @ 1497.0 (limit, 指値: 1512)
12:44:31 [ERROR] 発注失敗: 500 {'Code': 21, 'Message': '可能額が不足しております。ご注文内容をご確認ください'}
12:44:31 [INFO] [買いシグナル検知] 6378 | OBI: 0.667 (閾値: 0.625) | MicroPrice: 1500.7
12:44:31 [INFO] 発注実行: BUY 6378 x100 @ 1497.0 (limit, 指値: 1512)
12:44:31 [ERROR] 発注失敗: 500 {'Code': 21, 'Message': '可能額が不足しております。ご注文内容をご確認ください'}
12:44:55 [INFO] [買いシグナル検知] 4582 | OBI: 0.743 (閾値: 0.658) | MicroPrice: 201.9
12:44:55 [INFO] 発注実行: BUY 4582 x100 @ 202.0 (limit, 指値: 205)
12:44:55 [INFO] >>> TRADING モードへ移行（排他ロック: 4582 | BUY）
12:44:57 [INFO] [買い返済シグナル] 4582 | 経過: 1.9秒 | OBI: -0.917 (撤退閾値: 0.130)
12:44:57 [INFO] 返済実行: SELL 4582 x100 @ 202.0 (limit, 指値: 199, 理由: signal)
12:44:57 [INFO] <<< MONITORING モードへ復帰 | P&L: +0円
12:46:04 [INFO] [買いシグナル検知] 3103 | OBI: 0.750 (閾値: 0.594) | MicroPrice: 1224.9
12:46:04 [INFO] 発注実行: BUY 3103 x100 @ 1225.0 (limit, 指値: 1238)
12:46:04 [ERROR] 発注失敗: 500 {'Code': 21, 'Message': '可能額が不足しております。ご注文内容をご確認ください'}
12:46:31 [INFO] [買いシグナル検知] 4582 | OBI: 0.714 (閾値: 0.418) | MicroPrice: 200.9
12:46:31 [INFO] 発注実行: BUY 4582 x100 @ 201.0 (limit, 指値: 204)
12:46:32 [INFO] >>> TRADING モードへ移行（排他ロック: 4582 | BUY）
12:47:02 [INFO] [買い返済シグナル] 4582 | 経過: 30.5秒 | OBI: 0.750 (撤退閾値: 0.759)
12:47:02 [INFO] 返済実行: SELL 4582 x100 @ 200.0 (limit, 指値: 198, 理由: signal)
12:47:02 [INFO] <<< MONITORING モードへ復帰 | P&L: -100円
12:47:09 [INFO] [買いシグナル検知] 6378 | OBI: 0.500 (閾値: 0.386) | MicroPrice: 1485.0
12:47:09 [INFO] 発注実行: BUY 6378 x100 @ 1483.0 (limit, 指値: 1498)
12:47:10 [ERROR] 発注失敗: 500 {'Code': 21, 'Message': '可能額が不足しております。ご注文内容をご確認ください'}
12:47:22 [INFO] [買いシグナル検知] 6378 | OBI: 0.935 (閾値: 0.680) | MicroPrice: 1486.9
12:47:22 [INFO] 発注実行: BUY 6378 x100 @ 1486.0 (limit, 指値: 1501)
12:47:22 [ERROR] 発注失敗: 500 {'Code': 21, 'Message': '可能額が不足しております。ご注文内容をご確認ください'}
12:47:23 [INFO] [買いシグナル検知] 6378 | OBI: 0.935 (閾値: 0.788) | MicroPrice: 1487.9
12:47:23 [INFO] 発注実行: BUY 6378 x100 @ 1486.0 (limit, 指値: 1501)
12:47:23 [ERROR] 発注失敗: 500 {'Code': 21, 'Message': '可能額が不足しております。ご注文内容をご確認ください'}
12:47:23 [INFO] [買いシグナル検知] 6378 | OBI: 0.935 (閾値: 0.884) | MicroPrice: 1487.9
12:47:23 [INFO] 発注実行: BUY 6378 x100 @ 1486.0 (limit, 指値: 1501)
12:47:23 [ERROR] 発注失敗: 500 {'Code': 21, 'Message': '可能額が不足しております。ご注文内容をご確認ください'}
12:47:36 [INFO] [買いシグナル検知] 4582 | OBI: 0.909 (閾値: 0.138) | MicroPrice: 201.0
12:47:36 [INFO] 発注実行: BUY 4582 x100 @ 200.0 (limit, 指値: 202)
12:47:36 [INFO] >>> TRADING モードへ移行（排他ロック: 4582 | BUY）
12:47:57 [INFO] [買い返済シグナル] 4582 | 経過: 20.8秒 | OBI: 0.217 (撤退閾値: 0.300)
12:47:57 [INFO] 返済実行: SELL 4582 x100 @ 200.0 (limit, 指値: 198, 理由: signal)
12:47:57 [INFO] <<< MONITORING モードへ復帰 | P&L: +0円
12:48:03 [INFO] [買いシグナル検知] 6378 | OBI: 0.500 (閾値: 0.455) | MicroPrice: 1491.2
12:48:03 [INFO] 発注実行: BUY 6378 x100 @ 1491.0 (limit, 指値: 1506)
12:48:03 [ERROR] 発注失敗: 500 {'Code': 21, 'Message': '可能額が不足しております。ご注文内容をご確認ください'}
12:48:17 [INFO] [買いシグナル検知] 4582 | OBI: 0.271 (閾値: 0.251) | MicroPrice: 200.6
12:48:17 [INFO] 発注実行: BUY 4582 x100 @ 200.0 (limit, 指値: 202)
12:48:17 [INFO] >>> TRADING モードへ移行（排他ロック: 4582 | BUY）
12:48:18 [INFO] [買い返済シグナル] 4582 | 経過: 0.5秒 | OBI: 0.158 (撤退閾値: 0.160)
12:48:18 [INFO] 返済実行: SELL 4582 x100 @ 201.0 (limit, 指値: 198, 理由: signal)
12:48:18 [INFO] <<< MONITORING モードへ復帰 | P&L: +100円
12:48:25 [INFO] [買いシグナル検知] 3103 | OBI: 0.400 (閾値: 0.374) | MicroPrice: 1237.7
12:48:25 [INFO] 発注実行: BUY 3103 x100 @ 1237.0 (limit, 指値: 1250)
12:48:26 [ERROR] 発注失敗: 500 {'Code': 21, 'Message': '可能額が不足しております。ご注文内容をご確認ください'}
12:48:26 [INFO] [買いシグナル検知] 3103 | OBI: 0.455 (閾値: 0.423) | MicroPrice: 1237.7
12:48:26 [INFO] 発注実行: BUY 3103 x100 @ 1237.0 (limit, 指値: 1250)
12:48:26 [ERROR] 発注失敗: 500 {'Code': 21, 'Message': '可能額が不足しております。ご注文内容をご確認ください'}
12:48:40 [INFO] [買いシグナル検知] 6378 | OBI: 0.902 (閾値: 0.405) | MicroPrice: 1498.8
12:48:40 [INFO] 発注実行: BUY 6378 x100 @ 1498.0 (limit, 指値: 1513)
12:48:40 [ERROR] 発注失敗: 500 {'Code': 21, 'Message': '可能額が不足しております。ご注文内容をご確認ください'}
12:48:40 [INFO] [買いシグナル検知] 6378 | OBI: 0.902 (閾値: 0.536) | MicroPrice: 1498.8
12:48:40 [INFO] 発注実行: BUY 6378 x100 @ 1498.0 (limit, 指値: 1513)
12:48:41 [ERROR] 発注失敗: 500 {'Code': 21, 'Message': '可能額が不足しております。ご注文内容をご確認ください'}
12:48:41 [INFO] [買いシグナル検知] 6378 | OBI: 0.902 (閾値: 0.651) | MicroPrice: 1498.8
12:48:41 [INFO] 発注実行: BUY 6378 x100 @ 1498.0 (limit, 指値: 1513)
12:48:41 [ERROR] 発注失敗: 500 {'Code': 21, 'Message': '可能額が不足しております。ご注文内容をご確認ください'}
12:48:41 [INFO] [買いシグナル検知] 6378 | OBI: 0.773 (閾値: 0.736) | MicroPrice: 1497.7
12:48:41 [INFO] 発注実行: BUY 6378 x100 @ 1498.0 (limit, 指値: 1513)
12:48:42 [ERROR] 発注失敗: 500 {'Code': 21, 'Message': '可能額が不足しております。ご注文内容をご確認ください'}
12:48:42 [INFO] [売りシグナル検知] 268A | OBI: 0.000 (閾値: 0.370) | MicroPrice: 1753.0
12:48:42 [INFO] 発注実行: SELL 268A x100 @ 1754.0 (limit, 指値: 1736)
12:48:43 [ERROR] 発注失敗: 500 {'Code': 21, 'Message': '可能額が不足しております。ご注文内容をご確認ください'}
12:48:43 [INFO] [売りシグナル検知] 268A | OBI: 0.000 (閾値: 0.275) | MicroPrice: 1753.0
12:48:43 [INFO] 発注実行: SELL 268A x100 @ 1754.0 (limit, 指値: 1736)
12:48:43 [ERROR] 発注失敗: 500 {'Code': 21, 'Message': '可能額が不足しております。ご注文内容をご確認ください'}
12:48:43 [INFO] [売りシグナル検知] 268A | OBI: 0.000 (閾値: 0.198) | MicroPrice: 1753.0
12:48:43 [INFO] 発注実行: SELL 268A x100 @ 1754.0 (limit, 指値: 1736)
12:48:44 [ERROR] 発注失敗: 500 {'Code': 21, 'Message': '可能額が不足しております。ご注文内容をご確認ください'}
12:48:44 [INFO] [売りシグナル検知] 268A | OBI: 0.000 (閾値: 0.132) | MicroPrice: 1753.0
12:48:44 [INFO] 発注実行: SELL 268A x100 @ 1754.0 (limit, 指値: 1736)
12:48:45 [ERROR] 発注失敗: 500 {'Code': 21, 'Message': '可能額が不足しております。ご注文内容をご確認ください'}
12:48:45 [INFO] [売りシグナル検知] 268A | OBI: 0.000 (閾値: 0.074) | MicroPrice: 1753.0
12:48:45 [INFO] 発注実行: SELL 268A x100 @ 1754.0 (limit, 指値: 1736)
12:48:46 [ERROR] 発注失敗: 500 {'Code': 21, 'Message': '可能額が不足しております。ご注文内容をご確認ください'}
12:48:46 [INFO] [売りシグナル検知] 268A | OBI: 0.000 (閾値: 0.022) | MicroPrice: 1753.0
12:48:46 [INFO] 発注実行: SELL 268A x100 @ 1755.0 (limit, 指値: 1737)
12:48:47 [ERROR] 発注失敗: 500 {'Code': 21, 'Message': '可能額が不足しております。ご注文内容をご確認ください'}
12:48:47 [INFO] [売りシグナル検知] 268A | OBI: -0.333 (閾値: -0.158) | MicroPrice: 1751.3
12:48:47 [INFO] 発注実行: SELL 268A x100 @ 1752.0 (limit, 指値: 1734)
12:48:47 [ERROR] 発注失敗: 500 {'Code': 21, 'Message': '可能額が不足しております。ご注文内容をご確認ください'}
12:48:47 [INFO] [売りシグナル検知] 268A | OBI: -0.333 (閾値: -0.236) | MicroPrice: 1751.3
12:48:47 [INFO] 発注実行: SELL 268A x100 @ 1752.0 (limit, 指値: 1734)
12:48:48 [ERROR] 発注失敗: 500 {'Code': 21, 'Message': '可能額が不足しております。ご注文内容をご確認ください'}
12:49:06 [INFO] [売りシグナル検知] 268A | OBI: -0.733 (閾値: -0.521) | MicroPrice: 1752.1
12:49:06 [INFO] 発注実行: SELL 268A x100 @ 1752.0 (limit, 指値: 1734)
12:49:07 [ERROR] 発注失敗: 500 {'Code': 21, 'Message': '可能額が不足しております。ご注文内容をご確認ください'}
12:49:07 [INFO] [売りシグナル検知] 268A | OBI: -0.625 (閾値: -0.596) | MicroPrice: 1752.2
12:49:07 [INFO] 発注実行: SELL 268A x100 @ 1752.0 (limit, 指値: 1734)
12:49:08 [ERROR] 発注失敗: 500 {'Code': 21, 'Message': '可能額が不足しております。ご注文内容をご確認ください'}
12:49:18 [INFO] [買いシグナル検知] 4005 | OBI: 0.714 (閾値: 0.463) | MicroPrice: 567.9
12:49:18 [INFO] 発注実行: BUY 4005 x100 @ 567.8 (limit, 指値: 574)
12:49:18 [INFO] >>> TRADING モードへ移行（排他ロック: 4005 | BUY）
12:49:59 [INFO] [買い返済シグナル] 4005 | 経過: 40.6秒 | OBI: 0.139 (撤退閾値: 0.144)
12:49:59 [INFO] 返済実行: SELL 4005 x100 @ 567.9 (limit, 指値: 562, 理由: signal)
12:49:59 [INFO] <<< MONITORING モードへ復帰 | P&L: +10円
12:50:13 [INFO] [売りシグナル検知] 9501 | OBI: -0.926 (閾値: -0.847) | MicroPrice: 697.7
12:50:13 [INFO] 発注実行: SELL 9501 x100 @ 697.8 (limit, 指値: 690)
12:50:14 [INFO] >>> TRADING モードへ移行（排他ロック: 9501 | SELL）
12:50:14 [INFO] [売り返済シグナル] 9501 | 経過: 0.5秒 | OBI: 0.920 (撤退閾値: 0.736)
12:50:14 [INFO] 返済実行: BUY 9501 x100 @ 697.7 (limit, 指値: 705, 理由: signal)
12:50:15 [INFO] <<< MONITORING モードへ復帰 | P&L: +10円
12:50:33 [INFO] [買いシグナル検知] 4582 | OBI: 0.782 (閾値: 0.657) | MicroPrice: 198.9
12:50:33 [INFO] 発注実行: BUY 4582 x100 @ 199.0 (limit, 指値: 201)
12:50:33 [INFO] >>> TRADING モードへ移行（排他ロック: 4582 | BUY）
12:50:54 [INFO] [買い返済シグナル] 4582 | 経過: 20.8秒 | OBI: 0.101 (撤退閾値: 0.144)
12:50:54 [INFO] 返済実行: SELL 4582 x100 @ 199.0 (limit, 指値: 197, 理由: signal)
12:50:54 [INFO] <<< MONITORING モードへ復帰 | P&L: +0円
12:51:11 [INFO] [買いシグナル検知] 4582 | OBI: 0.969 (閾値: 0.439) | MicroPrice: 198.0
12:51:11 [INFO] 発注実行: BUY 4582 x100 @ 197.0 (limit, 指値: 199)
12:51:11 [INFO] >>> TRADING モードへ移行（排他ロック: 4582 | BUY）
12:51:29 [INFO] [買い返済シグナル] 4582 | 経過: 18.2秒 | OBI: 0.660 (撤退閾値: 0.756)
12:51:29 [INFO] 返済実行: SELL 4582 x100 @ 198.0 (limit, 指値: 196, 理由: signal)
12:51:30 [INFO] <<< MONITORING モードへ復帰 | P&L: +100円
12:51:55 [INFO] [買いシグナル検知] 3923 | OBI: 0.905 (閾値: 0.686) | MicroPrice: 759.0
12:51:55 [INFO] 発注実行: BUY 3923 x100 @ 758.9 (limit, 指値: 767)
12:51:55 [INFO] >>> TRADING モードへ移行（排他ロック: 3923 | BUY）
12:52:02 [INFO] [買い返済シグナル] 3923 | 経過: 6.5秒 | OBI: -0.200 (撤退閾値: -0.084)
12:52:02 [INFO] 返済実行: SELL 3923 x100 @ 758.0 (limit, 指値: 750, 理由: signal)
12:52:02 [INFO] <<< MONITORING モードへ復帰 | P&L: -90円
12:52:21 [INFO] [買いシグナル検知] 4582 | OBI: 0.841 (閾値: 0.834) | MicroPrice: 196.9
12:52:21 [INFO] 発注実行: BUY 4582 x100 @ 197.0 (limit, 指値: 199)
12:52:21 [INFO] >>> TRADING モードへ移行（排他ロック: 4582 | BUY）
12:52:44 [INFO] [買い返済シグナル] 4582 | 経過: 23.1秒 | OBI: -0.296 (撤退閾値: 0.463)
12:52:44 [INFO] 返済実行: SELL 4582 x100 @ 194.0 (limit, 指値: 192, 理由: signal)
12:52:44 [INFO] <<< MONITORING モードへ復帰 | P&L: -300円
12:52:47 [INFO] [売りシグナル検知] 9501 | OBI: -0.964 (閾値: -0.861) | MicroPrice: 697.2
12:52:47 [INFO] 発注実行: SELL 9501 x100 @ 697.2 (limit, 指値: 690)
12:52:48 [INFO] >>> TRADING モードへ移行（排他ロック: 9501 | SELL）
12:52:57 [INFO] [売り返済シグナル] 9501 | 経過: 9.2秒 | OBI: 0.280 (撤退閾値: 0.083)
12:52:57 [INFO] 返済実行: BUY 9501 x100 @ 697.4 (limit, 指値: 705, 理由: signal)
12:52:58 [INFO] <<< MONITORING モードへ復帰 | P&L: -20円
12:53:01 [INFO] [買いシグナル検知] 4582 | OBI: 0.990 (閾値: 0.938) | MicroPrice: 194.0
12:53:01 [INFO] 発注実行: BUY 4582 x100 @ 193.0 (limit, 指値: 195)
12:53:02 [INFO] >>> TRADING モードへ移行（排他ロック: 4582 | BUY）
12:53:15 [INFO] [買い返済シグナル] 4582 | 経過: 12.9秒 | OBI: 0.071 (撤退閾値: 0.158)
12:53:15 [INFO] 返済実行: SELL 4582 x100 @ 192.0 (limit, 指値: 190, 理由: signal)
12:53:15 [INFO] <<< MONITORING モードへ復帰 | P&L: -100円
12:53:36 [INFO] [買いシグナル検知] 6378 | OBI: 0.333 (閾値: 0.229) | MicroPrice: 1510.0
12:53:36 [INFO] 発注実行: BUY 6378 x100 @ 1509.0 (limit, 指値: 1525)
12:53:36 [ERROR] 発注失敗: 500 {'Code': 21, 'Message': '可能額が不足しております。ご注文内容をご確認ください'}
12:53:37 [INFO] [買いシグナル検知] 6378 | OBI: 0.667 (閾値: 0.355) | MicroPrice: 1510.8
12:53:37 [INFO] 発注実行: BUY 6378 x100 @ 1509.0 (limit, 指値: 1525)
12:53:37 [ERROR] 発注失敗: 500 {'Code': 21, 'Message': '可能額が不足しております。ご注文内容をご確認ください'}
12:53:41 [INFO] [買いシグナル検知] 6378 | OBI: 0.667 (閾値: 0.465) | MicroPrice: 1510.8
12:53:41 [INFO] 発注実行: BUY 6378 x100 @ 1509.0 (limit, 指値: 1525)
12:53:42 [ERROR] 発注失敗: 500 {'Code': 21, 'Message': '可能額が不足しております。ご注文内容をご確認ください'}
12:53:42 [INFO] [買いシグナル検知] 6378 | OBI: 0.667 (閾値: 0.562) | MicroPrice: 1510.8
12:53:42 [INFO] 発注実行: BUY 6378 x100 @ 1509.0 (limit, 指値: 1525)
12:53:42 [ERROR] 発注失敗: 500 {'Code': 21, 'Message': '可能額が不足しております。ご注文内容をご確認ください'}
12:53:48 [INFO] [買いシグナル検知] 4582 | OBI: 0.619 (閾値: 0.424) | MicroPrice: 192.8
12:53:48 [INFO] 発注実行: BUY 4582 x100 @ 192.0 (limit, 指値: 194)
12:53:48 [INFO] >>> TRADING モードへ移行（排他ロック: 4582 | BUY）
12:54:13 [INFO] [買い返済シグナル] 4582 | 経過: 24.8秒 | OBI: -0.096 (撤退閾値: 0.631)
12:54:13 [INFO] 返済実行: SELL 4582 x100 @ 194.0 (limit, 指値: 192, 理由: signal)
12:54:13 [INFO] <<< MONITORING モードへ復帰 | P&L: +200円
12:54:13 [INFO] [買いシグナル検知] 268A | OBI: 0.667 (閾値: 0.610) | MicroPrice: 1749.8
12:54:13 [INFO] 発注実行: BUY 268A x100 @ 1750.0 (limit, 指値: 1768)
12:54:14 [ERROR] 発注失敗: 500 {'Code': 21, 'Message': '可能額が不足しております。ご注文内容をご確認ください'}
12:54:19 [INFO] [買いシグナル検知] 4582 | OBI: 0.693 (閾値: 0.485) | MicroPrice: 194.8
12:54:19 [INFO] 発注実行: BUY 4582 x100 @ 195.0 (limit, 指値: 197)
12:54:19 [INFO] >>> TRADING モードへ移行（排他ロック: 4582 | BUY）
12:54:31 [INFO] [買い返済シグナル] 4582 | 経過: 11.9秒 | OBI: -0.829 (撤退閾値: -0.066)
12:54:31 [INFO] 返済実行: SELL 4582 x100 @ 196.0 (limit, 指値: 194, 理由: signal)
12:54:32 [INFO] <<< MONITORING モードへ復帰 | P&L: +100円
12:54:36 [INFO] [買いシグナル検知] 6378 | OBI: 0.500 (閾値: 0.408) | MicroPrice: 1507.2
12:54:36 [INFO] 発注実行: BUY 6378 x100 @ 1508.0 (limit, 指値: 1524)
12:54:36 [ERROR] 発注失敗: 500 {'Code': 21, 'Message': '可能額が不足しております。ご注文内容をご確認ください'}
12:54:36 [INFO] [買いシグナル検知] 6378 | OBI: 0.500 (閾値: 0.476) | MicroPrice: 1507.2
12:54:36 [INFO] 発注実行: BUY 6378 x100 @ 1508.0 (limit, 指値: 1524)
12:54:36 [ERROR] 発注失敗: 500 {'Code': 21, 'Message': '可能額が不足しております。ご注文内容をご確認ください'}
12:55:11 [INFO] [買いシグナル検知] 4005 | OBI: 0.538 (閾値: 0.438) | MicroPrice: 569.2
12:55:11 [INFO] 発注実行: BUY 4005 x100 @ 569.2 (limit, 指値: 575)
12:55:11 [INFO] >>> TRADING モードへ移行（排他ロック: 4005 | BUY）
12:55:14 [INFO] [買い返済シグナル] 4005 | 経過: 2.3秒 | OBI: -0.833 (撤退閾値: -0.818)
12:55:14 [INFO] 返済実行: SELL 4005 x100 @ 569.3 (limit, 指値: 563, 理由: signal)
12:55:14 [INFO] <<< MONITORING モードへ復帰 | P&L: +10円
12:55:20 [INFO] [買いシグナル検知] 3923 | OBI: 0.600 (閾値: 0.594) | MicroPrice: 756.9
12:55:20 [INFO] 発注実行: BUY 3923 x100 @ 756.8 (limit, 指値: 765)
12:55:20 [INFO] >>> TRADING モードへ移行（排他ロック: 3923 | BUY）
12:55:21 [INFO] [買い返済シグナル] 3923 | 経過: 0.9秒 | OBI: -0.667 (撤退閾値: -0.469)
12:55:21 [INFO] 返済実行: SELL 3923 x100 @ 756.9 (limit, 指値: 749, 理由: signal)
12:55:21 [ERROR] 返済失敗: 400 {'Code': 1009001, 'Message': '建玉が選択されていません。'}
12:55:57 [INFO] [買いシグナル検知] 268A | OBI: 0.625 (閾値: 0.563) | MicroPrice: 1752.8
12:55:57 [INFO] 発注実行: BUY 268A x100 @ 1753.0 (limit, 指値: 1771)
12:55:57 [ERROR] 発注失敗: 500 {'Code': 21, 'Message': '可能額が不足しております。ご注文内容をご確認ください'}
12:55:57 [INFO] [買いシグナル検知] 268A | OBI: 0.625 (閾値: 0.588) | MicroPrice: 1752.8
12:55:57 [INFO] 発注実行: BUY 268A x100 @ 1753.0 (limit, 指値: 1771)
12:55:57 [ERROR] 発注失敗: 500 {'Code': 21, 'Message': '可能額が不足しております。ご注文内容をご確認ください'}
12:55:57 [INFO] [買いシグナル検知] 268A | OBI: 0.733 (閾値: 0.671) | MicroPrice: 1752.9
12:55:57 [INFO] 発注実行: BUY 268A x100 @ 1753.0 (limit, 指値: 1771)
12:55:58 [ERROR] 発注失敗: 500 {'Code': 21, 'Message': '可能額が不足しております。ご注文内容をご確認ください'}
12:56:07 [INFO] [買いシグナル検知] 4582 | OBI: 0.898 (閾値: 0.575) | MicroPrice: 195.9
12:56:07 [INFO] 発注実行: BUY 4582 x100 @ 195.0 (limit, 指値: 197)
12:56:08 [INFO] >>> TRADING モードへ移行（排他ロック: 4582 | BUY）
12:56:23 [INFO] [買い返済シグナル] 4582 | 経過: 15.1秒 | OBI: -0.013 (撤退閾値: 0.045)
12:56:23 [INFO] 返済実行: SELL 4582 x100 @ 195.0 (limit, 指値: 193, 理由: signal)
12:56:23 [INFO] <<< MONITORING モードへ復帰 | P&L: +0円
12:56:40 [INFO] [買いシグナル検知] 4005 | OBI: 0.979 (閾値: 0.942) | MicroPrice: 569.2
12:56:40 [INFO] 発注実行: BUY 4005 x100 @ 569.2 (limit, 指値: 575)
12:56:40 [ERROR] 発注失敗: 500 {'Code': 21, 'Message': '可能額が不足しております。ご注文内容をご確認ください'}
12:56:59 [INFO] [買いシグナル検知] 268A | OBI: 0.786 (閾値: 0.688) | MicroPrice: 1750.9
12:56:59 [INFO] 発注実行: BUY 268A x100 @ 1750.0 (limit, 指値: 1768)
12:56:59 [ERROR] 発注失敗: 500 {'Code': 21, 'Message': '可能額が不足しております。ご注文内容をご確認ください'}
12:56:59 [INFO] [買いシグナル検知] 268A | OBI: 0.786 (閾値: 0.746) | MicroPrice: 1750.9
12:56:59 [INFO] 発注実行: BUY 268A x100 @ 1750.0 (limit, 指値: 1768)
12:56:59 [ERROR] 発注失敗: 500 {'Code': 21, 'Message': '可能額が不足しております。ご注文内容をご確認ください'}
12:56:59 [INFO] [買いシグナル検知] 4582 | OBI: 0.798 (閾値: 0.390) | MicroPrice: 195.9
12:56:59 [INFO] 発注実行: BUY 4582 x100 @ 195.0 (limit, 指値: 197)
12:57:00 [INFO] >>> TRADING モードへ移行（排他ロック: 4582 | BUY）
12:57:04 [INFO] [買い返済シグナル] 4582 | 経過: 4.2秒 | OBI: -0.656 (撤退閾値: -0.623)
12:57:04 [INFO] 返済実行: SELL 4582 x100 @ 196.0 (limit, 指値: 194, 理由: signal)
12:57:04 [INFO] <<< MONITORING モードへ復帰 | P&L: +100円
12:57:11 [INFO] [買いシグナル検知] 3103 | OBI: 0.989 (閾値: 0.942) | MicroPrice: 1262.0
12:57:11 [INFO] 発注実行: BUY 3103 x100 @ 1261.0 (limit, 指値: 1274)
12:57:11 [ERROR] 発注失敗: 500 {'Code': 21, 'Message': '可能額が不足しております。ご注文内容をご確認ください'}
12:57:27 [INFO] [売りシグナル検知] 4755 | OBI: -0.444 (閾値: -0.394) | MicroPrice: 825.9
12:57:27 [INFO] 発注実行: SELL 4755 x100 @ 826.0 (limit, 指値: 817)
12:57:28 [ERROR] 発注失敗: 500 {'Code': 21, 'Message': '可能額が不足しております。ご注文内容をご確認ください'}
12:57:28 [INFO] [売りシグナル検知] 4755 | OBI: -0.444 (閾値: -0.444) | MicroPrice: 825.9
12:57:28 [INFO] 発注実行: SELL 4755 x100 @ 826.0 (limit, 指値: 817)
12:57:29 [ERROR] 発注失敗: 500 {'Code': 21, 'Message': '可能額が不足しております。ご注文内容をご確認ください'}
12:57:30 [INFO] [買いシグナル検知] 4582 | OBI: 0.369 (閾値: 0.360) | MicroPrice: 196.7
12:57:30 [INFO] 発注実行: BUY 4582 x100 @ 197.0 (limit, 指値: 199)
12:57:30 [INFO] >>> TRADING モードへ移行（排他ロック: 4582 | BUY）
12:57:43 [INFO] [買い返済シグナル] 4582 | 経過: 12.6秒 | OBI: -0.541 (撤退閾値: -0.010)
12:57:43 [INFO] 返済実行: SELL 4582 x100 @ 197.0 (limit, 指値: 195, 理由: signal)
12:57:43 [INFO] <<< MONITORING モードへ復帰 | P&L: +0円
12:57:56 [INFO] [売りシグナル検知] 4582 | OBI: -0.874 (閾値: -0.775) | MicroPrice: 197.1
12:57:56 [INFO] 発注実行: SELL 4582 x100 @ 197.0 (limit, 指値: 195)
12:57:57 [ERROR] 発注失敗: 500 {'Code': 100302, 'Message': '売建規制対象銘柄の為、受付することができません。'}
12:57:57 [INFO] [売りシグナル検知] 4582 | OBI: -0.874 (閾値: -0.831) | MicroPrice: 197.1
12:57:57 [INFO] 発注実行: SELL 4582 x100 @ 197.0 (limit, 指値: 195)
12:57:57 [ERROR] 発注失敗: 500 {'Code': 100302, 'Message': '売建規制対象銘柄の為、受付することができません。'}
12:58:26 [INFO] [買いシグナル検知] 6378 | OBI: 0.538 (閾値: 0.517) | MicroPrice: 1488.1
12:58:26 [INFO] 発注実行: BUY 6378 x100 @ 1489.0 (limit, 指値: 1504)
12:58:27 [ERROR] 発注失敗: 500 {'Code': 21, 'Message': '可能額が不足しております。ご注文内容をご確認ください'}
12:58:57 [INFO] [買いシグナル検知] 4582 | OBI: 0.806 (閾値: 0.788) | MicroPrice: 197.9
12:58:57 [INFO] 発注実行: BUY 4582 x100 @ 198.0 (limit, 指値: 200)
12:58:57 [INFO] >>> TRADING モードへ移行（排他ロック: 4582 | BUY）
12:59:23 [INFO] [買い返済シグナル] 4582 | 経過: 26.3秒 | OBI: -0.604 (撤退閾値: 0.474)
12:59:23 [INFO] 返済実行: SELL 4582 x100 @ 198.0 (limit, 指値: 196, 理由: signal)
12:59:24 [INFO] <<< MONITORING モードへ復帰 | P&L: +0円
12:59:47 [INFO] [売りシグナル検知] 4582 | OBI: -0.298 (閾値: -0.273) | MicroPrice: 198.4
12:59:47 [INFO] 発注実行: SELL 4582 x100 @ 198.0 (limit, 指値: 196)
12:59:48 [ERROR] 発注失敗: 500 {'Code': 100302, 'Message': '売建規制対象銘柄の為、受付することができません。'}
12:59:48 [INFO] [売りシグナル検知] 4582 | OBI: -0.310 (閾値: -0.287) | MicroPrice: 198.3
12:59:48 [INFO] 発注実行: SELL 4582 x100 @ 198.0 (limit, 指値: 196)
12:59:49 [ERROR] 発注失敗: 500 {'Code': 100302, 'Message': '売建規制対象銘柄の為、受付することができません。'}
12:59:49 [INFO] [売りシグナル検知] 4582 | OBI: -0.310 (閾値: -0.299) | MicroPrice: 198.3
12:59:49 [INFO] 発注実行: SELL 4582 x100 @ 198.0 (limit, 指値: 196)
12:59:50 [ERROR] 発注失敗: 500 {'Code': 100302, 'Message': '売建規制対象銘柄の為、受付することができません。'}
12:59:55 [INFO] [買いシグナル検知] 268A | OBI: 0.818 (閾値: 0.669) | MicroPrice: 1750.9
12:59:55 [INFO] 発注実行: BUY 268A x100 @ 1751.0 (limit, 指値: 1769)
12:59:56 [ERROR] 発注失敗: 500 {'Code': 21, 'Message': '可能額が不足しております。ご注文内容をご確認ください'}
12:59:56 [INFO] [買いシグナル検知] 268A | OBI: 0.818 (閾値: 0.732) | MicroPrice: 1750.9
12:59:56 [INFO] 発注実行: BUY 268A x100 @ 1751.0 (limit, 指値: 1769)
12:59:56 [ERROR] 発注失敗: 500 {'Code': 21, 'Message': '可能額が不足しております。ご注文内容をご確認ください'}
12:59:56 [INFO] [買いシグナル検知] 268A | OBI: 0.818 (閾値: 0.790) | MicroPrice: 1750.9
12:59:56 [INFO] 発注実行: BUY 268A x100 @ 1751.0 (limit, 指値: 1769)
12:59:56 [ERROR] 発注失敗: 500 {'Code': 21, 'Message': '可能額が不足しております。ご注文内容をご確認ください'}
13:00:12 [INFO] [買いシグナル検知] 3103 | OBI: 0.667 (閾値: 0.392) | MicroPrice: 1256.8
13:00:12 [INFO] 発注実行: BUY 3103 x100 @ 1257.0 (limit, 指値: 1270)
13:00:12 [ERROR] 発注失敗: 500 {'Code': 21, 'Message': '可能額が不足しております。ご注文内容をご確認ください'}
13:00:13 [INFO] [買いシグナル検知] 6378 | OBI: 0.600 (閾値: 0.191) | MicroPrice: 1490.6
13:00:13 [INFO] 発注実行: BUY 6378 x100 @ 1490.0 (limit, 指値: 1505)
13:00:13 [ERROR] 発注失敗: 500 {'Code': 21, 'Message': '可能額が不足しております。ご注文内容をご確認ください'}
13:00:14 [INFO] [買いシグナル検知] 6378 | OBI: 0.600 (閾値: 0.303) | MicroPrice: 1490.6
13:00:14 [INFO] 発注実行: BUY 6378 x100 @ 1491.0 (limit, 指値: 1506)
13:00:14 [ERROR] 発注失敗: 500 {'Code': 21, 'Message': '可能額が不足しております。ご注文内容をご確認ください'}
13:00:14 [INFO] [買いシグナル検知] 6378 | OBI: 0.600 (閾値: 0.398) | MicroPrice: 1490.6
13:00:14 [INFO] 発注実行: BUY 6378 x100 @ 1493.0 (limit, 指値: 1508)
13:00:14 [ERROR] 発注失敗: 500 {'Code': 21, 'Message': '可能額が不足しております。ご注文内容をご確認ください'}
13:00:14 [INFO] [買いシグナル検知] 6378 | OBI: 0.600 (閾値: 0.481) | MicroPrice: 1490.6
13:00:14 [INFO] 発注実行: BUY 6378 x100 @ 1493.0 (limit, 指値: 1508)
13:00:15 [ERROR] 発注失敗: 500 {'Code': 21, 'Message': '可能額が不足しております。ご注文内容をご確認ください'}
13:00:15 [INFO] [買いシグナル検知] 6378 | OBI: 0.600 (閾値: 0.556) | MicroPrice: 1490.6
13:00:15 [INFO] 発注実行: BUY 6378 x100 @ 1493.0 (limit, 指値: 1508)
13:00:15 [ERROR] 発注失敗: 500 {'Code': 21, 'Message': '可能額が不足しております。ご注文内容をご確認ください'}
13:00:15 [INFO] [売りシグナル検知] 4582 | OBI: -0.828 (閾値: -0.471) | MicroPrice: 199.1
13:00:15 [INFO] 発注実行: SELL 4582 x100 @ 200.0 (limit, 指値: 198)
13:00:16 [ERROR] 発注失敗: 500 {'Code': 100302, 'Message': '売建規制対象銘柄の為、受付することができません。'}
13:00:16 [INFO] [売りシグナル検知] 4582 | OBI: -0.828 (閾値: -0.560) | MicroPrice: 199.1
13:00:16 [INFO] 発注実行: SELL 4582 x100 @ 200.0 (limit, 指値: 198)
13:00:17 [ERROR] 発注失敗: 500 {'Code': 100302, 'Message': '売建規制対象銘柄の為、受付することができません。'}
13:00:17 [INFO] [売りシグナル検知] 4582 | OBI: -0.828 (閾値: -0.639) | MicroPrice: 199.1
13:00:17 [INFO] 発注実行: SELL 4582 x100 @ 200.0 (limit, 指値: 198)
13:00:17 [ERROR] 発注失敗: 500 {'Code': 100302, 'Message': '売建規制対象銘柄の為、受付することができません。'}
13:00:17 [INFO] [売りシグナル検知] 4582 | OBI: -0.827 (閾値: -0.712) | MicroPrice: 199.1
13:00:17 [INFO] 発注実行: SELL 4582 x100 @ 200.0 (limit, 指値: 198)
13:00:18 [ERROR] 発注失敗: 500 {'Code': 100302, 'Message': '売建規制対象銘柄の為、受付することができません。'}
13:00:18 [INFO] [売りシグナル検知] 4582 | OBI: -0.827 (閾値: -0.778) | MicroPrice: 199.1
13:00:18 [INFO] 発注実行: SELL 4582 x100 @ 200.0 (limit, 指値: 198)
13:00:19 [ERROR] 発注失敗: 500 {'Code': 100302, 'Message': '売建規制対象銘柄の為、受付することができません。'}
13:00:44 [INFO] [売りシグナル検知] 4755 | OBI: -0.857 (閾値: -0.722) | MicroPrice: 825.2
13:00:44 [INFO] 発注実行: SELL 4755 x100 @ 825.2 (limit, 指値: 816)
13:00:45 [ERROR] 発注失敗: 500 {'Code': 21, 'Message': '可能額が不足しております。ご注文内容をご確認ください'}
13:00:45 [INFO] [売りシグナル検知] 4755 | OBI: -0.857 (閾値: -0.803) | MicroPrice: 825.2
13:00:45 [INFO] 発注実行: SELL 4755 x100 @ 825.2 (limit, 指値: 816)
13:00:46 [ERROR] 発注失敗: 500 {'Code': 21, 'Message': '可能額が不足しております。ご注文内容をご確認ください'}
13:00:46 [INFO] [買いシグナル検知] 268A | OBI: 0.946 (閾値: 0.562) | MicroPrice: 1750.0
13:00:46 [INFO] 発注実行: BUY 268A x100 @ 1750.0 (limit, 指値: 1768)
13:00:46 [ERROR] 発注失敗: 500 {'Code': 21, 'Message': '可能額が不足しております。ご注文内容をご確認ください'}
13:00:46 [INFO] [買いシグナル検知] 268A | OBI: 0.946 (閾値: 0.674) | MicroPrice: 1750.0
13:00:46 [INFO] 発注実行: BUY 268A x100 @ 1750.0 (limit, 指値: 1768)
13:00:47 [ERROR] 発注失敗: 500 {'Code': 21, 'Message': '可能額が不足しております。ご注文内容をご確認ください'}
13:00:47 [INFO] [買いシグナル検知] 268A | OBI: 0.946 (閾値: 0.782) | MicroPrice: 1750.0
13:00:47 [INFO] 発注実行: BUY 268A x100 @ 1751.0 (limit, 指値: 1769)
13:00:47 [ERROR] 発注失敗: 500 {'Code': 21, 'Message': '可能額が不足しております。ご注文内容をご確認ください'}
13:00:47 [INFO] [買いシグナル検知] 268A | OBI: 0.946 (閾値: 0.879) | MicroPrice: 1750.0
13:00:47 [INFO] 発注実行: BUY 268A x100 @ 1751.0 (limit, 指値: 1769)
13:00:47 [ERROR] 発注失敗: 500 {'Code': 21, 'Message': '可能額が不足しております。ご注文内容をご確認ください'}
13:00:54 [INFO] [買いシグナル検知] 9501 | OBI: 0.794 (閾値: 0.640) | MicroPrice: 696.7
13:00:54 [INFO] 発注実行: BUY 9501 x100 @ 696.5 (limit, 指値: 704)
13:00:54 [INFO] >>> TRADING モードへ移行（排他ロック: 9501 | BUY）
13:01:01 [INFO] [買い返済シグナル] 9501 | 経過: 6.8秒 | OBI: -0.875 (撤退閾値: -0.784)
13:01:01 [INFO] 返済実行: SELL 9501 x100 @ 696.8 (limit, 指値: 689, 理由: signal)
13:01:01 [INFO] <<< MONITORING モードへ復帰 | P&L: +30円
13:01:01 [INFO] [買いシグナル検知] 4582 | OBI: 0.458 (閾値: 0.457) | MicroPrice: 199.7
13:01:01 [INFO] 発注実行: BUY 4582 x100 @ 200.0 (limit, 指値: 202)
13:01:02 [INFO] >>> TRADING モードへ移行（排他ロック: 4582 | BUY）
13:01:10 [INFO] [買い返済シグナル] 4582 | 経過: 8.1秒 | OBI: -0.564 (撤退閾値: 0.195)
13:01:10 [INFO] 返済実行: SELL 4582 x100 @ 198.0 (limit, 指値: 196, 理由: signal)
13:01:10 [INFO] <<< MONITORING モードへ復帰 | P&L: -200円
13:01:25 [INFO] [買いシグナル検知] 4582 | OBI: 0.972 (閾値: 0.955) | MicroPrice: 197.0
13:01:25 [INFO] 発注実行: BUY 4582 x100 @ 197.0 (limit, 指値: 199)
13:01:26 [INFO] >>> TRADING モードへ移行（排他ロック: 4582 | BUY）
13:01:43 [INFO] [買い返済シグナル] 4582 | 経過: 17.1秒 | OBI: -0.043 (撤退閾値: 0.021)
13:01:43 [INFO] 返済実行: SELL 4582 x100 @ 196.0 (limit, 指値: 194, 理由: signal)
13:01:43 [INFO] <<< MONITORING モードへ復帰 | P&L: -100円
13:01:50 [INFO] [買いシグナル検知] 3923 | OBI: 0.600 (閾値: 0.478) | MicroPrice: 756.3
13:01:50 [INFO] 発注実行: BUY 3923 x100 @ 756.4 (limit, 指値: 764)
13:01:51 [INFO] >>> TRADING モードへ移行（排他ロック: 3923 | BUY）
13:02:10 [INFO] [買い返済シグナル] 3923 | 経過: 19.0秒 | OBI: -0.600 (撤退閾値: -0.402)
13:02:10 [INFO] 返済実行: SELL 3923 x100 @ 756.1 (limit, 指値: 748, 理由: signal)
13:02:10 [INFO] <<< MONITORING モードへ復帰 | P&L: -30円
13:02:21 [INFO] [買いシグナル検知] 6378 | OBI: 0.200 (閾値: 0.193) | MicroPrice: 1496.0
13:02:21 [INFO] 発注実行: BUY 6378 x100 @ 1493.0 (limit, 指値: 1508)
13:02:21 [ERROR] 発注失敗: 500 {'Code': 21, 'Message': '可能額が不足しております。ご注文内容をご確認ください'}
13:02:32 [INFO] [売りシグナル検知] 4582 | OBI: -0.929 (閾値: -0.031) | MicroPrice: 199.0
13:02:32 [INFO] 発注実行: SELL 4582 x100 @ 200.0 (limit, 指値: 198)
13:02:32 [ERROR] 発注失敗: 500 {'Code': 100302, 'Message': '売建規制対象銘柄の為、受付することができません。'}
13:02:32 [INFO] [売りシグナル検知] 4582 | OBI: -0.929 (閾値: -0.259) | MicroPrice: 199.0
13:02:32 [INFO] 発注実行: SELL 4582 x100 @ 200.0 (limit, 指値: 198)
13:02:33 [ERROR] 発注失敗: 500 {'Code': 100302, 'Message': '売建規制対象銘柄の為、受付することができません。'}
13:02:33 [INFO] [売りシグナル検知] 4582 | OBI: -0.929 (閾値: -0.440) | MicroPrice: 199.0
13:02:33 [INFO] 発注実行: SELL 4582 x100 @ 200.0 (limit, 指値: 198)
13:02:34 [ERROR] 発注失敗: 500 {'Code': 100302, 'Message': '売建規制対象銘柄の為、受付することができません。'}
13:02:34 [INFO] [売りシグナル検知] 4582 | OBI: -0.627 (閾値: -0.542) | MicroPrice: 199.2
13:02:34 [INFO] 発注実行: SELL 4582 x100 @ 200.0 (limit, 指値: 198)
13:02:35 [ERROR] 発注失敗: 500 {'Code': 100302, 'Message': '売建規制対象銘柄の為、受付することができません。'}
13:03:12 [INFO] [売りシグナル検知] 9501 | OBI: -0.918 (閾値: -0.787) | MicroPrice: 697.7
13:03:12 [INFO] 発注実行: SELL 9501 x100 @ 697.6 (limit, 指値: 690)
13:03:13 [INFO] >>> TRADING モードへ移行（排他ロック: 9501 | SELL）
13:03:20 [INFO] [売り返済シグナル] 9501 | 経過: 7.2秒 | OBI: 0.833 (撤退閾値: 0.668)
13:03:20 [INFO] 返済実行: BUY 9501 x100 @ 697.5 (limit, 指値: 705, 理由: signal)
13:03:20 [INFO] <<< MONITORING モードへ復帰 | P&L: +10円
13:03:48 [INFO] [売りシグナル検知] 4582 | OBI: -0.568 (閾値: -0.568) | MicroPrice: 199.2
13:03:48 [INFO] 発注実行: SELL 4582 x100 @ 199.0 (limit, 指値: 197)
13:03:49 [ERROR] 発注失敗: 500 {'Code': 100302, 'Message': '売建規制対象銘柄の為、受付することができません。'}
13:03:49 [INFO] [売りシグナル検知] 4582 | OBI: -0.907 (閾値: -0.655) | MicroPrice: 199.0
13:03:49 [INFO] 発注実行: SELL 4582 x100 @ 199.0 (limit, 指値: 197)
13:03:50 [ERROR] 発注失敗: 500 {'Code': 100302, 'Message': '売建規制対象銘柄の為、受付することができません。'}
13:03:50 [INFO] [売りシグナル検知] 4582 | OBI: -0.890 (閾値: -0.722) | MicroPrice: 199.1
13:03:50 [INFO] 発注実行: SELL 4582 x100 @ 199.0 (limit, 指値: 197)
13:03:50 [ERROR] 発注失敗: 500 {'Code': 100302, 'Message': '売建規制対象銘柄の為、受付することができません。'}
13:03:50 [INFO] [売りシグナル検知] 4582 | OBI: -0.890 (閾値: -0.778) | MicroPrice: 199.1
13:03:50 [INFO] 発注実行: SELL 4582 x100 @ 199.0 (limit, 指値: 197)
13:03:51 [ERROR] 発注失敗: 500 {'Code': 100302, 'Message': '売建規制対象銘柄の為、受付することができません。'}
13:03:51 [INFO] [売りシグナル検知] 4582 | OBI: -0.890 (閾値: -0.829) | MicroPrice: 199.1
13:03:51 [INFO] 発注実行: SELL 4582 x100 @ 199.0 (limit, 指値: 197)
13:03:52 [ERROR] 発注失敗: 500 {'Code': 100302, 'Message': '売建規制対象銘柄の為、受付することができません。'}
13:03:52 [INFO] [売りシグナル検知] 4582 | OBI: -0.890 (閾値: -0.874) | MicroPrice: 199.1
13:03:52 [INFO] 発注実行: SELL 4582 x100 @ 199.0 (limit, 指値: 197)
13:03:53 [ERROR] 発注失敗: 500 {'Code': 100302, 'Message': '売建規制対象銘柄の為、受付することができません。'}
13:04:53 [INFO] [買いシグナル検知] 3103 | OBI: 0.714 (閾値: 0.659) | MicroPrice: 1243.9
13:04:53 [INFO] 発注実行: BUY 3103 x100 @ 1243.0 (limit, 指値: 1256)
13:04:53 [ERROR] 発注失敗: 500 {'Code': 21, 'Message': '可能額が不足しております。ご注文内容をご確認ください'}
13:04:53 [INFO] [買いシグナル検知] 3103 | OBI: 0.714 (閾値: 0.681) | MicroPrice: 1243.9
13:04:53 [INFO] 発注実行: BUY 3103 x100 @ 1243.0 (limit, 指値: 1256)
13:04:53 [ERROR] 発注失敗: 500 {'Code': 21, 'Message': '可能額が不足しております。ご注文内容をご確認ください'}
13:04:59 [INFO] [買いシグナル検知] 268A | OBI: 0.429 (閾値: 0.243) | MicroPrice: 1755.7
13:04:59 [INFO] 発注実行: BUY 268A x100 @ 1756.0 (limit, 指値: 1774)
13:05:00 [ERROR] 発注失敗: 500 {'Code': 21, 'Message': '可能額が不足しております。ご注文内容をご確認ください'}
13:05:00 [INFO] [買いシグナル検知] 268A | OBI: 0.667 (閾値: 0.345) | MicroPrice: 1755.8
13:05:00 [INFO] 発注実行: BUY 268A x100 @ 1756.0 (limit, 指値: 1774)
13:05:00 [ERROR] 発注失敗: 500 {'Code': 21, 'Message': '可能額が不足しております。ご注文内容をご確認ください'}
13:05:00 [INFO] [買いシグナル検知] 268A | OBI: 0.667 (閾値: 0.432) | MicroPrice: 1755.8
13:05:00 [INFO] 発注実行: BUY 268A x100 @ 1756.0 (limit, 指値: 1774)
13:05:00 [ERROR] 発注失敗: 500 {'Code': 21, 'Message': '可能額が不足しております。ご注文内容をご確認ください'}
13:05:00 [INFO] [買いシグナル検知] 268A | OBI: 0.667 (閾値: 0.514) | MicroPrice: 1755.8
13:05:00 [INFO] 発注実行: BUY 268A x100 @ 1757.0 (limit, 指値: 1775)
13:05:01 [ERROR] 発注失敗: 500 {'Code': 21, 'Message': '可能額が不足しております。ご注文内容をご確認ください'}
13:05:01 [INFO] [買いシグナル検知] 3103 | OBI: 0.429 (閾値: 0.358) | MicroPrice: 1244.4
13:05:01 [INFO] 発注実行: BUY 3103 x100 @ 1245.0 (limit, 指値: 1258)
13:05:01 [ERROR] 発注失敗: 500 {'Code': 21, 'Message': '可能額が不足しております。ご注文内容をご確認ください'}
13:05:03 [INFO] [買いシグナル検知] 268A | OBI: 0.810 (閾値: 0.647) | MicroPrice: 1762.8
13:05:03 [INFO] 発注実行: BUY 268A x100 @ 1762.0 (limit, 指値: 1780)
13:05:03 [ERROR] 発注失敗: 500 {'Code': 21, 'Message': '可能額が不足しております。ご注文内容をご確認ください'}
13:05:03 [INFO] [買いシグナル検知] 268A | OBI: 0.810 (閾値: 0.742) | MicroPrice: 1762.8
13:05:03 [INFO] 発注実行: BUY 268A x100 @ 1762.0 (limit, 指値: 1780)
13:05:04 [ERROR] 発注失敗: 500 {'Code': 21, 'Message': '可能額が不足しております。ご注文内容をご確認ください'}
13:05:16 [INFO] [買いシグナル検知] 4582 | OBI: 0.783 (閾値: 0.749) | MicroPrice: 197.9
13:05:16 [INFO] 発注実行: BUY 4582 x100 @ 198.0 (limit, 指値: 200)
13:05:17 [INFO] >>> TRADING モードへ移行（排他ロック: 4582 | BUY）
13:05:18 [INFO] [買い返済シグナル] 4582 | 経過: 0.9秒 | OBI: -0.860 (撤退閾値: 0.207)
13:05:18 [INFO] 返済実行: SELL 4582 x100 @ 198.0 (limit, 指値: 196, 理由: signal)
13:05:18 [INFO] <<< MONITORING モードへ復帰 | P&L: +0円
13:05:22 [INFO] [売りシグナル検知] 4005 | OBI: -0.846 (閾値: -0.826) | MicroPrice: 568.6
13:05:22 [INFO] 発注実行: SELL 4005 x100 @ 568.6 (limit, 指値: 562)
13:05:23 [INFO] >>> TRADING モードへ移行（排他ロック: 4005 | SELL）
13:06:00 [INFO] [売り返済シグナル] 4005 | 経過: 37.3秒 | OBI: -0.118 (撤退閾値: -0.257)
13:06:00 [INFO] 返済実行: BUY 4005 x100 @ 568.8 (limit, 指値: 575, 理由: signal)
13:06:01 [INFO] <<< MONITORING モードへ復帰 | P&L: -20円
13:06:08 [INFO] [買いシグナル検知] 6378 | OBI: 0.818 (閾値: 0.676) | MicroPrice: 1494.9
13:06:08 [INFO] 発注実行: BUY 6378 x100 @ 1495.0 (limit, 指値: 1510)
13:06:08 [ERROR] 発注失敗: 500 {'Code': 21, 'Message': '可能額が不足しております。ご注文内容をご確認ください'}
13:06:16 [INFO] [売りシグナル検知] 4005 | OBI: -0.529 (閾値: -0.510) | MicroPrice: 568.7
13:06:16 [INFO] 発注実行: SELL 4005 x100 @ 568.7 (limit, 指値: 563)
13:06:17 [INFO] >>> TRADING モードへ移行（排他ロック: 4005 | SELL）
13:06:29 [INFO] [売り返済シグナル] 4005 | 経過: 11.4秒 | OBI: 0.158 (撤退閾値: -0.287)
13:06:29 [INFO] 返済実行: BUY 4005 x100 @ 569.2 (limit, 指値: 575, 理由: signal)
13:06:29 [INFO] <<< MONITORING モードへ復帰 | P&L: -50円
13:06:52 [INFO] [買いシグナル検知] 9501 | OBI: 0.106 (閾値: 0.038) | MicroPrice: 696.1
13:06:52 [INFO] 発注実行: BUY 9501 x100 @ 696.0 (limit, 指値: 703)
13:06:52 [INFO] >>> TRADING モードへ移行（排他ロック: 9501 | BUY）
13:06:57 [INFO] [買い返済シグナル] 9501 | 経過: 4.6秒 | OBI: -0.889 (撤退閾値: -0.859)
13:06:57 [INFO] 返済実行: SELL 9501 x100 @ 696.2 (limit, 指値: 689, 理由: signal)
13:06:57 [INFO] <<< MONITORING モードへ復帰 | P&L: +20円
13:07:21 [INFO] [買いシグナル検知] 3103 | OBI: 0.846 (閾値: 0.666) | MicroPrice: 1242.9
13:07:21 [INFO] 発注実行: BUY 3103 x100 @ 1242.0 (limit, 指値: 1255)
13:07:21 [ERROR] 発注失敗: 500 {'Code': 21, 'Message': '可能額が不足しております。ご注文内容をご確認ください'}
13:07:33 [INFO] [買いシグナル検知] 4582 | OBI: 0.951 (閾値: 0.356) | MicroPrice: 197.0
13:07:33 [INFO] 発注実行: BUY 4582 x100 @ 197.0 (limit, 指値: 199)
13:07:33 [INFO] >>> TRADING モードへ移行（排他ロック: 4582 | BUY）
13:08:04 [INFO] [買い返済シグナル] 4582 | 経過: 30.9秒 | OBI: -0.438 (撤退閾値: -0.390)
13:08:04 [INFO] 返済実行: SELL 4582 x100 @ 198.0 (limit, 指値: 196, 理由: signal)
13:08:04 [INFO] <<< MONITORING モードへ復帰 | P&L: +100円
13:08:18 [INFO] [売りシグナル検知] 4582 | OBI: -0.662 (閾値: -0.583) | MicroPrice: 197.2
13:08:18 [INFO] 発注実行: SELL 4582 x100 @ 197.0 (limit, 指値: 195)
13:08:19 [ERROR] 発注失敗: 500 {'Code': 100302, 'Message': '売建規制対象銘柄の為、受付することができません。'}
13:08:19 [INFO] [売りシグナル検知] 4582 | OBI: -0.662 (閾値: -0.633) | MicroPrice: 197.2
13:08:19 [INFO] 発注実行: SELL 4582 x100 @ 197.0 (limit, 指値: 195)
13:08:20 [ERROR] 発注失敗: 500 {'Code': 100302, 'Message': '売建規制対象銘柄の為、受付することができません。'}
13:08:21 [INFO] [買いシグナル検知] 3923 | OBI: 0.500 (閾値: 0.497) | MicroPrice: 757.2
13:08:21 [INFO] 発注実行: BUY 3923 x100 @ 757.1 (limit, 指値: 765)
13:08:21 [INFO] >>> TRADING モードへ移行（排他ロック: 3923 | BUY）
13:08:40 [INFO] [買い返済シグナル] 3923 | 経過: 18.9秒 | OBI: -0.333 (撤退閾値: -0.204)
13:08:40 [INFO] 返済実行: SELL 3923 x100 @ 757.6 (limit, 指値: 750, 理由: signal)
13:08:41 [INFO] <<< MONITORING モードへ復帰 | P&L: +50円
13:09:02 [INFO] [売りシグナル検知] 4005 | OBI: -0.263 (閾値: -0.219) | MicroPrice: 570.2
13:09:02 [INFO] 発注実行: SELL 4005 x100 @ 570.3 (limit, 指値: 564)
13:09:03 [INFO] >>> TRADING モードへ移行（排他ロック: 4005 | SELL）
13:09:33 [INFO] [売り返済シグナル] 4005 | 経過: 30.5秒 | OBI: 0.059 (撤退閾値: -0.013)
13:09:33 [INFO] 返済実行: BUY 4005 x100 @ 570.3 (limit, 指値: 577, 理由: signal)
13:09:34 [INFO] <<< MONITORING モードへ復帰 | P&L: +0円
13:09:46 [INFO] [買いシグナル検知] 4582 | OBI: 0.984 (閾値: 0.984) | MicroPrice: 197.0
13:09:46 [INFO] 発注実行: BUY 4582 x100 @ 197.0 (limit, 指値: 199)
13:09:47 [INFO] >>> TRADING モードへ移行（排他ロック: 4582 | BUY）
13:09:48 [INFO] [買い返済シグナル] 4582 | 経過: 1.7秒 | OBI: -0.936 (撤退閾値: 0.526)
13:09:48 [INFO] 返済実行: SELL 4582 x100 @ 197.0 (limit, 指値: 195, 理由: signal)
13:09:49 [INFO] <<< MONITORING モードへ復帰 | P&L: +0円
13:10:17 [INFO] [買いシグナル検知] 6378 | OBI: 0.667 (閾値: 0.527) | MicroPrice: 1504.5
13:10:17 [INFO] 発注実行: BUY 6378 x100 @ 1505.0 (limit, 指値: 1521)
13:10:18 [ERROR] 発注失敗: 500 {'Code': 21, 'Message': '可能額が不足しております。ご注文内容をご確認ください'}
13:10:18 [INFO] [買いシグナル検知] 6378 | OBI: 0.667 (閾値: 0.601) | MicroPrice: 1504.5
13:10:18 [INFO] 発注実行: BUY 6378 x100 @ 1505.0 (limit, 指値: 1521)
13:10:18 [ERROR] 発注失敗: 500 {'Code': 21, 'Message': '可能額が不足しております。ご注文内容をご確認ください'}
13:10:43 [INFO] [売りシグナル検知] 4755 | OBI: -0.750 (閾値: -0.627) | MicroPrice: 824.8
13:10:43 [INFO] 発注実行: SELL 4755 x100 @ 825.0 (limit, 指値: 816)
13:10:44 [ERROR] 発注失敗: 500 {'Code': 21, 'Message': '可能額が不足しております。ご注文内容をご確認ください'}
13:10:52 [INFO] [売りシグナル検知] 9501 | OBI: -0.889 (閾値: -0.862) | MicroPrice: 696.2
13:10:52 [INFO] 発注実行: SELL 9501 x100 @ 696.2 (limit, 指値: 689)
13:10:52 [INFO] >>> TRADING モードへ移行（排他ロック: 9501 | SELL）
13:10:55 [INFO] [売り返済シグナル] 9501 | 経過: 2.4秒 | OBI: 0.739 (撤退閾値: 0.240)
13:10:55 [INFO] 返済実行: BUY 9501 x100 @ 696.1 (limit, 指値: 704, 理由: signal)
13:10:55 [INFO] <<< MONITORING モードへ復帰 | P&L: +10円
13:11:04 [INFO] [買いシグナル検知] 3103 | OBI: 0.750 (閾値: 0.366) | MicroPrice: 1244.9
13:11:04 [INFO] 発注実行: BUY 3103 x100 @ 1245.0 (limit, 指値: 1258)
13:11:04 [ERROR] 発注失敗: 500 {'Code': 21, 'Message': '可能額が不足しております。ご注文内容をご確認ください'}
13:11:04 [INFO] [買いシグナル検知] 3103 | OBI: 0.750 (閾値: 0.475) | MicroPrice: 1244.9
13:11:04 [INFO] 発注実行: BUY 3103 x100 @ 1244.0 (limit, 指値: 1257)
13:11:04 [ERROR] 発注失敗: 500 {'Code': 21, 'Message': '可能額が不足しております。ご注文内容をご確認ください'}
13:11:04 [INFO] [買いシグナル検知] 3103 | OBI: 0.733 (閾値: 0.573) | MicroPrice: 1244.9
13:11:04 [INFO] 発注実行: BUY 3103 x100 @ 1244.0 (limit, 指値: 1257)
13:11:05 [ERROR] 発注失敗: 500 {'Code': 21, 'Message': '可能額が不足しております。ご注文内容をご確認ください'}
13:11:05 [INFO] [買いシグナル検知] 3103 | OBI: 0.733 (閾値: 0.661) | MicroPrice: 1244.9
13:11:05 [INFO] 発注実行: BUY 3103 x100 @ 1244.0 (limit, 指値: 1257)
13:11:05 [ERROR] 発注失敗: 500 {'Code': 21, 'Message': '可能額が不足しております。ご注文内容をご確認ください'}
13:11:16 [INFO] [売りシグナル検知] 4005 | OBI: -0.826 (閾値: -0.777) | MicroPrice: 570.2
13:11:16 [INFO] 発注実行: SELL 4005 x100 @ 570.2 (limit, 指値: 564)
13:11:17 [INFO] >>> TRADING モードへ移行（排他ロック: 4005 | SELL）
13:11:51 [INFO] [売り返済シグナル] 4005 | 経過: 33.8秒 | OBI: 0.867 (撤退閾値: -0.112)
13:11:51 [INFO] 返済実行: BUY 4005 x100 @ 570.0 (limit, 指値: 576, 理由: signal)
13:11:51 [INFO] <<< MONITORING モードへ復帰 | P&L: +20円
13:11:58 [INFO] [買いシグナル検知] 268A | OBI: 0.667 (閾値: 0.582) | MicroPrice: 1779.8
13:11:58 [INFO] 発注実行: BUY 268A x100 @ 1780.0 (limit, 指値: 1798)
13:11:58 [ERROR] 発注失敗: 500 {'Code': 21, 'Message': '可能額が不足しております。ご注文内容をご確認ください'}
13:11:58 [INFO] [買いシグナル検知] 268A | OBI: 0.667 (閾値: 0.665) | MicroPrice: 1779.8
13:11:58 [INFO] 発注実行: BUY 268A x100 @ 1780.0 (limit, 指値: 1798)
13:11:59 [ERROR] 発注失敗: 500 {'Code': 21, 'Message': '可能額が不足しております。ご注文内容をご確認ください'}
13:12:04 [INFO] [売りシグナル検知] 9501 | OBI: -0.808 (閾値: -0.808) | MicroPrice: 695.7
13:12:04 [INFO] 発注実行: SELL 9501 x100 @ 695.7 (limit, 指値: 688)
13:12:04 [ERROR] 発注失敗: 500 {'Code': 100313, 'Message': '同一銘柄の買い注文と売り注文を同時に行うご注文は、取引時間中における不公正取引の仮装売買（クロス）に該当する可能性があるため、未約定の反対注文の状況をご確認のうえ、執行条件を変更してください。'}
13:12:04 [INFO] [売りシグナル検知] 9501 | OBI: -0.889 (閾値: -0.868) | MicroPrice: 695.7
13:12:04 [INFO] 発注実行: SELL 9501 x100 @ 695.7 (limit, 指値: 688)
13:12:05 [ERROR] 発注失敗: 500 {'Code': 100313, 'Message': '同一銘柄の買い注文と売り注文を同時に行うご注文は、取引時間中における不公正取引の仮装売買（クロス）に該当する可能性があるため、未約定の反対注文の状況をご確認のうえ、執行条件を変更してください。'}
13:12:23 [INFO] [買いシグナル検知] 3103 | OBI: 0.846 (閾値: 0.773) | MicroPrice: 1241.9
13:12:23 [INFO] 発注実行: BUY 3103 x100 @ 1242.0 (limit, 指値: 1255)
13:12:23 [ERROR] 発注失敗: 500 {'Code': 21, 'Message': '可能額が不足しております。ご注文内容をご確認ください'}
13:12:45 [INFO] [買いシグナル検知] 3103 | OBI: 0.730 (閾値: 0.608) | MicroPrice: 1240.9
13:12:45 [INFO] 発注実行: BUY 3103 x100 @ 1241.0 (limit, 指値: 1254)
13:12:45 [ERROR] 発注失敗: 500 {'Code': 21, 'Message': '可能額が不足しております。ご注文内容をご確認ください'}
13:12:45 [INFO] [買いシグナル検知] 3103 | OBI: 0.744 (閾値: 0.704) | MicroPrice: 1240.9
13:12:45 [INFO] 発注実行: BUY 3103 x100 @ 1241.0 (limit, 指値: 1254)
13:12:45 [ERROR] 発注失敗: 500 {'Code': 21, 'Message': '可能額が不足しております。ご注文内容をご確認ください'}
13:12:49 [INFO] [売りシグナル検知] 4755 | OBI: -0.684 (閾値: -0.680) | MicroPrice: 825.0
13:12:49 [INFO] 発注実行: SELL 4755 x100 @ 824.9 (limit, 指値: 816)
13:12:50 [ERROR] 発注失敗: 500 {'Code': 21, 'Message': '可能額が不足しております。ご注文内容をご確認ください'}
13:13:26 [INFO] [買いシグナル検知] 3103 | OBI: 0.933 (閾値: 0.870) | MicroPrice: 1240.0
13:13:26 [INFO] 発注実行: BUY 3103 x100 @ 1240.0 (limit, 指値: 1253)
13:13:26 [ERROR] 発注失敗: 500 {'Code': 21, 'Message': '可能額が不足しております。ご注文内容をご確認ください'}
13:13:26 [INFO] [買いシグナル検知] 3103 | OBI: 0.933 (閾値: 0.909) | MicroPrice: 1240.0
13:13:26 [INFO] 発注実行: BUY 3103 x100 @ 1240.0 (limit, 指値: 1253)
13:13:26 [ERROR] 発注失敗: 500 {'Code': 21, 'Message': '可能額が不足しております。ご注文内容をご確認ください'}
13:13:45 [INFO] [買いシグナル検知] 6378 | OBI: 0.500 (閾値: 0.439) | MicroPrice: 1521.8
13:13:45 [INFO] 発注実行: BUY 6378 x100 @ 1524.0 (limit, 指値: 1540)
13:13:45 [ERROR] 発注失敗: 500 {'Code': 21, 'Message': '可能額が不足しております。ご注文内容をご確認ください'}
13:13:45 [INFO] [買いシグナル検知] 6378 | OBI: 0.500 (閾値: 0.495) | MicroPrice: 1521.8
13:13:45 [INFO] 発注実行: BUY 6378 x100 @ 1524.0 (limit, 指値: 1540)
13:13:45 [ERROR] 発注失敗: 500 {'Code': 21, 'Message': '可能額が不足しております。ご注文内容をご確認ください'}
13:14:00 [INFO] [買いシグナル検知] 268A | OBI: 0.636 (閾値: 0.204) | MicroPrice: 1791.8
13:14:00 [INFO] 発注実行: BUY 268A x100 @ 1791.0 (limit, 指値: 1809)
13:14:01 [ERROR] 発注失敗: 500 {'Code': 21, 'Message': '可能額が不足しております。ご注文内容をご確認ください'}
13:14:01 [INFO] [買いシグナル検知] 268A | OBI: 0.714 (閾値: 0.323) | MicroPrice: 1791.9
13:14:01 [INFO] 発注実行: BUY 268A x100 @ 1791.0 (limit, 指値: 1809)
13:14:01 [ERROR] 発注失敗: 500 {'Code': 21, 'Message': '可能額が不足しております。ご注文内容をご確認ください'}
13:14:01 [INFO] [買いシグナル検知] 268A | OBI: 0.810 (閾値: 0.441) | MicroPrice: 1791.9
13:14:01 [INFO] 発注実行: BUY 268A x100 @ 1791.0 (limit, 指値: 1809)
13:14:02 [ERROR] 発注失敗: 500 {'Code': 21, 'Message': '可能額が不足しております。ご注文内容をご確認ください'}
13:14:02 [INFO] [買いシグナル検知] 268A | OBI: 0.810 (閾値: 0.561) | MicroPrice: 1791.9
13:14:02 [INFO] 発注実行: BUY 268A x100 @ 1791.0 (limit, 指値: 1809)
13:14:02 [ERROR] 発注失敗: 500 {'Code': 21, 'Message': '可能額が不足しております。ご注文内容をご確認ください'}
13:14:02 [INFO] [買いシグナル検知] 268A | OBI: 0.810 (閾値: 0.669) | MicroPrice: 1791.9
13:14:02 [INFO] 発注実行: BUY 268A x100 @ 1792.0 (limit, 指値: 1810)
13:14:02 [ERROR] 発注失敗: 500 {'Code': 21, 'Message': '可能額が不足しております。ご注文内容をご確認ください'}
13:14:02 [INFO] [買いシグナル検知] 268A | OBI: 0.810 (閾値: 0.766) | MicroPrice: 1791.9
13:14:02 [INFO] 発注実行: BUY 268A x100 @ 1792.0 (limit, 指値: 1810)
13:14:03 [ERROR] 発注失敗: 500 {'Code': 21, 'Message': '可能額が不足しております。ご注文内容をご確認ください'}
13:14:05 [INFO] [買いシグナル検知] 4582 | OBI: 0.937 (閾値: 0.068) | MicroPrice: 197.0
13:14:05 [INFO] 発注実行: BUY 4582 x100 @ 196.0 (limit, 指値: 198)
13:14:06 [INFO] >>> TRADING モードへ移行（排他ロック: 4582 | BUY）
13:14:37 [INFO] [買い返済シグナル] 4582 | 経過: 31.3秒 | OBI: 0.703 (撤退閾値: 0.742)
13:14:37 [INFO] 返済実行: SELL 4582 x100 @ 196.0 (limit, 指値: 194, 理由: signal)
13:14:37 [INFO] <<< MONITORING モードへ復帰 | P&L: +0円
13:14:46 [INFO] [買いシグナル検知] 4005 | OBI: 0.526 (閾値: 0.515) | MicroPrice: 571.4
13:14:46 [INFO] 発注実行: BUY 4005 x100 @ 571.4 (limit, 指値: 578)
13:14:47 [INFO] >>> TRADING モードへ移行（排他ロック: 4005 | BUY）
13:15:02 [INFO] [買い返済シグナル] 4005 | 経過: 14.8秒 | OBI: -0.692 (撤退閾値: -0.236)
13:15:02 [INFO] 返済実行: SELL 4005 x100 @ 571.7 (limit, 指値: 565, 理由: signal)
13:15:02 [INFO] <<< MONITORING モードへ復帰 | P&L: +30円
13:15:20 [INFO] [買いシグナル検知] 268A | OBI: 0.733 (閾値: 0.660) | MicroPrice: 1808.9
13:15:20 [INFO] 発注実行: BUY 268A x100 @ 1809.0 (limit, 指値: 1828)
13:15:20 [ERROR] 発注失敗: 500 {'Code': 21, 'Message': '可能額が不足しております。ご注文内容をご確認ください'}
13:15:20 [INFO] [買いシグナル検知] 268A | OBI: 0.733 (閾値: 0.692) | MicroPrice: 1808.9
13:15:20 [INFO] 発注実行: BUY 268A x100 @ 1809.0 (limit, 指値: 1828)
13:15:20 [ERROR] 発注失敗: 500 {'Code': 21, 'Message': '可能額が不足しております。ご注文内容をご確認ください'}
13:15:20 [INFO] [買いシグナル検知] 268A | OBI: 0.733 (閾値: 0.699) | MicroPrice: 1808.9
13:15:21 [INFO] 発注実行: BUY 268A x100 @ 1809.0 (limit, 指値: 1828)
13:15:21 [ERROR] 発注失敗: 500 {'Code': 21, 'Message': '可能額が不足しております。ご注文内容をご確認ください'}
13:15:21 [INFO] [買いシグナル検知] 268A | OBI: 0.733 (閾値: 0.690) | MicroPrice: 1808.9
13:15:21 [INFO] 発注実行: BUY 268A x100 @ 1809.0 (limit, 指値: 1828)
13:15:22 [ERROR] 発注失敗: 500 {'Code': 21, 'Message': '可能額が不足しております。ご注文内容をご確認ください'}
13:15:30 [INFO] [売りシグナル検知] 4755 | OBI: -0.750 (閾値: -0.692) | MicroPrice: 825.6
13:15:30 [INFO] 発注実行: SELL 4755 x100 @ 825.6 (limit, 指値: 817)
13:15:31 [ERROR] 発注失敗: 500 {'Code': 21, 'Message': '可能額が不足しております。ご注文内容をご確認ください'}
13:16:14 [INFO] [買いシグナル検知] 3103 | OBI: 0.407 (閾値: 0.122) | MicroPrice: 1236.7
13:16:14 [INFO] 発注実行: BUY 3103 x100 @ 1237.0 (limit, 指値: 1250)
13:16:15 [ERROR] 発注失敗: 500 {'Code': 21, 'Message': '可能額が不足しております。ご注文内容をご確認ください'}
13:16:15 [INFO] [買いシグナル検知] 3103 | OBI: 0.407 (閾値: 0.216) | MicroPrice: 1236.7
13:16:15 [INFO] 発注実行: BUY 3103 x100 @ 1237.0 (limit, 指値: 1250)
13:16:15 [ERROR] 発注失敗: 500 {'Code': 21, 'Message': '可能額が不足しております。ご注文内容をご確認ください'}
13:16:15 [INFO] [買いシグナル検知] 3103 | OBI: 0.407 (閾値: 0.299) | MicroPrice: 1236.7
13:16:15 [INFO] 発注実行: BUY 3103 x100 @ 1236.0 (limit, 指値: 1249)
13:16:15 [ERROR] 発注失敗: 500 {'Code': 21, 'Message': '可能額が不足しております。ご注文内容をご確認ください'}
13:16:16 [INFO] [買いシグナル検知] 3103 | OBI: 0.619 (閾値: 0.474) | MicroPrice: 1234.8
13:16:16 [INFO] 発注実行: BUY 3103 x100 @ 1235.0 (limit, 指値: 1248)
13:16:16 [ERROR] 発注失敗: 500 {'Code': 21, 'Message': '可能額が不足しております。ご注文内容をご確認ください'}
13:16:16 [INFO] [買いシグナル検知] 3103 | OBI: 0.667 (閾値: 0.570) | MicroPrice: 1234.8
13:16:16 [INFO] 発注実行: BUY 3103 x100 @ 1235.0 (limit, 指値: 1248)
13:16:17 [ERROR] 発注失敗: 500 {'Code': 21, 'Message': '可能額が不足しております。ご注文内容をご確認ください'}
13:17:03 [INFO] [売りシグナル検知] 9501 | OBI: -0.718 (閾値: -0.704) | MicroPrice: 696.8
13:17:03 [INFO] 発注実行: SELL 9501 x100 @ 696.8 (limit, 指値: 689)
13:17:04 [INFO] >>> TRADING モードへ移行（排他ロック: 9501 | SELL）
13:17:04 [INFO] [売り返済シグナル] 9501 | 経過: 0.0秒 | OBI: 0.677 (撤退閾値: -0.094)
13:17:04 [INFO] 返済実行: BUY 9501 x100 @ 696.7 (limit, 指値: 704, 理由: signal)
13:17:04 [ERROR] 返済失敗: 400 {'Code': 1009001, 'Message': '建玉が選択されていません。'}
13:17:24 [INFO] [買いシグナル検知] 6378 | OBI: 0.833 (閾値: 0.731) | MicroPrice: 1517.8
13:17:24 [INFO] 発注実行: BUY 6378 x100 @ 1515.0 (limit, 指値: 1531)
13:17:25 [ERROR] 発注失敗: 500 {'Code': 21, 'Message': '可能額が不足しております。ご注文内容をご確認ください'}
13:17:39 [INFO] [買いシグナル検知] 3103 | OBI: 0.625 (閾値: 0.521) | MicroPrice: 1243.8
13:17:39 [INFO] 発注実行: BUY 3103 x100 @ 1243.0 (limit, 指値: 1256)
13:17:39 [ERROR] 発注失敗: 500 {'Code': 21, 'Message': '可能額が不足しております。ご注文内容をご確認ください'}
13:17:39 [INFO] [買いシグナル検知] 3103 | OBI: 0.625 (閾値: 0.585) | MicroPrice: 1243.8
13:17:39 [INFO] 発注実行: BUY 3103 x100 @ 1243.0 (limit, 指値: 1256)
13:17:40 [ERROR] 発注失敗: 500 {'Code': 21, 'Message': '可能額が不足しております。ご注文内容をご確認ください'}
13:17:58 [INFO] [買いシグナル検知] 268A | OBI: 0.714 (閾値: 0.696) | MicroPrice: 1789.9
13:17:58 [INFO] 発注実行: BUY 268A x100 @ 1789.0 (limit, 指値: 1807)
13:17:59 [ERROR] 発注失敗: 500 {'Code': 21, 'Message': '可能額が不足しております。ご注文内容をご確認ください'}
13:18:03 [INFO] [買いシグナル検知] 3103 | OBI: 0.667 (閾値: 0.441) | MicroPrice: 1245.7
13:18:03 [INFO] 発注実行: BUY 3103 x100 @ 1245.0 (limit, 指値: 1258)
13:18:03 [ERROR] 発注失敗: 500 {'Code': 21, 'Message': '可能額が不足しております。ご注文内容をご確認ください'}
13:18:05 [INFO] [売りシグナル検知] 4755 | OBI: -0.571 (閾値: -0.424) | MicroPrice: 828.4
13:18:05 [INFO] 発注実行: SELL 4755 x100 @ 828.4 (limit, 指値: 820)
13:18:05 [ERROR] 発注失敗: 500 {'Code': 21, 'Message': '可能額が不足しております。ご注文内容をご確認ください'}
13:18:05 [INFO] [売りシグナル検知] 4755 | OBI: -0.571 (閾値: -0.465) | MicroPrice: 828.4
13:18:05 [INFO] 発注実行: SELL 4755 x100 @ 828.4 (limit, 指値: 820)
13:18:06 [ERROR] 発注失敗: 500 {'Code': 21, 'Message': '可能額が不足しております。ご注文内容をご確認ください'}
13:18:06 [INFO] [売りシグナル検知] 4755 | OBI: -0.750 (閾値: -0.535) | MicroPrice: 828.4
13:18:06 [INFO] 発注実行: SELL 4755 x100 @ 828.4 (limit, 指値: 820)
13:18:07 [ERROR] 発注失敗: 500 {'Code': 21, 'Message': '可能額が不足しております。ご注文内容をご確認ください'}
13:18:07 [INFO] [売りシグナル検知] 4755 | OBI: -0.750 (閾値: -0.634) | MicroPrice: 828.4
13:18:07 [INFO] 発注実行: SELL 4755 x100 @ 828.6 (limit, 指値: 820)
13:18:08 [ERROR] 発注失敗: 500 {'Code': 21, 'Message': '可能額が不足しております。ご注文内容をご確認ください'}
13:18:08 [INFO] [売りシグナル検知] 4755 | OBI: -0.750 (閾値: -0.724) | MicroPrice: 828.4
13:18:08 [INFO] 発注実行: SELL 4755 x100 @ 828.6 (limit, 指値: 820)
13:18:09 [ERROR] 発注失敗: 500 {'Code': 21, 'Message': '可能額が不足しております。ご注文内容をご確認ください'}
13:19:12 [INFO] [買いシグナル検知] 3103 | OBI: 0.846 (閾値: 0.793) | MicroPrice: 1245.9
13:19:12 [INFO] 発注実行: BUY 3103 x100 @ 1246.0 (limit, 指値: 1259)
13:19:12 [ERROR] 発注失敗: 500 {'Code': 21, 'Message': '可能額が不足しております。ご注文内容をご確認ください'}
13:19:26 [INFO] [買いシグナル検知] 4005 | OBI: 0.750 (閾値: 0.678) | MicroPrice: 570.9
13:19:26 [INFO] 発注実行: BUY 4005 x100 @ 570.9 (limit, 指値: 577)
13:19:27 [ERROR] 発注失敗: 500 {'Code': 21, 'Message': '可能額が不足しております。ご注文内容をご確認ください'}
13:19:31 [INFO] [買いシグナル検知] 6378 | OBI: 0.818 (閾値: 0.669) | MicroPrice: 1522.9
13:19:31 [INFO] 発注実行: BUY 6378 x100 @ 1522.0 (limit, 指値: 1538)
13:19:31 [ERROR] 発注失敗: 500 {'Code': 21, 'Message': '可能額が不足しております。ご注文内容をご確認ください'}
13:19:31 [INFO] [買いシグナル検知] 6378 | OBI: 0.818 (閾値: 0.730) | MicroPrice: 1522.9
13:19:31 [INFO] 発注実行: BUY 6378 x100 @ 1522.0 (limit, 指値: 1538)
13:19:32 [ERROR] 発注失敗: 500 {'Code': 21, 'Message': '可能額が不足しております。ご注文内容をご確認ください'}
13:19:33 [INFO] [買いシグナル検知] 6378 | OBI: 0.818 (閾値: 0.803) | MicroPrice: 1523.8
13:19:33 [INFO] 発注実行: BUY 6378 x100 @ 1523.0 (limit, 指値: 1539)
13:19:34 [ERROR] 発注失敗: 500 {'Code': 21, 'Message': '可能額が不足しております。ご注文内容をご確認ください'}
13:19:48 [INFO] [買いシグナル検知] 4582 | OBI: 0.934 (閾値: -0.081) | MicroPrice: 197.0
13:19:48 [INFO] 発注実行: BUY 4582 x100 @ 197.0 (limit, 指値: 199)
13:19:48 [INFO] >>> TRADING モードへ移行（排他ロック: 4582 | BUY）
13:20:30 [INFO] [買い返済シグナル] 4582 | 経過: 41.9秒 | OBI: 0.622 (撤退閾値: 0.651)
13:20:30 [INFO] 返済実行: SELL 4582 x100 @ 196.0 (limit, 指値: 194, 理由: signal)
13:20:30 [INFO] <<< MONITORING モードへ復帰 | P&L: -100円
13:20:35 [INFO] [買いシグナル検知] 6378 | OBI: 0.600 (閾値: 0.427) | MicroPrice: 1527.8
13:20:35 [INFO] 発注実行: BUY 6378 x100 @ 1528.0 (limit, 指値: 1544)
13:20:35 [ERROR] 発注失敗: 500 {'Code': 21, 'Message': '可能額が不足しております。ご注文内容をご確認ください'}
13:20:35 [INFO] [買いシグナル検知] 6378 | OBI: 0.600 (閾値: 0.467) | MicroPrice: 1527.8
13:20:35 [INFO] 発注実行: BUY 6378 x100 @ 1528.0 (limit, 指値: 1544)
13:20:35 [ERROR] 発注失敗: 500 {'Code': 21, 'Message': '可能額が不足しております。ご注文内容をご確認ください'}
13:20:35 [INFO] [買いシグナル検知] 6378 | OBI: 0.600 (閾値: 0.537) | MicroPrice: 1527.8
13:20:35 [INFO] 発注実行: BUY 6378 x100 @ 1528.0 (limit, 指値: 1544)
13:20:36 [ERROR] 発注失敗: 500 {'Code': 21, 'Message': '可能額が不足しております。ご注文内容をご確認ください'}
13:20:39 [INFO] [買いシグナル検知] 4005 | OBI: 0.768 (閾値: 0.359) | MicroPrice: 571.0
13:20:39 [INFO] 発注実行: BUY 4005 x100 @ 570.9 (limit, 指値: 577)
13:20:39 [ERROR] 発注失敗: 500 {'Code': 21, 'Message': '可能額が不足しております。ご注文内容をご確認ください'}
13:20:39 [INFO] [買いシグナル検知] 4005 | OBI: 0.592 (閾値: 0.458) | MicroPrice: 571.0
13:20:39 [INFO] 発注実行: BUY 4005 x100 @ 570.9 (limit, 指値: 577)
13:20:39 [ERROR] 発注失敗: 500 {'Code': 21, 'Message': '可能額が不足しております。ご注文内容をご確認ください'}
13:20:40 [INFO] [買いシグナル検知] 4005 | OBI: 0.592 (閾値: 0.548) | MicroPrice: 571.0
13:20:40 [INFO] 発注実行: BUY 4005 x100 @ 570.9 (limit, 指値: 577)
13:20:40 [ERROR] 発注失敗: 500 {'Code': 21, 'Message': '可能額が不足しております。ご注文内容をご確認ください'}
13:20:51 [INFO] [買いシグナル検知] 6378 | OBI: 0.500 (閾値: 0.351) | MicroPrice: 1530.2
13:20:51 [INFO] 発注実行: BUY 6378 x100 @ 1530.0 (limit, 指値: 1546)
13:20:52 [ERROR] 発注失敗: 500 {'Code': 21, 'Message': '可能額が不足しております。ご注文内容をご確認ください'}
13:20:52 [INFO] [買いシグナル検知] 6378 | OBI: 0.500 (閾値: 0.414) | MicroPrice: 1530.2
13:20:52 [INFO] 発注実行: BUY 6378 x100 @ 1530.0 (limit, 指値: 1546)
13:20:52 [ERROR] 発注失敗: 500 {'Code': 21, 'Message': '可能額が不足しております。ご注文内容をご確認ください'}
13:20:52 [INFO] [買いシグナル検知] 6378 | OBI: 0.500 (閾値: 0.481) | MicroPrice: 1530.2
13:20:52 [INFO] 発注実行: BUY 6378 x100 @ 1532.0 (limit, 指値: 1548)
13:20:53 [ERROR] 発注失敗: 500 {'Code': 21, 'Message': '可能額が不足しております。ご注文内容をご確認ください'}
13:20:56 [INFO] [売りシグナル検知] 4755 | OBI: -0.973 (閾値: -0.956) | MicroPrice: 827.6
13:20:56 [INFO] 発注実行: SELL 4755 x100 @ 827.5 (limit, 指値: 819)
13:20:57 [ERROR] 発注失敗: 500 {'Code': 21, 'Message': '可能額が不足しております。ご注文内容をご確認ください'}
13:21:15 [INFO] [買いシグナル検知] 3103 | OBI: 0.882 (閾値: 0.694) | MicroPrice: 1243.9
13:21:15 [INFO] 発注実行: BUY 3103 x100 @ 1239.0 (limit, 指値: 1252)
13:21:16 [ERROR] 発注失敗: 500 {'Code': 21, 'Message': '可能額が不足しております。ご注文内容をご確認ください'}
13:21:16 [INFO] [買いシグナル検知] 3103 | OBI: 0.882 (閾値: 0.759) | MicroPrice: 1243.9
13:21:16 [INFO] 発注実行: BUY 3103 x100 @ 1239.0 (limit, 指値: 1252)
13:21:16 [ERROR] 発注失敗: 500 {'Code': 21, 'Message': '可能額が不足しております。ご注文内容をご確認ください'}
13:21:16 [INFO] [買いシグナル検知] 3103 | OBI: 0.882 (閾値: 0.821) | MicroPrice: 1243.9
13:21:16 [INFO] 発注実行: BUY 3103 x100 @ 1240.0 (limit, 指値: 1253)
13:21:16 [ERROR] 発注失敗: 500 {'Code': 21, 'Message': '可能額が不足しております。ご注文内容をご確認ください'}
13:21:16 [INFO] [買いシグナル検知] 3103 | OBI: 0.882 (閾値: 0.879) | MicroPrice: 1243.9
13:21:16 [INFO] 発注実行: BUY 3103 x100 @ 1240.0 (limit, 指値: 1253)
13:21:17 [ERROR] 発注失敗: 500 {'Code': 21, 'Message': '可能額が不足しております。ご注文内容をご確認ください'}
13:21:23 [INFO] [売りシグナル検知] 9501 | OBI: -0.571 (閾値: -0.340) | MicroPrice: 697.3
13:21:23 [INFO] 発注実行: SELL 9501 x100 @ 697.4 (limit, 指値: 690)
13:21:23 [ERROR] 発注失敗: 500 {'Code': 21, 'Message': '可能額が不足しております。ご注文内容をご確認ください'}
13:21:23 [INFO] [売りシグナル検知] 9501 | OBI: -0.571 (閾値: -0.425) | MicroPrice: 697.3
13:21:23 [INFO] 発注実行: SELL 9501 x100 @ 697.4 (limit, 指値: 690)
13:21:24 [ERROR] 発注失敗: 500 {'Code': 21, 'Message': '可能額が不足しております。ご注文内容をご確認ください'}
13:21:54 [INFO] [買いシグナル検知] 4582 | OBI: 0.850 (閾値: 0.779) | MicroPrice: 195.9
13:21:54 [INFO] 発注実行: BUY 4582 x100 @ 196.0 (limit, 指値: 198)
13:21:54 [INFO] >>> TRADING モードへ移行（排他ロック: 4582 | BUY）
13:21:59 [INFO] [買い返済シグナル] 4582 | 経過: 5.3秒 | OBI: -0.072 (撤退閾値: 0.157)
13:21:59 [INFO] 返済実行: SELL 4582 x100 @ 195.0 (limit, 指値: 193, 理由: signal)
13:22:00 [INFO] <<< MONITORING モードへ復帰 | P&L: -100円
13:22:10 [INFO] [売りシグナル検知] 9501 | OBI: -0.667 (閾値: -0.599) | MicroPrice: 697.1
13:22:10 [INFO] 発注実行: SELL 9501 x100 @ 697.2 (limit, 指値: 690)
13:22:11 [ERROR] 発注失敗: 500 {'Code': 21, 'Message': '可能額が不足しております。ご注文内容をご確認ください'}
13:22:11 [INFO] [売りシグナル検知] 9501 | OBI: -0.667 (閾値: -0.665) | MicroPrice: 697.1
13:22:11 [INFO] 発注実行: SELL 9501 x100 @ 697.2 (limit, 指値: 690)
13:22:12 [ERROR] 発注失敗: 500 {'Code': 21, 'Message': '可能額が不足しております。ご注文内容をご確認ください'}
13:23:44 [INFO] [買いシグナル検知] 3103 | OBI: 0.704 (閾値: 0.607) | MicroPrice: 1239.9
13:23:44 [INFO] 発注実行: BUY 3103 x100 @ 1239.0 (limit, 指値: 1252)
13:23:44 [ERROR] 発注失敗: 500 {'Code': 21, 'Message': '可能額が不足しております。ご注文内容をご確認ください'}
13:23:44 [INFO] [買いシグナル検知] 3103 | OBI: 0.704 (閾値: 0.692) | MicroPrice: 1239.9
13:23:44 [INFO] 発注実行: BUY 3103 x100 @ 1239.0 (limit, 指値: 1252)
13:23:44 [ERROR] 発注失敗: 500 {'Code': 21, 'Message': '可能額が不足しております。ご注文内容をご確認ください'}
13:24:03 [INFO] [買いシグナル検知] 4582 | OBI: 0.771 (閾値: 0.403) | MicroPrice: 192.9
13:24:03 [INFO] 発注実行: BUY 4582 x100 @ 193.0 (limit, 指値: 195)
13:24:04 [INFO] >>> TRADING モードへ移行（排他ロック: 4582 | BUY）
13:24:20 [INFO] [買い返済シグナル] 4582 | 経過: 16.6秒 | OBI: -0.113 (撤退閾値: -0.088)
13:24:20 [INFO] 返済実行: SELL 4582 x100 @ 192.0 (limit, 指値: 190, 理由: signal)
13:24:21 [INFO] <<< MONITORING モードへ復帰 | P&L: -100円
13:24:31 [INFO] [買いシグナル検知] 3103 | OBI: 0.556 (閾値: 0.504) | MicroPrice: 1240.8
13:24:31 [INFO] 発注実行: BUY 3103 x100 @ 1241.0 (limit, 指値: 1254)
13:24:32 [ERROR] 発注失敗: 500 {'Code': 21, 'Message': '可能額が不足しております。ご注文内容をご確認ください'}
13:24:32 [INFO] [買いシグナル検知] 3103 | OBI: 0.556 (閾値: 0.526) | MicroPrice: 1240.8
13:24:32 [INFO] 発注実行: BUY 3103 x100 @ 1240.0 (limit, 指値: 1253)
13:24:32 [ERROR] 発注失敗: 500 {'Code': 21, 'Message': '可能額が不足しております。ご注文内容をご確認ください'}
13:25:17 [INFO] [買いシグナル検知] 4582 | OBI: 0.697 (閾値: 0.485) | MicroPrice: 190.8
13:25:17 [INFO] 発注実行: BUY 4582 x100 @ 191.0 (limit, 指値: 193)
13:25:17 [INFO] >>> TRADING モードへ移行（排他ロック: 4582 | BUY）
13:25:21 [INFO] [買い返済シグナル] 4582 | 経過: 3.6秒 | OBI: -0.776 (撤退閾値: -0.479)
13:25:21 [INFO] 返済実行: SELL 4582 x100 @ 188.0 (limit, 指値: 186, 理由: signal)
13:25:21 [INFO] <<< MONITORING モードへ復帰 | P&L: -300円
13:25:29 [INFO] [買いシグナル検知] 6378 | OBI: 0.600 (閾値: 0.441) | MicroPrice: 1533.0
13:25:29 [INFO] 発注実行: BUY 6378 x100 @ 1531.0 (limit, 指値: 1547)
13:25:30 [ERROR] 発注失敗: 500 {'Code': 21, 'Message': '可能額が不足しております。ご注文内容をご確認ください'}
13:25:30 [INFO] [買いシグナル検知] 6378 | OBI: 0.600 (閾値: 0.544) | MicroPrice: 1533.0
13:25:30 [INFO] 発注実行: BUY 6378 x100 @ 1531.0 (limit, 指値: 1547)
13:25:30 [ERROR] 発注失敗: 500 {'Code': 21, 'Message': '可能額が不足しております。ご注文内容をご確認ください'}
13:26:10 [INFO] [売りシグナル検知] 4005 | OBI: -0.727 (閾値: -0.707) | MicroPrice: 571.0
13:26:10 [INFO] 発注実行: SELL 4005 x100 @ 571.0 (limit, 指値: 565)
13:26:10 [ERROR] 発注失敗: 500 {'Code': 21, 'Message': '可能額が不足しております。ご注文内容をご確認ください'}
13:26:22 [INFO] [売りシグナル検知] 4755 | OBI: -0.600 (閾値: -0.460) | MicroPrice: 828.8
13:26:22 [INFO] 発注実行: SELL 4755 x100 @ 828.8 (limit, 指値: 820)
13:26:23 [ERROR] 発注失敗: 500 {'Code': 21, 'Message': '可能額が不足しております。ご注文内容をご確認ください'}
13:26:30 [INFO] [売りシグナル検知] 4755 | OBI: -0.429 (閾値: -0.318) | MicroPrice: 828.5
13:26:30 [INFO] 発注実行: SELL 4755 x100 @ 828.4 (limit, 指値: 820)
13:26:31 [ERROR] 発注失敗: 500 {'Code': 21, 'Message': '可能額が不足しております。ご注文内容をご確認ください'}
13:26:31 [INFO] [売りシグナル検知] 4755 | OBI: -0.429 (閾値: -0.396) | MicroPrice: 828.5
13:26:31 [INFO] 発注実行: SELL 4755 x100 @ 828.4 (limit, 指値: 820)
13:26:32 [ERROR] 発注失敗: 500 {'Code': 21, 'Message': '可能額が不足しております。ご注文内容をご確認ください'}
13:26:40 [INFO] [売りシグナル検知] 4005 | OBI: -0.944 (閾値: -0.741) | MicroPrice: 570.7
13:26:40 [INFO] 発注実行: SELL 4005 x100 @ 570.7 (limit, 指値: 564)
13:26:41 [ERROR] 発注失敗: 500 {'Code': 21, 'Message': '可能額が不足しております。ご注文内容をご確認ください'}
13:26:41 [INFO] [売りシグナル検知] 4005 | OBI: -0.944 (閾値: -0.823) | MicroPrice: 570.7
13:26:41 [INFO] 発注実行: SELL 4005 x100 @ 570.7 (limit, 指値: 564)
13:26:42 [ERROR] 発注失敗: 500 {'Code': 21, 'Message': '可能額が不足しております。ご注文内容をご確認ください'}
13:26:48 [INFO] [売りシグナル検知] 268A | OBI: -0.091 (閾値: 0.134) | MicroPrice: 1810.5
13:26:48 [INFO] 発注実行: SELL 268A x100 @ 1811.0 (limit, 指値: 1792)
13:26:48 [ERROR] 発注失敗: 500 {'Code': 21, 'Message': '可能額が不足しております。ご注文内容をご確認ください'}
13:26:48 [INFO] [売りシグナル検知] 268A | OBI: -0.091 (閾値: 0.067) | MicroPrice: 1810.5
13:26:48 [INFO] 発注実行: SELL 268A x100 @ 1811.0 (limit, 指値: 1792)
13:26:49 [ERROR] 発注失敗: 500 {'Code': 21, 'Message': '可能額が不足しております。ご注文内容をご確認ください'}
13:26:49 [INFO] [売りシグナル検知] 268A | OBI: -0.077 (閾値: -0.043) | MicroPrice: 1810.5
13:26:49 [INFO] 発注実行: SELL 268A x100 @ 1811.0 (limit, 指値: 1792)
13:26:50 [ERROR] 発注失敗: 500 {'Code': 21, 'Message': '可能額が不足しております。ご注文内容をご確認ください'}
13:26:53 [INFO] [売りシグナル検知] 268A | OBI: -0.846 (閾値: -0.307) | MicroPrice: 1811.1
13:26:53 [INFO] 発注実行: SELL 268A x100 @ 1811.0 (limit, 指値: 1792)
13:26:54 [ERROR] 発注失敗: 500 {'Code': 21, 'Message': '可能額が不足しております。ご注文内容をご確認ください'}
13:26:54 [INFO] [売りシグナル検知] 268A | OBI: -0.556 (閾値: -0.408) | MicroPrice: 1811.2
13:26:54 [INFO] 発注実行: SELL 268A x100 @ 1811.0 (limit, 指値: 1792)
13:26:55 [ERROR] 発注失敗: 500 {'Code': 21, 'Message': '可能額が不足しております。ご注文内容をご確認ください'}
13:27:04 [INFO] [売りシグナル検知] 4755 | OBI: -0.758 (閾値: -0.218) | MicroPrice: 828.7
13:27:04 [INFO] 発注実行: SELL 4755 x100 @ 828.7 (limit, 指値: 820)
13:27:05 [ERROR] 発注失敗: 500 {'Code': 21, 'Message': '可能額が不足しております。ご注文内容をご確認ください'}
13:27:05 [INFO] [売りシグナル検知] 4755 | OBI: -0.758 (閾値: -0.368) | MicroPrice: 828.7
13:27:05 [INFO] 発注実行: SELL 4755 x100 @ 828.7 (limit, 指値: 820)
13:27:06 [ERROR] 発注失敗: 500 {'Code': 21, 'Message': '可能額が不足しております。ご注文内容をご確認ください'}
13:27:06 [INFO] [売りシグナル検知] 4755 | OBI: -0.758 (閾値: -0.495) | MicroPrice: 828.7
13:27:06 [INFO] 発注実行: SELL 4755 x100 @ 828.7 (limit, 指値: 820)
13:27:06 [ERROR] 発注失敗: 500 {'Code': 21, 'Message': '可能額が不足しております。ご注文内容をご確認ください'}
13:27:06 [INFO] [売りシグナル検知] 4755 | OBI: -0.758 (閾値: -0.608) | MicroPrice: 828.7
13:27:06 [INFO] 発注実行: SELL 4755 x100 @ 828.7 (limit, 指値: 820)
13:27:07 [ERROR] 発注失敗: 500 {'Code': 21, 'Message': '可能額が不足しております。ご注文内容をご確認ください'}
13:27:18 [INFO] [買いシグナル検知] 3103 | OBI: 0.876 (閾値: 0.531) | MicroPrice: 1238.9
13:27:18 [INFO] 発注実行: BUY 3103 x100 @ 1239.0 (limit, 指値: 1252)
13:27:18 [ERROR] 発注失敗: 500 {'Code': 21, 'Message': '可能額が不足しております。ご注文内容をご確認ください'}
13:27:23 [INFO] [買いシグナル検知] 4582 | OBI: 0.879 (閾値: 0.776) | MicroPrice: 182.9
13:27:23 [INFO] 発注実行: BUY 4582 x100 @ 183.0 (limit, 指値: 185)
13:27:23 [INFO] >>> TRADING モードへ移行（排他ロック: 4582 | BUY）
13:27:48 [INFO] [買い返済シグナル] 4582 | 経過: 24.8秒 | OBI: 0.400 (撤退閾値: 0.468)
13:27:48 [INFO] 返済実行: SELL 4582 x100 @ 182.0 (limit, 指値: 180, 理由: signal)
13:27:48 [INFO] <<< MONITORING モードへ復帰 | P&L: -100円
13:28:27 [INFO] [売りシグナル検知] 9501 | OBI: -0.975 (閾値: -0.761) | MicroPrice: 701.9
13:28:27 [INFO] 発注実行: SELL 9501 x100 @ 701.9 (limit, 指値: 694)
13:28:28 [ERROR] 発注失敗: 500 {'Code': 21, 'Message': '可能額が不足しております。ご注文内容をご確認ください'}
13:28:28 [INFO] [売りシグナル検知] 9501 | OBI: -0.975 (閾値: -0.846) | MicroPrice: 701.9
13:28:28 [INFO] 発注実行: SELL 9501 x100 @ 701.9 (limit, 指値: 694)
13:28:29 [ERROR] 発注失敗: 500 {'Code': 21, 'Message': '可能額が不足しております。ご注文内容をご確認ください'}
13:28:29 [INFO] [売りシグナル検知] 9501 | OBI: -0.975 (閾値: -0.923) | MicroPrice: 701.9
13:28:29 [INFO] 発注実行: SELL 9501 x100 @ 701.9 (limit, 指値: 694)
13:28:30 [ERROR] 発注失敗: 500 {'Code': 21, 'Message': '可能額が不足しております。ご注文内容をご確認ください'}
13:28:48 [INFO] [売りシグナル検知] 9501 | OBI: -0.920 (閾値: -0.861) | MicroPrice: 701.6
13:28:48 [INFO] 発注実行: SELL 9501 x100 @ 701.7 (limit, 指値: 694)
13:28:49 [ERROR] 発注失敗: 500 {'Code': 21, 'Message': '可能額が不足しております。ご注文内容をご確認ください'}
13:29:02 [INFO] [買いシグナル検知] 4582 | OBI: 0.112 (閾値: 0.021) | MicroPrice: 181.1
13:29:02 [INFO] 発注実行: BUY 4582 x100 @ 181.0 (limit, 指値: 183)
13:29:02 [INFO] >>> TRADING モードへ移行（排他ロック: 4582 | BUY）
13:29:22 [INFO] [買い返済シグナル] 4582 | 経過: 20.4秒 | OBI: -0.313 (撤退閾値: -0.135)
13:29:22 [INFO] 返済実行: SELL 4582 x100 @ 181.0 (limit, 指値: 179, 理由: signal)
13:29:23 [INFO] <<< MONITORING モードへ復帰 | P&L: +0円
13:29:53 [INFO] [売りシグナル検知] 268A | OBI: 0.000 (閾値: 0.052) | MicroPrice: 1805.5
13:29:53 [INFO] 発注実行: SELL 268A x100 @ 1805.0 (limit, 指値: 1786)
13:29:54 [ERROR] 発注失敗: 500 {'Code': 21, 'Message': '可能額が不足しております。ご注文内容をご確認ください'}
13:29:54 [INFO] [売りシグナル検知] 268A | OBI: 0.000 (閾値: 0.092) | MicroPrice: 1805.5
13:29:54 [INFO] 発注実行: SELL 268A x100 @ 1805.0 (limit, 指値: 1786)
13:29:55 [ERROR] 発注失敗: 500 {'Code': 21, 'Message': '可能額が不足しております。ご注文内容をご確認ください'}
13:29:58 [INFO] [売りシグナル検知] 268A | OBI: -0.167 (閾値: 0.014) | MicroPrice: 1805.4
13:29:58 [INFO] 発注実行: SELL 268A x100 @ 1805.0 (limit, 指値: 1786)
13:29:59 [ERROR] 発注失敗: 500 {'Code': 21, 'Message': '可能額が不足しております。ご注文内容をご確認ください'}
13:29:59 [INFO] [売りシグナル検知] 268A | OBI: -0.857 (閾値: -0.210) | MicroPrice: 1805.1
13:29:59 [INFO] 発注実行: SELL 268A x100 @ 1805.0 (limit, 指値: 1786)
13:30:00 [ERROR] 発注失敗: 500 {'Code': 21, 'Message': '可能額が不足しております。ご注文内容をご確認ください'}
13:30:00 [INFO] [売りシグナル検知] 4005 | OBI: -0.846 (閾値: -0.789) | MicroPrice: 570.8
13:30:00 [INFO] 発注実行: SELL 4005 x100 @ 570.8 (limit, 指値: 565)
13:30:01 [ERROR] 発注失敗: 500 {'Code': 21, 'Message': '可能額が不足しております。ご注文内容をご確認ください'}
13:30:01 [INFO] [売りシグナル検知] 268A | OBI: -0.846 (閾値: -0.381) | MicroPrice: 1805.1
13:30:01 [INFO] 発注実行: SELL 268A x100 @ 1805.0 (limit, 指値: 1786)
13:30:01 [ERROR] 発注失敗: 500 {'Code': 21, 'Message': '可能額が不足しております。ご注文内容をご確認ください'}
13:30:01 [INFO] [売りシグナル検知] 268A | OBI: -0.846 (閾値: -0.526) | MicroPrice: 1805.1
13:30:01 [INFO] 発注実行: SELL 268A x100 @ 1805.0 (limit, 指値: 1786)
13:30:02 [ERROR] 発注失敗: 500 {'Code': 21, 'Message': '可能額が不足しております。ご注文内容をご確認ください'}
13:30:07 [INFO] [売りシグナル検知] 9501 | OBI: -0.902 (閾値: -0.183) | MicroPrice: 700.9
13:30:07 [INFO] 発注実行: SELL 9501 x100 @ 701.0 (limit, 指値: 693)
13:30:08 [ERROR] 発注失敗: 500 {'Code': 21, 'Message': '可能額が不足しております。ご注文内容をご確認ください'}
13:30:08 [INFO] [売りシグナル検知] 9501 | OBI: -0.902 (閾値: -0.370) | MicroPrice: 700.9
13:30:08 [INFO] 発注実行: SELL 9501 x100 @ 700.9 (limit, 指値: 693)
13:30:09 [ERROR] 発注失敗: 500 {'Code': 21, 'Message': '可能額が不足しております。ご注文内容をご確認ください'}
13:30:09 [INFO] [売りシグナル検知] 9501 | OBI: -0.902 (閾値: -0.524) | MicroPrice: 700.9
13:30:09 [INFO] 発注実行: SELL 9501 x100 @ 700.9 (limit, 指値: 693)
13:30:10 [ERROR] 発注失敗: 500 {'Code': 21, 'Message': '可能額が不足しております。ご注文内容をご確認ください'}
13:30:14 [INFO] [売りシグナル検知] 6378 | OBI: -0.750 (閾値: -0.743) | MicroPrice: 1530.4
13:30:14 [INFO] 発注実行: SELL 6378 x100 @ 1530.0 (limit, 指値: 1514)
13:30:15 [ERROR] 発注失敗: 500 {'Code': 21, 'Message': '可能額が不足しております。ご注文内容をご確認ください'}
13:30:17 [INFO] [売りシグナル検知] 9501 | OBI: -0.875 (閾値: -0.796) | MicroPrice: 700.4
13:30:17 [INFO] 発注実行: SELL 9501 x100 @ 700.5 (limit, 指値: 693)
13:30:18 [ERROR] 発注失敗: 500 {'Code': 21, 'Message': '可能額が不足しております。ご注文内容をご確認ください'}
13:30:41 [INFO] [買いシグナル検知] 3103 | OBI: 0.903 (閾値: 0.808) | MicroPrice: 1231.0
13:30:41 [INFO] 発注実行: BUY 3103 x100 @ 1231.0 (limit, 指値: 1244)
13:30:42 [ERROR] 発注失敗: 500 {'Code': 21, 'Message': '可能額が不足しております。ご注文内容をご確認ください'}
13:30:43 [INFO] [買いシグナル検知] 3103 | OBI: 0.983 (閾値: 0.877) | MicroPrice: 1231.0
13:30:43 [INFO] 発注実行: BUY 3103 x100 @ 1231.0 (limit, 指値: 1244)
13:30:44 [ERROR] 発注失敗: 500 {'Code': 21, 'Message': '可能額が不足しております。ご注文内容をご確認ください'}
13:30:44 [INFO] [買いシグナル検知] 3103 | OBI: 0.967 (閾値: 0.908) | MicroPrice: 1231.0
13:30:44 [INFO] 発注実行: BUY 3103 x100 @ 1231.0 (limit, 指値: 1244)
13:30:45 [ERROR] 発注失敗: 500 {'Code': 21, 'Message': '可能額が不足しております。ご注文内容をご確認ください'}
13:30:45 [INFO] [買いシグナル検知] 3103 | OBI: 0.967 (閾値: 0.936) | MicroPrice: 1231.0
13:30:45 [INFO] 発注実行: BUY 3103 x100 @ 1230.0 (limit, 指値: 1243)
13:30:46 [ERROR] 発注失敗: 500 {'Code': 21, 'Message': '可能額が不足しております。ご注文内容をご確認ください'}
13:31:01 [ERROR] Tick処理エラー: received 1005 (no status received [internal]); then sent 1005 (no status received [internal])
13:31:01 [ERROR] Tick処理エラー: received 1005 (no status received [internal]); then sent 1005 (no status received [internal])
13:31:01 [ERROR] Tick処理エラー: received 1005 (no status received [internal]); then sent 1005 (no status received [internal])
13:31:01 [ERROR] Tick処理エラー: received 1005 (no status received [internal]); then sent 1005 (no status received [internal])
13:31:01 [ERROR] Tick処理エラー: received 1005 (no status received [internal]); then sent 1005 (no status received [internal])
13:31:01 [ERROR] Tick処理エラー: received 1005 (no status received [internal]); then sent 1005 (no status received [internal])
13:31:01 [ERROR] Tick処理エラー: received 1005 (no status received [internal]); then sent 1005 (no status received [internal])
13:31:01 [ERROR] Tick処理エラー: received 1005 (no status received [internal]); then sent 1005 (no status received [internal])
13:31:01 [ERROR] Tick処理エラー: received 1005 (no status received [internal]); then sent 1005 (no status received [internal])
13:31:02 [ERROR] Tick処理エラー: received 1005 (no status received [internal]); then sent 1005 (no status received [internal])
13:31:02 [ERROR] Tick処理エラー: received 1005 (no status received [internal]); then sent 1005 (no status received [internal])
13:31:02 [ERROR] Tick処理エラー: received 1005 (no status received [internal]); then sent 1005 (no status received [internal])
13:31:02 [ERROR] Tick処理エラー: received 1005 (no status received [internal]); then sent 1005 (no status received [internal])
13:31:02 [ERROR] Tick処理エラー: received 1005 (no status received [internal]); then sent 1005 (no status received [internal])
13:31:02 [ERROR] Tick処理エラー: received 1005 (no status received [internal]); then sent 1005 (no status received [internal])
13:31:02 [ERROR] Tick処理エラー: received 1005 (no status received [internal]); then sent 1005 (no status received [internal])
13:31:02 [ERROR] Tick処理エラー: received 1005 (no status received [internal]); then sent 1005 (no status received [internal])
13:31:02 [ERROR] Tick処理エラー: received 1005 (no status received [internal]); then sent 1005 (no status received [internal])
13:31:03 [ERROR] Tick処理エラー: received 1005 (no status received [internal]); then sent 1005 (no status received [internal])
13:31:03 [ERROR] Tick処理エラー: received 1005 (no status received [internal]); then sent 1005 (no status received [internal])
13:31:03 [ERROR] Tick処理エラー: received 1005 (no status received [internal]); then sent 1005 (no status received [internal])
13:31:03 [ERROR] Tick処理エラー: received 1005 (no status received [internal]); then sent 1005 (no status received [internal])
13:31:03 [ERROR] Tick処理エラー: received 1005 (no status received [internal]); then sent 1005 (no status received [internal])
13:31:03 [ERROR] Tick処理エラー: received 1005 (no status received [internal]); then sent 1005 (no status received [internal])
13:31:03 [ERROR] Tick処理エラー: received 1005 (no status received [internal]); then sent 1005 (no status received [internal])
13:31:03 [ERROR] Tick処理エラー: received 1005 (no status received [internal]); then sent 1005 (no status received [internal])
13:31:03 [ERROR] Tick処理エラー: received 1005 (no status received [internal]); then sent 1005 (no status received [internal])
13:31:04 [ERROR] Tick処理エラー: received 1005 (no status received [internal]); then sent 1005 (no status received [internal])
13:31:04 [ERROR] Tick処理エラー: received 1005 (no status received [internal]); then sent 1005 (no status received [internal])
13:31:04 [ERROR] Tick処理エラー: received 1005 (no status received [internal]); then sent 1005 (no status received [internal])
13:31:04 [ERROR] Tick処理エラー: received 1005 (no status received [internal]); then sent 1005 (no status received [internal])
13:31:04 [ERROR] Tick処理エラー: received 1005 (no status received [internal]); then sent 1005 (no status received [internal])
13:31:04 [ERROR] Tick処理エラー: received 1005 (no status received [internal]); then sent 1005 (no status received [internal])
13:31:04 [ERROR] Tick処理エラー: received 1005 (no status received [internal]); then sent 1005 (no status received [internal])
13:31:04 [ERROR] Tick処理エラー: received 1005 (no status received [internal]); then sent 1005 (no status received [internal])
13:31:04 [ERROR] Tick処理エラー: received 1005 (no status received [internal]); then sent 1005 (no status received [internal])
13:31:05 [ERROR] Tick処理エラー: received 1005 (no status received [internal]); then sent 1005 (no status received [internal])
13:31:05 [ERROR] Tick処理エラー: received 1005 (no status received [internal]); then sent 1005 (no status received [internal])
13:31:05 [ERROR] Tick処理エラー: received 1005 (no status received [internal]); then sent 1005 (no status received [internal])
13:31:05 [ERROR] Tick処理エラー: received 1005 (no status received [internal]); then sent 1005 (no status received [internal])
13:31:05 [ERROR] Tick処理エラー: received 1005 (no status received [internal]); then sent 1005 (no status received [internal])
13:31:05 [ERROR] Tick処理エラー: received 1005 (no status received [internal]); then sent 1005 (no status received [internal])
13:31:05 [ERROR] Tick処理エラー: received 1005 (no status received [internal]); then sent 1005 (no status received [internal])
13:31:05 [ERROR] Tick処理エラー: received 1005 (no status received [internal]); then sent 1005 (no status received [internal])
13:31:05 [ERROR] Tick処理エラー: received 1005 (no status received [internal]); then sent 1005 (no status received [internal])
13:31:06 [ERROR] Tick処理エラー: received 1005 (no status received [internal]); then sent 1005 (no status received [internal])
13:31:06 [ERROR] Tick処理エラー: received 1005 (no status received [internal]); then sent 1005 (no status received [internal])
13:31:06 [ERROR] Tick処理エラー: received 1005 (no status received [internal]); then sent 1005 (no status received [internal])
13:31:06 [ERROR] Tick処理エラー: received 1005 (no status received [internal]); then sent 1005 (no status received [internal])
13:31:06 [ERROR] Tick処理エラー: received 1005 (no status received [internal]); then sent 1005 (no status received [internal])
13:31:06 [ERROR] Tick処理エラー: received 1005 (no status received [internal]); then sent 1005 (no status received [internal])
13:31:06 [ERROR] Tick処理エラー: received 1005 (no status received [internal]); then sent 1005 (no status received [internal])
13:31:06 [ERROR] Tick処理エラー: received 1005 (no status received [internal]); then sent 1005 (no status received [internal])
13:31:06 [ERROR] Tick処理エラー: received 1005 (no status received [internal]); then sent 1005 (no status received [internal])
13:31:07 [ERROR] Tick処理エラー: received 1005 (no status received [internal]); then sent 1005 (no status received [internal])
13:31:07 [ERROR] Tick処理エラー: received 1005 (no status received [internal]); then sent 1005 (no status received [internal])
13:31:07 [ERROR] Tick処理エラー: received 1005 (no status received [internal]); then sent 1005 (no status received [internal])
13:31:07 [ERROR] Tick処理エラー: received 1005 (no status received [internal]); then sent 1005 (no status received [internal])
13:31:07 [ERROR] Tick処理エラー: received 1005 (no status received [internal]); then sent 1005 (no status received [internal])
13:31:07 [ERROR] Tick処理エラー: received 1005 (no status received [internal]); then sent 1005 (no status received [internal])
13:31:07 [ERROR] Tick処理エラー: received 1005 (no status received [internal]); then sent 1005 (no status received [internal])
13:31:07 [ERROR] Tick処理エラー: received 1005 (no status received [internal]); then sent 1005 (no status received [internal])
13:31:07 [ERROR] Tick処理エラー: received 1005 (no status received [internal]); then sent 1005 (no status received [internal])
13:31:08 [ERROR] Tick処理エラー: received 1005 (no status received [internal]); then sent 1005 (no status received [internal])
13:31:08 [ERROR] Tick処理エラー: received 1005 (no status received [internal]); then sent 1005 (no status received [internal])
13:31:08 [ERROR] Tick処理エラー: received 1005 (no status received [internal]); then sent 1005 (no status received [internal])
13:31:08 [ERROR] Tick処理エラー: received 1005 (no status received [internal]); then sent 1005 (no status received [internal])
13:31:08 [ERROR] Tick処理エラー: received 1005 (no status received [internal]); then sent 1005 (no status received [internal])
13:31:08 [ERROR] Tick処理エラー: received 1005 (no status received [internal]); then sent 1005 (no status received [internal])
13:31:08 [ERROR] Tick処理エラー: received 1005 (no status received [internal]); then sent 1005 (no status received [internal])
13:31:08 [ERROR] Tick処理エラー: received 1005 (no status received [internal]); then sent 1005 (no status received [internal])
13:31:08 [ERROR] Tick処理エラー: received 1005 (no status received [internal]); then sent 1005 (no status received [internal])
13:31:09 [ERROR] Tick処理エラー: received 1005 (no status received [internal]); then sent 1005 (no status received [internal])
13:31:09 [ERROR] Tick処理エラー: received 1005 (no status received [internal]); then sent 1005 (no status received [internal])
13:31:09 [ERROR] Tick処理エラー: received 1005 (no status received [internal]); then sent 1005 (no status received [internal])
13:31:09 [ERROR] Tick処理エラー: received 1005 (no status received [internal]); then sent 1005 (no status received [internal])
13:31:09 [ERROR] Tick処理エラー: received 1005 (no status received [internal]); then sent 1005 (no status received [internal])
13:31:09 [ERROR] Tick処理エラー: received 1005 (no status received [internal]); then sent 1005 (no status received [internal])
13:31:09 [ERROR] Tick処理エラー: received 1005 (no status received [internal]); then sent 1005 (no status received [internal])
13:31:09 [ERROR] Tick処理エラー: received 1005 (no status received [internal]); then sent 1005 (no status received [internal])
13:31:09 [ERROR] Tick処理エラー: received 1005 (no status received [internal]); then sent 1005 (no status received [internal])
13:31:10 [ERROR] Tick処理エラー: received 1005 (no status received [internal]); then sent 1005 (no status received [internal])
13:31:10 [ERROR] Tick処理エラー: received 1005 (no status received [internal]); then sent 1005 (no status received [internal])
13:31:10 [ERROR] Tick処理エラー: received 1005 (no status received [internal]); then sent 1005 (no status received [internal])
13:31:10 [ERROR] Tick処理エラー: received 1005 (no status received [internal]); then sent 1005 (no status received [internal])
13:31:10 [ERROR] Tick処理エラー: received 1005 (no status received [internal]); then sent 1005 (no status received [internal])
13:31:10 [ERROR] Tick処理エラー: received 1005 (no status received [internal]); then sent 1005 (no status received [internal])
13:31:10 [ERROR] Tick処理エラー: received 1005 (no status received [internal]); then sent 1005 (no status received [internal])
13:31:10 [ERROR] Tick処理エラー: received 1005 (no status received [internal]); then sent 1005 (no status received [internal])
13:31:10 [ERROR] Tick処理エラー: received 1005 (no status received [internal]); then sent 1005 (no status received [internal])
13:31:11 [ERROR] Tick処理エラー: received 1005 (no status received [internal]); then sent 1005 (no status received [internal])
13:31:11 [ERROR] Tick処理エラー: received 1005 (no status received [internal]); then sent 1005 (no status received [internal])
13:31:11 [ERROR] Tick処理エラー: received 1005 (no status received [internal]); then sent 1005 (no status received [internal])
13:31:11 [ERROR] Tick処理エラー: received 1005 (no status received [internal]); then sent 1005 (no status received [internal])
13:31:11 [ERROR] Tick処理エラー: received 1005 (no status received [internal]); then sent 1005 (no status received [internal])
13:31:11 [ERROR] Tick処理エラー: received 1005 (no status received [internal]); then sent 1005 (no status received [internal])
13:31:11 [ERROR] Tick処理エラー: received 1005 (no status received [internal]); then sent 1005 (no status received [internal])
13:31:11 [ERROR] Tick処理エラー: received 1005 (no status received [internal]); then sent 1005 (no status received [internal])
13:31:11 [ERROR] Tick処理エラー: received 1005 (no status received [internal]); then sent 1005 (no status received [internal])
13:31:12 [ERROR] Tick処理エラー: received 1005 (no status received [internal]); then sent 1005 (no status received [internal])
13:31:12 [ERROR] Tick処理エラー: received 1005 (no status received [internal]); then sent 1005 (no status received [internal])
13:31:12 [ERROR] Tick処理エラー: received 1005 (no status received [internal]); then sent 1005 (no status received [internal])
13:31:12 [ERROR] Tick処理エラー: received 1005 (no status received [internal]); then sent 1005 (no status received [internal])
13:31:12 [ERROR] Tick処理エラー: received 1005 (no status received [internal]); then sent 1005 (no status received [internal])
13:31:12 [ERROR] Tick処理エラー: received 1005 (no status received [internal]); then sent 1005 (no status received [internal])
13:31:12 [ERROR] Tick処理エラー: received 1005 (no status received [internal]); then sent 1005 (no status received [internal])
13:31:12 [ERROR] Tick処理エラー: received 1005 (no status received [internal]); then sent 1005 (no status received [internal])
13:31:12 [ERROR] Tick処理エラー: received 1005 (no status received [internal]); then sent 1005 (no status received [internal])
13:31:13 [ERROR] Tick処理エラー: received 1005 (no status received [internal]); then sent 1005 (no status received [internal])
13:31:13 [ERROR] Tick処理エラー: received 1005 (no status received [internal]); then sent 1005 (no status received [internal])
13:31:13 [ERROR] Tick処理エラー: received 1005 (no status received [internal]); then sent 1005 (no status received [internal])
13:31:13 [ERROR] Tick処理エラー: received 1005 (no status received [internal]); then sent 1005 (no status received [internal])
13:31:13 [ERROR] Tick処理エラー: received 1005 (no status received [internal]); then sent 1005 (no status received [internal])
13:31:13 [ERROR] Tick処理エラー: received 1005 (no status received [internal]); then sent 1005 (no status received [internal])
13:31:13 [ERROR] Tick処理エラー: received 1005 (no status received [internal]); then sent 1005 (no status received [internal])
13:31:13 [ERROR] Tick処理エラー: received 1005 (no status received [internal]); then sent 1005 (no status received [internal])
13:31:13 [ERROR] Tick処理エラー: received 1005 (no status received [internal]); then sent 1005 (no status received [internal])
13:31:14 [ERROR] Tick処理エラー: received 1005 (no status received [internal]); then sent 1005 (no status received [internal])
13:31:14 [ERROR] Tick処理エラー: received 1005 (no status received [internal]); then sent 1005 (no status received [internal])
13:31:14 [ERROR] Tick処理エラー: received 1005 (no status received [internal]); then sent 1005 (no status received [internal])
13:31:14 [ERROR] Tick処理エラー: received 1005 (no status received [internal]); then sent 1005 (no status received [internal])
13:31:14 [ERROR] Tick処理エラー: received 1005 (no status received [internal]); then sent 1005 (no status received [internal])
13:31:14 [ERROR] Tick処理エラー: received 1005 (no status received [internal]); then sent 1005 (no status received [internal])
13:31:14 [ERROR] Tick処理エラー: received 1005 (no status received [internal]); then sent 1005 (no status received [internal])
13:31:14 [ERROR] Tick処理エラー: received 1005 (no status received [internal]); then sent 1005 (no status received [internal])
13:31:14 [ERROR] Tick処理エラー: received 1005 (no status received [internal]); then sent 1005 (no status received [internal])
13:31:15 [ERROR] Tick処理エラー: received 1005 (no status received [internal]); then sent 1005 (no status received [internal])
13:31:15 [ERROR] Tick処理エラー: received 1005 (no status received [internal]); then sent 1005 (no status received [internal])
13:31:15 [ERROR] Tick処理エラー: received 1005 (no status received [internal]); then sent 1005 (no status received [internal])
13:31:15 [ERROR] Tick処理エラー: received 1005 (no status received [internal]); then sent 1005 (no status received [internal])
13:31:15 [ERROR] Tick処理エラー: received 1005 (no status received [internal]); then sent 1005 (no status received [internal])
13:31:15 [ERROR] Tick処理エラー: received 1005 (no status received [internal]); then sent 1005 (no status received [internal])
13:31:15 [ERROR] Tick処理エラー: received 1005 (no status received [internal]); then sent 1005 (no status received [internal])
13:31:15 [ERROR] Tick処理エラー: received 1005 (no status received [internal]); then sent 1005 (no status received [internal])
13:31:15 [ERROR] Tick処理エラー: received 1005 (no status received [internal]); then sent 1005 (no status received [internal])
13:31:16 [ERROR] Tick処理エラー: received 1005 (no status received [internal]); then sent 1005 (no status received [internal])
13:31:16 [ERROR] Tick処理エラー: received 1005 (no status received [internal]); then sent 1005 (no status received [internal])
13:31:16 [ERROR] Tick処理エラー: received 1005 (no status received [internal]); then sent 1005 (no status received [internal])
13:31:16 [ERROR] Tick処理エラー: received 1005 (no status received [internal]); then sent 1005 (no status received [internal])
13:31:16 [ERROR] Tick処理エラー: received 1005 (no status received [internal]); then sent 1005 (no status received [internal])
13:31:16 [ERROR] Tick処理エラー: received 1005 (no status received [internal]); then sent 1005 (no status received [internal])
13:31:16 [ERROR] Tick処理エラー: received 1005 (no status received [internal]); then sent 1005 (no status received [internal])
13:31:16 [ERROR] Tick処理エラー: received 1005 (no status received [internal]); then sent 1005 (no status received [internal])
13:31:17 [ERROR] Tick処理エラー: received 1005 (no status received [internal]); then sent 1005 (no status received [internal])
13:31:17 [ERROR] Tick処理エラー: received 1005 (no status received [internal]); then sent 1005 (no status received [internal])
13:31:17 [ERROR] Tick処理エラー: received 1005 (no status received [internal]); then sent 1005 (no status received [internal])
13:31:17 [ERROR] Tick処理エラー: received 1005 (no status received [internal]); then sent 1005 (no status received [internal])
13:31:17 [ERROR] Tick処理エラー: received 1005 (no status received [internal]); then sent 1005 (no status received [internal])
13:31:17 [ERROR] Tick処理エラー: received 1005 (no status received [internal]); then sent 1005 (no status received [internal])
13:31:17 [ERROR] Tick処理エラー: received 1005 (no status received [internal]); then sent 1005 (no status received [internal])
13:31:17 [ERROR] Tick処理エラー: received 1005 (no status received [internal]); then sent 1005 (no status received [internal])
13:31:17 [ERROR] Tick処理エラー: received 1005 (no status received [internal]); then sent 1005 (no status received [internal])
13:31:18 [ERROR] Tick処理エラー: received 1005 (no status received [internal]); then sent 1005 (no status received [internal])
13:31:18 [ERROR] Tick処理エラー: received 1005 (no status received [internal]); then sent 1005 (no status received [internal])
13:31:18 [ERROR] Tick処理エラー: received 1005 (no status received [internal]); then sent 1005 (no status received [internal])
13:31:18 [ERROR] Tick処理エラー: received 1005 (no status received [internal]); then sent 1005 (no status received [internal])
13:31:18 [ERROR] Tick処理エラー: received 1005 (no status received [internal]); then sent 1005 (no status received [internal])
13:31:18 [ERROR] Tick処理エラー: received 1005 (no status received [internal]); then sent 1005 (no status received [internal])
13:31:18 [ERROR] Tick処理エラー: received 1005 (no status received [internal]); then sent 1005 (no status received [internal])
13:31:18 [ERROR] Tick処理エラー: received 1005 (no status received [internal]); then sent 1005 (no status received [internal])
13:31:18 [ERROR] Tick処理エラー: received 1005 (no status received [internal]); then sent 1005 (no status received [internal])
13:31:19 [ERROR] Tick処理エラー: received 1005 (no status received [internal]); then sent 1005 (no status received [internal])
13:31:19 [ERROR] Tick処理エラー: received 1005 (no status received [internal]); then sent 1005 (no status received [internal])
13:31:19 [ERROR] Tick処理エラー: received 1005 (no status received [internal]); then sent 1005 (no status received [internal])
13:31:19 [ERROR] Tick処理エラー: received 1005 (no status received [internal]); then sent 1005 (no status received [internal])
13:31:19 [ERROR] Tick処理エラー: received 1005 (no status received [internal]); then sent 1005 (no status received [internal])
13:31:19 [ERROR] Tick処理エラー: received 1005 (no status received [internal]); then sent 1005 (no status received [internal])
13:31:19 [ERROR] Tick処理エラー: received 1005 (no status received [internal]); then sent 1005 (no status received [internal])
13:31:19 [ERROR] Tick処理エラー: received 1005 (no status received [internal]); then sent 1005 (no status received [internal])
13:31:19 [ERROR] Tick処理エラー: received 1005 (no status received [internal]); then sent 1005 (no status received [internal])
13:31:20 [ERROR] Tick処理エラー: received 1005 (no status received [internal]); then sent 1005 (no status received [internal])
13:31:20 [ERROR] Tick処理エラー: received 1005 (no status received [internal]); then sent 1005 (no status received [internal])
13:31:20 [ERROR] Tick処理エラー: received 1005 (no status received [internal]); then sent 1005 (no status received [internal])
13:31:20 [ERROR] Tick処理エラー: received 1005 (no status received [internal]); then sent 1005 (no status received [internal])
13:31:20 [ERROR] Tick処理エラー: received 1005 (no status received [internal]); then sent 1005 (no status received [internal])
13:31:20 [ERROR] Tick処理エラー: received 1005 (no status received [internal]); then sent 1005 (no status received [internal])
13:31:20 [ERROR] Tick処理エラー: received 1005 (no status received [internal]); then sent 1005 (no status received [internal])
13:31:20 [ERROR] Tick処理エラー: received 1005 (no status received [internal]); then sent 1005 (no status received [internal])
13:31:20 [ERROR] Tick処理エラー: received 1005 (no status received [internal]); then sent 1005 (no status received [internal])
13:31:21 [ERROR] Tick処理エラー: received 1005 (no status received [internal]); then sent 1005 (no status received [internal])
13:31:21 [ERROR] Tick処理エラー: received 1005 (no status received [internal]); then sent 1005 (no status received [internal])
13:31:21 [ERROR] Tick処理エラー: received 1005 (no status received [internal]); then sent 1005 (no status received [internal])
13:31:21 [ERROR] Tick処理エラー: received 1005 (no status received [internal]); then sent 1005 (no status received [internal])
13:31:21 [ERROR] Tick処理エラー: received 1005 (no status received [internal]); then sent 1005 (no status received [internal])
13:31:21 [ERROR] Tick処理エラー: received 1005 (no status received [internal]); then sent 1005 (no status received [internal])
13:31:21 [ERROR] Tick処理エラー: received 1005 (no status received [internal]); then sent 1005 (no status received [internal])
13:31:21 [ERROR] Tick処理エラー: received 1005 (no status received [internal]); then sent 1005 (no status received [internal])
13:31:21 [ERROR] Tick処理エラー: received 1005 (no status received [internal]); then sent 1005 (no status received [internal])
13:31:22 [ERROR] Tick処理エラー: received 1005 (no status received [internal]); then sent 1005 (no status received [internal])
13:31:22 [ERROR] Tick処理エラー: received 1005 (no status received [internal]); then sent 1005 (no status received [internal])
13:31:22 [ERROR] Tick処理エラー: received 1005 (no status received [internal]); then sent 1005 (no status received [internal])
13:31:22 [ERROR] Tick処理エラー: received 1005 (no status received [internal]); then sent 1005 (no status received [internal])
13:31:22 [ERROR] Tick処理エラー: received 1005 (no status received [internal]); then sent 1005 (no status received [internal])
13:31:22 [ERROR] Tick処理エラー: received 1005 (no status received [internal]); then sent 1005 (no status received [internal])
13:31:22 [ERROR] Tick処理エラー: received 1005 (no status received [internal]); then sent 1005 (no status received [internal])
13:31:22 [ERROR] Tick処理エラー: received 1005 (no status received [internal]); then sent 1005 (no status received [internal])
13:31:22 [ERROR] Tick処理エラー: received 1005 (no status received [internal]); then sent 1005 (no status received [internal])
13:31:22 [ERROR] Tick処理エラー: received 1005 (no status received [internal]); then sent 1005 (no status received [internal])
13:31:23 [ERROR] Tick処理エラー: received 1005 (no status received [internal]); then sent 1005 (no status received [internal])
13:31:23 [ERROR] Tick処理エラー: received 1005 (no status received [internal]); then sent 1005 (no status received [internal])
13:31:23 [ERROR] Tick処理エラー: received 1005 (no status received [internal]); then sent 1005 (no status received [internal])
13:31:23 [ERROR] Tick処理エラー: received 1005 (no status received [internal]); then sent 1005 (no status received [internal])
13:31:23 [ERROR] Tick処理エラー: received 1005 (no status received [internal]); then sent 1005 (no status received [internal])
13:31:23 [ERROR] Tick処理エラー: received 1005 (no status received [internal]); then sent 1005 (no status received [internal])
13:31:23 [ERROR] Tick処理エラー: received 1005 (no status received [internal]); then sent 1005 (no status received [internal])
13:31:23 [ERROR] Tick処理エラー: received 1005 (no status received [internal]); then sent 1005 (no status received [internal])
13:31:23 [ERROR] Tick処理エラー: received 1005 (no status received [internal]); then sent 1005 (no status received [internal])
13:31:24 [ERROR] Tick処理エラー: received 1005 (no status received [internal]); then sent 1005 (no status received [internal])
13:31:24 [ERROR] Tick処理エラー: received 1005 (no status received [internal]); then sent 1005 (no status received [internal])
13:31:24 [ERROR] Tick処理エラー: received 1005 (no status received [internal]); then sent 1005 (no status received [internal])
13:31:24 [ERROR] Tick処理エラー: received 1005 (no status received [internal]); then sent 1005 (no status received [internal])
13:31:24 [ERROR] Tick処理エラー: received 1005 (no status received [internal]); then sent 1005 (no status received [internal])
13:31:24 [ERROR] Tick処理エラー: received 1005 (no status received [internal]); then sent 1005 (no status received [internal])
13:31:24 [ERROR] Tick処理エラー: received 1005 (no status received [internal]); then sent 1005 (no status received [internal])
13:31:24 [ERROR] Tick処理エラー: received 1005 (no status received [internal]); then sent 1005 (no status received [internal])
13:31:24 [ERROR] Tick処理エラー: received 1005 (no status received [internal]); then sent 1005 (no status received [internal])
13:31:25 [ERROR] Tick処理エラー: received 1005 (no status received [internal]); then sent 1005 (no status received [internal])
13:31:25 [ERROR] Tick処理エラー: received 1005 (no status received [internal]); then sent 1005 (no status received [internal])
13:31:25 [ERROR] Tick処理エラー: received 1005 (no status received [internal]); then sent 1005 (no status received [internal])
13:31:25 [ERROR] Tick処理エラー: received 1005 (no status received [internal]); then sent 1005 (no status received [internal])
13:31:25 [ERROR] Tick処理エラー: received 1005 (no status received [internal]); then sent 1005 (no status received [internal])
13:31:25 [ERROR] Tick処理エラー: received 1005 (no status received [internal]); then sent 1005 (no status received [internal])
13:31:25 [ERROR] Tick処理エラー: received 1005 (no status received [internal]); then sent 1005 (no status received [internal])
13:31:25 [ERROR] Tick処理エラー: received 1005 (no status received [internal]); then sent 1005 (no status received [internal])
13:31:25 [ERROR] Tick処理エラー: received 1005 (no status received [internal]); then sent 1005 (no status received [internal])
13:31:26 [ERROR] Tick処理エラー: received 1005 (no status received [internal]); then sent 1005 (no status received [internal])
13:31:26 [ERROR] Tick処理エラー: received 1005 (no status received [internal]); then sent 1005 (no status received [internal])
13:31:26 [ERROR] Tick処理エラー: received 1005 (no status received [internal]); then sent 1005 (no status received [internal])
13:31:26 [ERROR] Tick処理エラー: received 1005 (no status received [internal]); then sent 1005 (no status received [internal])
13:31:26 [ERROR] Tick処理エラー: received 1005 (no status received [internal]); then sent 1005 (no status received [internal])
13:31:26 [ERROR] Tick処理エラー: received 1005 (no status received [internal]); then sent 1005 (no status received [internal])
13:31:26 [ERROR] Tick処理エラー: received 1005 (no status received [internal]); then sent 1005 (no status received [internal])
13:31:26 [ERROR] Tick処理エラー: received 1005 (no status received [internal]); then sent 1005 (no status received [internal])
13:31:26 [ERROR] Tick処理エラー: received 1005 (no status received [internal]); then sent 1005 (no status received [internal])
13:31:27 [ERROR] Tick処理エラー: received 1005 (no status received [internal]); then sent 1005 (no status received [internal])
13:31:27 [ERROR] Tick処理エラー: received 1005 (no status received [internal]); then sent 1005 (no status received [internal])
13:31:27 [ERROR] Tick処理エラー: received 1005 (no status received [internal]); then sent 1005 (no status received [internal])
13:31:27 [ERROR] Tick処理エラー: received 1005 (no status received [internal]); then sent 1005 (no status received [internal])
13:31:27 [ERROR] Tick処理エラー: received 1005 (no status received [internal]); then sent 1005 (no status received [internal])
13:31:27 [ERROR] Tick処理エラー: received 1005 (no status received [internal]); then sent 1005 (no status received [internal])
13:31:27 [ERROR] Tick処理エラー: received 1005 (no status received [internal]); then sent 1005 (no status received [internal])
13:31:27 [ERROR] Tick処理エラー: received 1005 (no status received [internal]); then sent 1005 (no status received [internal])
13:31:27 [ERROR] Tick処理エラー: received 1005 (no status received [internal]); then sent 1005 (no status received [internal])
13:31:28 [ERROR] Tick処理エラー: received 1005 (no status received [internal]); then sent 1005 (no status received [internal])
13:31:28 [INFO] システム終了要求
13:31:28 [ERROR] Tick処理エラー: received 1005 (no status received [internal]); then sent 1005 (no status received [internal])
